$MeshFormat
4.1 0 8
$EndMeshFormat
$PhysicalNames
3
2 2 "bc-top-disp"
2 3 "bc-base-disp"
3 1 "dogbone"
$EndPhysicalNames
$Entities
32 58 33 6
2 0 -0.0025 0 0 
3 0 0.0025 0 0 
8 0 -0.008 0 0 
10 0 0.008 0 0 
17 0.0005999999999999999 -0.0025 0 0 
20 0.0005999999999999999 0.0025 0 0 
21 -0.0005999999999999999 -0.0025 0 0 
22 -0.0005999999999999999 0.0025 0 0 
23 -0.001999999999999794 -0.0039 0 0 
24 -0.002 -0.008 0 0 
25 0.001999999999999751 -0.0039 0 0 
26 0.002 -0.008 0 0 
27 -0.001999999999999795 0.0039 0 0 
28 -0.002 0.008 0 0 
29 0.002 0.008 0 0 
30 0.002000000000000059 0.0039 0 0 
31 -0.0005999999999999999 -0.0025 0.0005999999999999999 0 
32 -0.0005999999999999999 0.0025 0.0005999999999999999 0 
33 0 0.0025 0.0005999999999999999 0 
34 0 -0.0025 0.0005999999999999999 0 
35 0.0005999999999999999 0.0025 0.0005999999999999999 0 
36 0.0005999999999999999 -0.0025 0.0005999999999999999 0 
37 -0.001999999999999794 -0.0039 0.0005999999999999999 0 
38 -0.002 -0.008 0.0005999999999999999 0 
39 0 -0.008 0.0005999999999999999 0 
40 0.001999999999999751 -0.0039 0.0005999999999999999 0 
41 0.002 -0.008 0.0005999999999999999 0 
42 -0.001999999999999795 0.0039 0.0005999999999999999 0 
43 -0.002 0.008 0.0005999999999999999 0 
44 0 0.008 0.0005999999999999999 0 
45 0.002 0.008 0.0005999999999999999 0 
46 0.002000000000000059 0.0039 0.0005999999999999999 0 
2 -1.000000000002168e-07 -0.0025001 -1.000000000002168e-07 1.000000000002168e-07 0.0025001 1.000000000002168e-07 0 2 2 -3 
9 -1e-07 -0.0080001 -1e-07 1e-07 -0.002499900000000001 1e-07 0 2 8 -2 
13 -1.000000000004337e-07 0.0024999 -1.000000000004337e-07 1.000000000004337e-07 0.008000100000000001 1.000000000004337e-07 0 2 3 -10 
25 0.0005999 -0.0025001 -1e-07 0.0006000999999999999 0.0025001 1e-07 0 2 20 -17 
26 -0.0006000999999999998 -0.0025001 -1e-07 -0.0005998999999999999 0.0025001 1e-07 0 2 21 -22 
27 -0.0006000999999999999 0.0024999 -1.000000000001084e-07 1.000000000001109e-07 0.0025001 1.000000000001084e-07 0 2 3 -22 
28 -0.0006001000000000002 -0.0025001 -1.000000000004337e-07 1.000000000004361e-07 -0.0024999 1.000000000004337e-07 0 2 21 -2 
29 -1.000000000000024e-07 0.0024999 -1e-07 0.0006000999999999998 0.0025001 1e-07 0 2 20 -3 
30 -1.000000000004361e-07 -0.0025001 -1.00000000000447e-07 0.0006001000000000004 -0.0024999 1.00000000000447e-07 0 2 2 -17 
31 -0.0020001 -0.0080001 -1e-07 -0.0019999 -0.0038999 1e-07 0 2 23 -24 
32 -0.002000099999999795 -0.0039001 -1e-07 -0.0005999000000000001 -0.002499900000000001 1e-07 0 2 23 -21 
33 -0.0020001 -0.0080001 -1e-07 1.000000000000566e-07 -0.007999900000000001 1e-07 0 2 24 -8 
34 0.0005999000000000001 -0.0039001 -1e-07 0.002000099999999751 -0.0024999 1e-07 0 2 17 -25 
35 0.0019999 -0.0080001 -1e-07 0.0020001 -0.0038999 1e-07 0 2 26 -25 
36 -1.000000000000566e-07 -0.0080001 -1e-07 0.0020001 -0.007999900000000001 1e-07 0 2 8 -26 
37 -0.002000099999999795 0.0024999 -1e-07 -0.0005999000000000001 0.0039001 1e-07 0 2 22 -27 
38 -0.0020001 0.0038999 -1e-07 -0.0019999 0.0080001 1e-07 0 2 28 -27 
39 -0.0020001 0.007999900000000001 -1e-07 1.000000000000566e-07 0.0080001 1e-07 0 2 10 -28 
40 -1.000000000000566e-07 0.007999900000000001 -1e-07 0.0020001 0.0080001 1e-07 0 2 29 -10 
41 0.0019999 0.0038999 -1e-07 0.0020001 0.0080001 1e-07 0 2 30 -29 
42 0.0005999000000000001 0.0024999 -1e-07 0.002000100000000059 0.0039001 1e-07 0 2 30 -20 
43 -0.0006001000000000004 -0.002500100000000001 -1.000000000005445e-07 -0.0005998999999999995 -0.002499899999999999 0.0006001000000000004 0 2 21 -31 
44 -0.0006001000000000001 0.0024999 -1.000000000002193e-07 -0.0005998999999999998 0.0025001 0.0006001000000000001 0 2 22 -32 
45 -0.0006000999999999998 -0.0025001 0.0005999 -0.0005998999999999999 0.0025001 0.0006000999999999999 0 2 31 -32 
46 -1.000000000004337e-07 0.0024999 -1.000000000004361e-07 1.000000000004337e-07 0.0025001 0.0006001000000000003 0 2 3 -33 
47 -0.0006000999999999999 0.0024999 0.0005998999999999999 1.000000000001109e-07 0.0025001 0.0006001 0 2 33 -32 
48 -1.000000000008807e-07 -0.002500100000000001 -1.000000000008698e-07 1.000000000008807e-07 -0.002499899999999999 0.0006001000000000009 0 2 2 -34 
49 -1.000000000002168e-07 -0.0025001 0.0005998999999999998 1.000000000002168e-07 0.0025001 0.0006001000000000001 0 2 34 -33 
50 -0.0006001000000000002 -0.0025001 0.0005998999999999996 1.000000000004361e-07 -0.0024999 0.0006001000000000003 0 2 31 -34 
51 0.0005998999999999998 0.0024999 -1.000000000002193e-07 0.0006001000000000001 0.0025001 0.0006001000000000001 0 2 20 -35 
52 -1.000000000000024e-07 0.0024999 0.0005999 0.0006000999999999998 0.0025001 0.0006000999999999999 0 2 35 -33 
53 0.0005998999999999995 -0.0025001 -1.000000000004361e-07 0.0006001000000000004 -0.0024999 0.0006001000000000004 0 2 17 -36 
54 0.0005999 -0.0025001 0.0005999 0.0006000999999999999 0.0025001 0.0006000999999999999 0 2 35 -36 
55 -1.000000000004361e-07 -0.0025001 0.0005998999999999995 0.0006001000000000004 -0.0024999 0.0006001000000000004 0 2 34 -36 
56 -0.0020001 -0.003900100000000205 -1.000000002055672e-07 -0.001999899999999589 -0.003899899999999794 0.0006001000000002055 0 2 23 -37 
57 -0.0020001 -0.0080001 -1.000000000000024e-07 -0.0019999 -0.007999900000000001 0.0006000999999999999 0 2 24 -38 
58 -0.0020001 -0.0080001 0.0005999 -0.0019999 -0.0038999 0.0006000999999999999 0 2 37 -38 
59 -0.002000099999999795 -0.0039001 0.0005999 -0.0005999000000000001 -0.002499900000000001 0.0006000999999999999 0 2 37 -31 
60 -1e-07 -0.0080001 -1.000000000000024e-07 1e-07 -0.007999900000000001 0.0006000999999999999 0 2 8 -39 
61 -1e-07 -0.0080001 0.0005999 1e-07 -0.002499900000000001 0.0006000999999999999 0 2 39 -34 
62 -0.0020001 -0.0080001 0.0005999 1.000000000000566e-07 -0.007999900000000001 0.0006000999999999999 0 2 38 -39 
63 0.001999899999999501 -0.003900100000000249 -1.000000002493689e-07 0.0020001 -0.003899899999999751 0.0006001000000002493 0 2 25 -40 
64 0.0005999000000000001 -0.0039001 0.0005999 0.002000099999999751 -0.0024999 0.0006000999999999999 0 2 36 -40 
65 0.0019999 -0.0080001 -1.000000000000024e-07 0.0020001 -0.007999900000000001 0.0006000999999999999 0 2 26 -41 
66 0.0019999 -0.0080001 0.0005999 0.0020001 -0.0038999 0.0006000999999999999 0 2 41 -40 
67 -1.000000000000566e-07 -0.0080001 0.0005999 0.0020001 -0.007999900000000001 0.0006000999999999999 0 2 39 -41 
68 -0.0020001 0.003899899999999795 -1.000000002051335e-07 -0.00199989999999959 0.003900100000000205 0.000600100000000205 0 2 27 -42 
69 -0.002000099999999795 0.0024999 0.0005999 -0.0005999000000000001 0.0039001 0.0006000999999999999 0 2 32 -42 
70 -0.0020001 0.007999900000000001 -1.000000000000024e-07 -0.0019999 0.0080001 0.0006000999999999999 0 2 28 -43 
71 -0.0020001 0.0038999 0.0005999 -0.0019999 0.0080001 0.0006000999999999999 0 2 43 -42 
72 -1.000000000004337e-07 0.007999899999999999 -1.000000000004361e-07 1.000000000004337e-07 0.008000100000000001 0.0006001000000000003 0 2 10 -44 
73 -0.0020001 0.007999900000000001 0.0005999 1.000000000000566e-07 0.0080001 0.0006000999999999999 0 2 44 -43 
74 -1.000000000004337e-07 0.0024999 0.0005998999999999996 1.000000000004337e-07 0.008000100000000001 0.0006001000000000003 0 2 33 -44 
75 0.0019999 0.007999900000000001 -1.000000000000024e-07 0.0020001 0.0080001 0.0006000999999999999 0 2 29 -45 
76 -1.000000000000566e-07 0.007999900000000001 0.0005999 0.0020001 0.0080001 0.0006000999999999999 0 2 45 -44 
77 0.0019999 0.003899899999999941 -1.000000000591999e-07 0.002000100000000118 0.003900100000000059 0.0006001000000000591 0 2 30 -46 
78 0.0019999 0.0038999 0.0005999 0.0020001 0.0080001 0.0006000999999999999 0 2 46 -45 
79 0.0005999000000000001 0.0024999 0.0005999 0.002000100000000059 0.0039001 0.0006000999999999999 0 2 46 -35 
1 -0.0006001000000000002 -0.0025001 -1.000000000004337e-07 1.000000000004361e-07 0.0025001 1.000000000004337e-07 0 4 -26 28 2 27 
5 -1.000000000004361e-07 -0.0025001 -1.00000000000447e-07 0.0006001000000000004 0.0025001 1.00000000000447e-07 0 4 -2 30 -25 29 
9 -0.0020001 -0.008000100000000001 -1.000000000004337e-07 1.000000000004903e-07 -0.0024999 1.000000000004337e-07 0 5 31 33 9 -28 -32 
13 -1.000000000004903e-07 -0.008000100000000001 -1.00000000000447e-07 0.0020001 -0.0024999 1.00000000000447e-07 0 5 -9 36 35 -34 -30 
17 -0.0020001 0.0024999 -1.000000000004337e-07 1.000000000004903e-07 0.008000100000000001 1.000000000004337e-07 0 5 -27 13 39 38 -37 
21 -1.000000000004903e-07 0.0024999 -1.000000000004337e-07 0.002000100000000059 0.008000100000000001 1.000000000004337e-07 0 5 -29 -42 41 40 -13 
22 -0.0006001000000000004 -0.002500100000000001 -1.000000000005445e-07 -0.0005998999999999993 0.002500100000000001 0.0006001000000000004 0 4 43 45 -44 -26 
23 -0.0006001000000000003 0.0024999 -1.000000000004361e-07 1.000000000004361e-07 0.0025001 0.0006001000000000003 0 4 46 47 -44 -27 
24 -1.000000000008807e-07 -0.002500100000000001 -1.000000000008698e-07 1.000000000008807e-07 0.002500100000000001 0.0006001000000000009 0 4 48 49 -46 -2 
25 -0.0006001000000000009 -0.002500100000000001 -1.000000000008698e-07 1.000000000008698e-07 -0.002499899999999999 0.0006001000000000009 0 4 43 50 -48 -28 
26 -0.0006001000000000002 -0.0025001 0.0005998999999999996 1.000000000004361e-07 0.0025001 0.0006001000000000003 0 4 -45 50 49 47 
27 -1.000000000004361e-07 0.0024999 -1.000000000004361e-07 0.0006001000000000003 0.0025001 0.0006001000000000003 0 4 51 52 -46 -29 
28 0.0005998999999999995 -0.0025001 -1.000000000004361e-07 0.0006001000000000004 0.0025001 0.0006001000000000004 0 4 51 54 -53 -25 
29 -1.000000000008698e-07 -0.002500100000000001 -1.000000000008698e-07 0.0006001000000000009 -0.002499899999999999 0.0006001000000000009 0 4 48 55 -53 -30 
30 -1.000000000004361e-07 -0.0025001 0.0005998999999999995 0.0006001000000000004 0.0025001 0.0006001000000000004 0 4 -49 55 -54 52 
31 -0.002000100000000205 -0.008000100000000206 -1.000000002055672e-07 -0.001999899999999589 -0.003899899999999794 0.0006001000000002055 0 4 56 58 -57 -31 
32 -0.002000099999999795 -0.0039001 -1.000000000000024e-07 -0.0005999000000000001 -0.002499900000000001 0.0006000999999999999 0 4 56 59 -43 -32 
33 -1.000000000008807e-07 -0.008000100000000001 -1.000000000008698e-07 1.000000000008807e-07 -0.002499899999999999 0.0006001000000000009 0 4 60 61 -48 -9 
34 -0.0020001 -0.0080001 -1.000000000000024e-07 1.000000000000566e-07 -0.007999900000000001 0.0006000999999999999 1 3 4 57 62 -60 -33 
35 -0.0020001 -0.008000100000000001 0.0005998999999999996 1.000000000004903e-07 -0.0024999 0.0006001000000000003 0 5 58 62 61 -50 -59 
36 0.0005999000000000001 -0.0039001 -1.000000000000024e-07 0.002000099999999751 -0.0024999 0.0006000999999999999 0 4 53 64 -63 -34 
37 0.001999899999999501 -0.008000100000000249 -1.000000002493689e-07 0.002000100000000249 -0.003899899999999751 0.0006001000000002493 0 4 65 66 -63 -35 
38 -1.000000000000566e-07 -0.0080001 -1.000000000000024e-07 0.0020001 -0.007999900000000001 0.0006000999999999999 1 3 4 60 67 -65 -36 
39 -1.000000000004903e-07 -0.008000100000000001 0.0005998999999999995 0.0020001 -0.0024999 0.0006001000000000004 0 5 -61 67 66 -64 -55 
40 -0.002000099999999795 0.0024999 -1.000000000000024e-07 -0.0005999000000000001 0.0039001 0.0006000999999999999 0 4 44 69 -68 -37 
41 -0.002000100000000205 0.003899899999999795 -1.000000002051335e-07 -0.00199989999999959 0.008000100000000206 0.000600100000000205 0 4 70 71 -68 -38 
42 -0.0020001 0.007999899999999999 -1.000000000004361e-07 1.000000000004903e-07 0.008000100000000001 0.0006001000000000003 1 2 4 72 73 -70 -39 
43 -1.000000000004337e-07 0.0024999 -1.000000000004361e-07 1.000000000004337e-07 0.008000100000000001 0.0006001000000000003 0 4 46 74 -72 -13 
44 -0.0020001 0.0024999 0.0005998999999999996 1.000000000004903e-07 0.008000100000000001 0.0006001000000000003 0 5 -47 74 73 71 -69 
45 -1.000000000004903e-07 0.007999899999999999 -1.000000000004361e-07 0.0020001 0.008000100000000001 0.0006001000000000003 1 2 4 75 76 -72 -40 
46 0.001999899999999941 0.003899899999999941 -1.000000000591999e-07 0.002000100000000118 0.008000100000000059 0.0006001000000000591 0 4 77 78 -75 -41 
47 0.0005999000000000001 0.0024999 -1.000000000000024e-07 0.002000100000000059 0.0039001 0.0006000999999999999 0 4 77 79 -51 -42 
48 -1.000000000004903e-07 0.0024999 0.0005998999999999996 0.002000100000000059 0.008000100000000001 0.0006001000000000003 0 5 -52 -79 78 76 -74 
1 -0.0006001000000000009 -0.002500100000000001 -1.000000000008698e-07 1.000000000008698e-07 0.002500100000000001 0.0006001000000000009 1 1 6 22 -23 -24 -25 -1 26 
2 -1.000000000008698e-07 -0.002500100000000001 -1.000000000008698e-07 0.0006001000000000009 0.002500100000000001 0.0006001000000000009 1 1 6 24 -27 28 -29 -5 30 
3 -0.002000100000000205 -0.008000100000000206 -1.000000002055672e-07 1.000000002056214e-07 -0.002499899999999795 0.0006001000000002055 1 1 7 -31 32 25 -33 -34 -9 35 
4 -1.000000002494231e-07 -0.008000100000000249 -1.000000002493689e-07 0.002000100000000249 -0.002499899999999751 0.0006001000000002493 1 1 7 33 29 36 -37 -38 -13 39 
5 -0.002000100000000205 0.002499899999999795 -1.000000002051335e-07 1.000000002051877e-07 0.008000100000000206 0.000600100000000205 1 1 7 23 40 -41 -42 -43 -17 44 
6 -1.000000000592541e-07 0.002499899999999941 -1.000000000591999e-07 0.002000100000000118 0.008000100000000059 0.0006001000000000591 1 1 7 27 43 -45 -46 47 -21 48 
$EndEntities
$Nodes
129 5645 1 5645
0 2 0 1
1
0 -0.0025 0
0 3 0 1
2
0 0.0025 0
0 8 0 1
3
0 -0.008 0
0 10 0 1
4
0 0.008 0
0 17 0 1
5
0.0005999999999999999 -0.0025 0
0 20 0 1
6
0.0005999999999999999 0.0025 0
0 21 0 1
7
-0.0005999999999999999 -0.0025 0
0 22 0 1
8
-0.0005999999999999999 0.0025 0
0 23 0 1
9
-0.001999999999999794 -0.0039 0
0 24 0 1
10
-0.002 -0.008 0
0 25 0 1
11
0.001999999999999751 -0.0039 0
0 26 0 1
12
0.002 -0.008 0
0 27 0 1
13
-0.001999999999999795 0.0039 0
0 28 0 1
14
-0.002 0.008 0
0 29 0 1
15
0.002 0.008 0
0 30 0 1
16
0.002000000000000059 0.0039 0
0 31 0 1
17
-0.0005999999999999999 -0.0025 0.0005999999999999999
0 32 0 1
18
-0.0005999999999999999 0.0025 0.0005999999999999999
0 33 0 1
19
0 0.0025 0.0005999999999999999
0 34 0 1
20
0 -0.0025 0.0005999999999999999
0 35 0 1
21
0.0005999999999999999 0.0025 0.0005999999999999999
0 36 0 1
22
0.0005999999999999999 -0.0025 0.0005999999999999999
0 37 0 1
23
-0.001999999999999794 -0.0039 0.0005999999999999999
0 38 0 1
24
-0.002 -0.008 0.0005999999999999999
0 39 0 1
25
0 -0.008 0.0005999999999999999
0 40 0 1
26
0.001999999999999751 -0.0039 0.0005999999999999999
0 41 0 1
27
0.002 -0.008 0.0005999999999999999
0 42 0 1
28
-0.001999999999999795 0.0039 0.0005999999999999999
0 43 0 1
29
-0.002 0.008 0.0005999999999999999
0 44 0 1
30
0 0.008 0.0005999999999999999
0 45 0 1
31
0.002 0.008 0.0005999999999999999
0 46 0 1
32
0.002000000000000059 0.0039 0.0005999999999999999
1 2 0 19
33
34
35
36
37
38
39
40
41
42
43
44
45
46
47
48
49
50
51
0 -0.002 0
0 -0.0015 0
0 -0.001 0
0 -0.0005000000000000004 0
0 -4.336808689942018e-19 0
0 0.0005 0
0 0.001 0
0 0.0015 0
0 0.002 0
0 -0.00225 0
0 -0.00175 0
0 -0.00125 0
0 -0.0007500000000000004 0
0 -0.0002500000000000002 0
0 0.0002499999999999998 0
0 0.0007500000000000002 0
0 0.00125 0
0 0.00175 0
0 0.002250000000000001 0
1 9 0 21
52
53
54
55
56
57
58
59
60
61
62
63
64
65
66
67
68
69
70
71
72
0 -0.0075 0
0 -0.006999999999999998 0
0 -0.006499999999999996 0
0 -0.005999999999999995 0
0 -0.005499999999999994 0
0 -0.004999999999999992 0
0 -0.00449999999999999 0
0 -0.00399999999999999 0
0 -0.003499999999999993 0
0 -0.002999999999999997 0
0 -0.00775 0
0 -0.007249999999999999 0
0 -0.006749999999999997 0
0 -0.006249999999999996 0
0 -0.005749999999999995 0
0 -0.005249999999999993 0
0 -0.004749999999999991 0
0 -0.00424999999999999 0
0 -0.003749999999999991 0
0 -0.003249999999999994 0
0 -0.002749999999999998 0
1 13 0 21
73
74
75
76
77
78
79
80
81
82
83
84
85
86
87
88
89
90
91
92
93
0 0.003000000000000001 0
0 0.003500000000000002 0
0 0.004000000000000004 0
0 0.004500000000000005 0
0 0.005000000000000006 0
0 0.005500000000000008 0
0 0.00600000000000001 0
0 0.006500000000000011 0
0 0.007000000000000008 0
0 0.007500000000000003 0
0 0.002750000000000001 0
0 0.003250000000000002 0
0 0.003750000000000003 0
0 0.004250000000000005 0
0 0.004750000000000006 0
0 0.005250000000000007 0
0 0.005750000000000009 0
0 0.00625000000000001 0
0 0.006750000000000009 0
0 0.007250000000000006 0
0 0.007750000000000002 0
1 25 0 19
94
95
96
97
98
99
100
101
102
103
104
105
106
107
108
109
110
111
112
0.0005999999999999999 0.002 0
0.0005999999999999999 0.0015 0
0.0005999999999999999 0.001 0
0.0005999999999999999 0.0005000000000000004 0
0.0005999999999999999 4.336808689942018e-19 0
0.0005999999999999999 -0.0005 0
0.0005999999999999999 -0.001 0
0.0005999999999999999 -0.0015 0
0.0005999999999999999 -0.002 0
0.0005999999999999999 0.00225 0
0.0005999999999999999 0.00175 0
0.0005999999999999999 0.00125 0
0.0005999999999999999 0.0007500000000000004 0
0.0005999999999999999 0.0002500000000000002 0
0.0005999999999999999 -0.0002499999999999998 0
0.0005999999999999999 -0.0007500000000000002 0
0.0005999999999999999 -0.00125 0
0.0005999999999999999 -0.00175 0
0.0005999999999999999 -0.002250000000000001 0
1 26 0 19
113
114
115
116
117
118
119
120
121
122
123
124
125
126
127
128
129
130
131
-0.0005999999999999998 -0.002 0
-0.0005999999999999998 -0.0015 0
-0.0005999999999999998 -0.001 0
-0.0005999999999999998 -0.0005000000000000004 0
-0.0005999999999999998 -4.336808689942018e-19 0
-0.0005999999999999998 0.0005 0
-0.0005999999999999998 0.001 0
-0.0005999999999999998 0.0015 0
-0.0005999999999999998 0.002 0
-0.0005999999999999998 -0.00225 0
-0.0005999999999999998 -0.00175 0
-0.0005999999999999998 -0.00125 0
-0.0005999999999999998 -0.0007500000000000004 0
-0.0005999999999999998 -0.0002500000000000002 0
-0.0005999999999999998 0.0002499999999999998 0
-0.0005999999999999998 0.0007500000000000002 0
-0.0005999999999999998 0.00125 0
-0.0005999999999999998 0.00175 0
-0.0005999999999999998 0.002250000000000001 0
1 27 0 3
132
133
134
-0.0003 0.0025 0
-0.00015 0.0025 0
-0.0004499999999999999 0.0025 0
1 28 0 3
135
136
137
-0.0002999999999999997 -0.0025 0
-0.0004499999999999999 -0.0025 0
-0.00015 -0.0025 0
1 29 0 3
138
139
140
0.0002999999999999997 0.0025 0
0.0004499999999999999 0.0025 0
0.00015 0.0025 0
1 30 0 3
141
142
143
0.0003 -0.0025 0
0.00015 -0.0025 0
0.00045 -0.0025 0
1 31 0 17
144
145
146
147
148
149
150
151
152
153
154
155
156
157
158
159
160
-0.002 -0.004355555555555554 0
-0.002 -0.004811111111111108 0
-0.002 -0.005266666666666663 0
-0.002 -0.005722222222222217 0
-0.002 -0.006177777777777772 0
-0.002 -0.00663333333333333 0
-0.002 -0.007088888888888887 0
-0.002 -0.007544444444444444 0
-0.002 -0.004127777777777777 0
-0.002 -0.004583333333333332 0
-0.002 -0.005038888888888885 0
-0.002 -0.005494444444444439 0
-0.002 -0.005949999999999994 0
-0.002 -0.006405555555555551 0
-0.002 -0.006861111111111108 0
-0.002 -0.007316666666666665 0
-0.002 -0.007772222222222222 0
1 32 0 9
161
162
163
164
165
166
167
168
169
-0.001567376207874919 -0.003831479122813165 0
-0.00117710064679044 -0.003632623792124856 0
-0.0008673762078750271 -0.003322899353209398 0
-0.0006685208771867728 -0.002932623792124889 0
-0.001780991748943495 -0.003882763676833164 0
-0.001364413300364509 -0.003747409133863651 0
-0.001010050506338763 -0.003489949493661096 0
-0.000752590866136258 -0.003135586699635312 0
-0.0006172363231668043 -0.002719008251056304 0
1 33 0 7
170
171
172
173
174
175
176
-0.0015 -0.008 0
-0.001 -0.008 0
-0.0005 -0.008 0
-0.00175 -0.008 0
-0.00125 -0.008 0
-0.00075 -0.008 0
-0.00025 -0.008 0
1 34 0 9
177
178
179
180
181
182
183
184
185
0.0006685208771867693 -0.002932623792124878 0
0.0008673762078750136 -0.00332289935320938 0
0.001177100646790415 -0.003632623792124837 0
0.001567376207874883 -0.003831479122813153 0
0.0006172363231668034 -0.002719008251056298 0
0.0007525908661362502 -0.003135586699635297 0
0.001010050506338744 -0.003489949493661077 0
0.001364413300364478 -0.003747409133863636 0
0.001780991748943455 -0.003882763676833158 0
1 35 0 17
186
187
188
189
190
191
192
193
194
195
196
197
198
199
200
201
202
0.002 -0.007544444444444446 0
0.002 -0.007088888888888892 0
0.002 -0.006633333333333337 0
0.002 -0.006177777777777784 0
0.002 -0.005722222222222227 0
0.002 -0.00526666666666667 0
0.002 -0.004811111111111113 0
0.002 -0.004355555555555555 0
0.002 -0.007772222222222223 0
0.002 -0.007316666666666669 0
0.002 -0.006861111111111115 0
0.002 -0.00640555555555556 0
0.002 -0.005950000000000006 0
0.002 -0.005494444444444449 0
0.002 -0.005038888888888891 0
0.002 -0.004583333333333334 0
0.002 -0.004127777777777778 0
1 36 0 7
203
204
205
206
207
208
209
0.0004999999999999998 -0.008 0
0.0009999999999999998 -0.008 0
0.0015 -0.008 0
0.0002499999999999999 -0.008 0
0.0007499999999999998 -0.008 0
0.00125 -0.008 0
0.00175 -0.008 0
1 37 0 9
210
211
212
213
214
215
216
217
218
-0.0006685208771867726 0.002932623792124888 0
-0.000867376207875026 0.003322899353209396 0
-0.001177100646790438 0.003632623792124854 0
-0.001567376207874917 0.003831479122813165 0
-0.000617236323166804 0.002719008251056304 0
-0.0007525908661362576 0.003135586699635312 0
-0.001010050506338761 0.003489949493661095 0
-0.001364413300364507 0.00374740913386365 0
-0.001780991748943494 0.003882763676833164 0
1 38 0 17
219
220
221
222
223
224
225
226
227
228
229
230
231
232
233
234
235
-0.002 0.007544444444444446 0
-0.002 0.007088888888888892 0
-0.002 0.006633333333333337 0
-0.002 0.006177777777777784 0
-0.002 0.005722222222222227 0
-0.002 0.00526666666666667 0
-0.002 0.004811111111111113 0
-0.002 0.004355555555555555 0
-0.002 0.007772222222222223 0
-0.002 0.007316666666666669 0
-0.002 0.006861111111111115 0
-0.002 0.00640555555555556 0
-0.002 0.005950000000000006 0
-0.002 0.005494444444444449 0
-0.002 0.005038888888888891 0
-0.002 0.004583333333333334 0
-0.002 0.004127777777777778 0
1 39 0 7
236
237
238
239
240
241
242
-0.0004999999999999998 0.008 0
-0.0009999999999999998 0.008 0
-0.0015 0.008 0
-0.0002499999999999999 0.008 0
-0.0007499999999999998 0.008 0
-0.00125 0.008 0
-0.00175 0.008 0
1 40 0 7
243
244
245
246
247
248
249
0.0015 0.008 0
0.001 0.008 0
0.0005 0.008 0
0.00175 0.008 0
0.00125 0.008 0
0.00075 0.008 0
0.00025 0.008 0
1 41 0 17
250
251
252
253
254
255
256
257
258
259
260
261
262
263
264
265
266
0.002 0.004355555555555554 0
0.002 0.004811111111111108 0
0.002 0.005266666666666663 0
0.002 0.005722222222222217 0
0.002 0.006177777777777772 0
0.002 0.00663333333333333 0
0.002 0.007088888888888888 0
0.002 0.007544444444444444 0
0.002 0.004127777777777777 0
0.002 0.004583333333333332 0
0.002 0.005038888888888884 0
0.002 0.005494444444444439 0
0.002 0.005949999999999994 0
0.002 0.006405555555555551 0
0.002 0.006861111111111108 0
0.002 0.007316666666666666 0
0.002 0.007772222222222222 0
1 42 0 9
267
268
269
270
271
272
273
274
275
0.001567376207875117 0.003831479122813229 0
0.001177100646790564 0.003632623792124946 0
0.0008673762078750865 0.00332289935320948 0
0.0006685208771867886 0.002932623792124937 0
0.001780991748943728 0.003882763676833201 0
0.00136441330036467 0.003747409133863733 0
0.001010050506338853 0.003489949493661186 0
0.0007525908661362927 0.003135586699635381 0
0.0006172363231668082 0.002719008251056329 0
1 43 0 3
276
277
278
-0.0005999999999999999 -0.0025 0.0003
-0.0005999999999999999 -0.0025 0.00015
-0.0005999999999999999 -0.0025 0.0004499999999999999
1 44 0 3
279
280
281
-0.0005999999999999999 0.0025 0.0003
-0.0005999999999999999 0.0025 0.00015
-0.0005999999999999999 0.0025 0.0004499999999999999
1 45 0 19
282
283
284
285
286
287
288
289
290
291
292
293
294
295
296
297
298
299
300
-0.0005999999999999998 -0.002 0.0005999999999999999
-0.0005999999999999998 -0.0015 0.0005999999999999999
-0.0005999999999999998 -0.001 0.0005999999999999999
-0.0005999999999999998 -0.0005000000000000004 0.0005999999999999999
-0.0005999999999999998 -4.336808689942018e-19 0.0005999999999999999
-0.0005999999999999998 0.0005 0.0005999999999999999
-0.0005999999999999998 0.001 0.0005999999999999999
-0.0005999999999999998 0.0015 0.0005999999999999999
-0.0005999999999999998 0.002 0.0005999999999999999
-0.0005999999999999998 -0.00225 0.0005999999999999999
-0.0005999999999999998 -0.00175 0.0005999999999999999
-0.0005999999999999998 -0.00125 0.0005999999999999999
-0.0005999999999999998 -0.0007500000000000004 0.0005999999999999999
-0.0005999999999999998 -0.0002500000000000002 0.0005999999999999999
-0.0005999999999999998 0.0002499999999999998 0.0005999999999999999
-0.0005999999999999998 0.0007500000000000002 0.0005999999999999999
-0.0005999999999999998 0.00125 0.0005999999999999999
-0.0005999999999999998 0.00175 0.0005999999999999999
-0.0005999999999999998 0.002250000000000001 0.0005999999999999999
1 46 0 3
301
302
303
0 0.0025 0.0003
0 0.0025 0.00015
0 0.0025 0.0004499999999999999
1 47 0 3
304
305
306
-0.0003 0.0025 0.0005999999999999999
-0.00015 0.0025 0.0005999999999999999
-0.0004499999999999999 0.0025 0.0005999999999999999
1 48 0 3
307
308
309
0 -0.0025 0.0003
0 -0.0025 0.00015
0 -0.0025 0.0004499999999999999
1 49 0 19
310
311
312
313
314
315
316
317
318
319
320
321
322
323
324
325
326
327
328
0 -0.002 0.0005999999999999999
0 -0.0015 0.0005999999999999999
0 -0.001 0.0005999999999999999
0 -0.0005000000000000004 0.0005999999999999999
0 -4.336808689942018e-19 0.0005999999999999999
0 0.0005 0.0005999999999999999
0 0.001 0.0005999999999999999
0 0.0015 0.0005999999999999999
0 0.002 0.0005999999999999999
0 -0.00225 0.0005999999999999999
0 -0.00175 0.0005999999999999999
0 -0.00125 0.0005999999999999999
0 -0.0007500000000000004 0.0005999999999999999
0 -0.0002500000000000002 0.0005999999999999999
0 0.0002499999999999998 0.0005999999999999999
0 0.0007500000000000002 0.0005999999999999999
0 0.00125 0.0005999999999999999
0 0.00175 0.0005999999999999999
0 0.002250000000000001 0.0005999999999999999
1 50 0 3
329
330
331
-0.0002999999999999997 -0.0025 0.0005999999999999999
-0.0004499999999999999 -0.0025 0.0005999999999999999
-0.00015 -0.0025 0.0005999999999999999
1 51 0 3
332
333
334
0.0005999999999999999 0.0025 0.0003
0.0005999999999999999 0.0025 0.00015
0.0005999999999999999 0.0025 0.0004499999999999999
1 52 0 3
335
336
337
0.0002999999999999997 0.0025 0.0005999999999999999
0.0004499999999999999 0.0025 0.0005999999999999999
0.00015 0.0025 0.0005999999999999999
1 53 0 3
338
339
340
0.0005999999999999999 -0.0025 0.0003
0.0005999999999999999 -0.0025 0.00015
0.0005999999999999999 -0.0025 0.0004499999999999999
1 54 0 19
341
342
343
344
345
346
347
348
349
350
351
352
353
354
355
356
357
358
359
0.0005999999999999999 0.002 0.0005999999999999999
0.0005999999999999999 0.0015 0.0005999999999999999
0.0005999999999999999 0.001 0.0005999999999999999
0.0005999999999999999 0.0005000000000000004 0.0005999999999999999
0.0005999999999999999 4.336808689942018e-19 0.0005999999999999999
0.0005999999999999999 -0.0005 0.0005999999999999999
0.0005999999999999999 -0.001 0.0005999999999999999
0.0005999999999999999 -0.0015 0.0005999999999999999
0.0005999999999999999 -0.002 0.0005999999999999999
0.0005999999999999999 0.00225 0.0005999999999999999
0.0005999999999999999 0.00175 0.0005999999999999999
0.0005999999999999999 0.00125 0.0005999999999999999
0.0005999999999999999 0.0007500000000000004 0.0005999999999999999
0.0005999999999999999 0.0002500000000000002 0.0005999999999999999
0.0005999999999999999 -0.0002499999999999998 0.0005999999999999999
0.0005999999999999999 -0.0007500000000000002 0.0005999999999999999
0.0005999999999999999 -0.00125 0.0005999999999999999
0.0005999999999999999 -0.00175 0.0005999999999999999
0.0005999999999999999 -0.002250000000000001 0.0005999999999999999
1 55 0 3
360
361
362
0.0003 -0.0025 0.0005999999999999999
0.00015 -0.0025 0.0005999999999999999
0.00045 -0.0025 0.0005999999999999999
1 56 0 3
363
364
365
-0.001999999999999794 -0.0039 0.0003
-0.001999999999999794 -0.0039 0.00015
-0.001999999999999794 -0.0039 0.0004499999999999999
1 57 0 3
366
367
368
-0.002 -0.008 0.0003
-0.002 -0.008 0.00015
-0.002 -0.008 0.0004499999999999999
1 58 0 17
369
370
371
372
373
374
375
376
377
378
379
380
381
382
383
384
385
-0.002 -0.004355555555555554 0.0005999999999999999
-0.002 -0.004811111111111108 0.0005999999999999999
-0.002 -0.005266666666666663 0.0005999999999999999
-0.002 -0.005722222222222217 0.0005999999999999999
-0.002 -0.006177777777777772 0.0005999999999999999
-0.002 -0.00663333333333333 0.0005999999999999999
-0.002 -0.007088888888888887 0.0005999999999999999
-0.002 -0.007544444444444444 0.0005999999999999999
-0.002 -0.004127777777777777 0.0005999999999999999
-0.002 -0.004583333333333332 0.0005999999999999999
-0.002 -0.005038888888888885 0.0005999999999999999
-0.002 -0.005494444444444439 0.0005999999999999999
-0.002 -0.005949999999999994 0.0005999999999999999
-0.002 -0.006405555555555551 0.0005999999999999999
-0.002 -0.006861111111111108 0.0005999999999999999
-0.002 -0.007316666666666665 0.0005999999999999999
-0.002 -0.007772222222222222 0.0005999999999999999
1 59 0 9
386
387
388
389
390
391
392
393
394
-0.001567376207874919 -0.003831479122813165 0.0005999999999999999
-0.00117710064679044 -0.003632623792124856 0.0005999999999999999
-0.0008673762078750271 -0.003322899353209398 0.0005999999999999999
-0.0006685208771867728 -0.002932623792124889 0.0005999999999999999
-0.001780991748943495 -0.003882763676833164 0.0005999999999999999
-0.001364413300364509 -0.003747409133863651 0.0005999999999999999
-0.001010050506338763 -0.003489949493661096 0.0005999999999999999
-0.000752590866136258 -0.003135586699635312 0.0005999999999999999
-0.0006172363231668043 -0.002719008251056304 0.0005999999999999999
1 60 0 3
395
396
397
0 -0.008 0.0003
0 -0.008 0.00015
0 -0.008 0.0004499999999999999
1 61 0 21
398
399
400
401
402
403
404
405
406
407
408
409
410
411
412
413
414
415
416
417
418
0 -0.0075 0.0005999999999999999
0 -0.006999999999999998 0.0005999999999999999
0 -0.006499999999999996 0.0005999999999999999
0 -0.005999999999999995 0.0005999999999999999
0 -0.005499999999999994 0.0005999999999999999
0 -0.004999999999999992 0.0005999999999999999
0 -0.00449999999999999 0.0005999999999999999
0 -0.00399999999999999 0.0005999999999999999
0 -0.003499999999999993 0.0005999999999999999
0 -0.002999999999999997 0.0005999999999999999
0 -0.00775 0.0005999999999999999
0 -0.007249999999999999 0.0005999999999999999
0 -0.006749999999999997 0.0005999999999999999
0 -0.006249999999999996 0.0005999999999999999
0 -0.005749999999999995 0.0005999999999999999
0 -0.005249999999999993 0.0005999999999999999
0 -0.004749999999999991 0.0005999999999999999
0 -0.00424999999999999 0.0005999999999999999
0 -0.003749999999999991 0.0005999999999999999
0 -0.003249999999999994 0.0005999999999999999
0 -0.002749999999999998 0.0005999999999999999
1 62 0 7
419
420
421
422
423
424
425
-0.0015 -0.008 0.0005999999999999999
-0.001 -0.008 0.0005999999999999999
-0.0005 -0.008 0.0005999999999999999
-0.00175 -0.008 0.0005999999999999999
-0.00125 -0.008 0.0005999999999999999
-0.00075 -0.008 0.0005999999999999999
-0.00025 -0.008 0.0005999999999999999
1 63 0 3
426
427
428
0.001999999999999751 -0.0039 0.0003
0.001999999999999751 -0.0039 0.00015
0.001999999999999751 -0.0039 0.0004499999999999999
1 64 0 9
429
430
431
432
433
434
435
436
437
0.0006685208771867693 -0.002932623792124878 0.0005999999999999999
0.0008673762078750136 -0.00332289935320938 0.0005999999999999999
0.001177100646790415 -0.003632623792124837 0.0005999999999999999
0.001567376207874883 -0.003831479122813153 0.0005999999999999999
0.0006172363231668034 -0.002719008251056298 0.0005999999999999999
0.0007525908661362502 -0.003135586699635297 0.0005999999999999999
0.001010050506338744 -0.003489949493661077 0.0005999999999999999
0.001364413300364478 -0.003747409133863636 0.0005999999999999999
0.001780991748943455 -0.003882763676833158 0.0005999999999999999
1 65 0 3
438
439
440
0.002 -0.008 0.0003
0.002 -0.008 0.00015
0.002 -0.008 0.0004499999999999999
1 66 0 17
441
442
443
444
445
446
447
448
449
450
451
452
453
454
455
456
457
0.002 -0.007544444444444446 0.0005999999999999999
0.002 -0.007088888888888892 0.0005999999999999999
0.002 -0.006633333333333337 0.0005999999999999999
0.002 -0.006177777777777784 0.0005999999999999999
0.002 -0.005722222222222227 0.0005999999999999999
0.002 -0.00526666666666667 0.0005999999999999999
0.002 -0.004811111111111113 0.0005999999999999999
0.002 -0.004355555555555555 0.0005999999999999999
0.002 -0.007772222222222223 0.0005999999999999999
0.002 -0.007316666666666669 0.0005999999999999999
0.002 -0.006861111111111115 0.0005999999999999999
0.002 -0.00640555555555556 0.0005999999999999999
0.002 -0.005950000000000006 0.0005999999999999999
0.002 -0.005494444444444449 0.0005999999999999999
0.002 -0.005038888888888891 0.0005999999999999999
0.002 -0.004583333333333334 0.0005999999999999999
0.002 -0.004127777777777778 0.0005999999999999999
1 67 0 7
458
459
460
461
462
463
464
0.0004999999999999998 -0.008 0.0005999999999999999
0.0009999999999999998 -0.008 0.0005999999999999999
0.0015 -0.008 0.0005999999999999999
0.0002499999999999999 -0.008 0.0005999999999999999
0.0007499999999999998 -0.008 0.0005999999999999999
0.00125 -0.008 0.0005999999999999999
0.00175 -0.008 0.0005999999999999999
1 68 0 3
465
466
467
-0.001999999999999795 0.0039 0.0003
-0.001999999999999795 0.0039 0.00015
-0.001999999999999795 0.0039 0.0004499999999999999
1 69 0 9
468
469
470
471
472
473
474
475
476
-0.0006685208771867726 0.002932623792124888 0.0005999999999999999
-0.000867376207875026 0.003322899353209396 0.0005999999999999999
-0.001177100646790438 0.003632623792124854 0.0005999999999999999
-0.001567376207874917 0.003831479122813165 0.0005999999999999999
-0.000617236323166804 0.002719008251056304 0.0005999999999999999
-0.0007525908661362576 0.003135586699635312 0.0005999999999999999
-0.001010050506338761 0.003489949493661095 0.0005999999999999999
-0.001364413300364507 0.00374740913386365 0.0005999999999999999
-0.001780991748943494 0.003882763676833164 0.0005999999999999999
1 70 0 3
477
478
479
-0.002 0.008 0.0003
-0.002 0.008 0.00015
-0.002 0.008 0.0004499999999999999
1 71 0 17
480
481
482
483
484
485
486
487
488
489
490
491
492
493
494
495
496
-0.002 0.007544444444444446 0.0005999999999999999
-0.002 0.007088888888888892 0.0005999999999999999
-0.002 0.006633333333333337 0.0005999999999999999
-0.002 0.006177777777777784 0.0005999999999999999
-0.002 0.005722222222222227 0.0005999999999999999
-0.002 0.00526666666666667 0.0005999999999999999
-0.002 0.004811111111111113 0.0005999999999999999
-0.002 0.004355555555555555 0.0005999999999999999
-0.002 0.007772222222222223 0.0005999999999999999
-0.002 0.007316666666666669 0.0005999999999999999
-0.002 0.006861111111111115 0.0005999999999999999
-0.002 0.00640555555555556 0.0005999999999999999
-0.002 0.005950000000000006 0.0005999999999999999
-0.002 0.005494444444444449 0.0005999999999999999
-0.002 0.005038888888888891 0.0005999999999999999
-0.002 0.004583333333333334 0.0005999999999999999
-0.002 0.004127777777777778 0.0005999999999999999
1 72 0 3
497
498
499
0 0.008 0.0003
0 0.008 0.00015
0 0.008 0.0004499999999999999
1 73 0 7
500
501
502
503
504
505
506
-0.0004999999999999998 0.008 0.0005999999999999999
-0.0009999999999999998 0.008 0.0005999999999999999
-0.0015 0.008 0.0005999999999999999
-0.0002499999999999999 0.008 0.0005999999999999999
-0.0007499999999999998 0.008 0.0005999999999999999
-0.00125 0.008 0.0005999999999999999
-0.00175 0.008 0.0005999999999999999
1 74 0 21
507
508
509
510
511
512
513
514
515
516
517
518
519
520
521
522
523
524
525
526
527
0 0.003000000000000001 0.0005999999999999999
0 0.003500000000000002 0.0005999999999999999
0 0.004000000000000004 0.0005999999999999999
0 0.004500000000000005 0.0005999999999999999
0 0.005000000000000006 0.0005999999999999999
0 0.005500000000000008 0.0005999999999999999
0 0.00600000000000001 0.0005999999999999999
0 0.006500000000000011 0.0005999999999999999
0 0.007000000000000008 0.0005999999999999999
0 0.007500000000000003 0.0005999999999999999
0 0.002750000000000001 0.0005999999999999999
0 0.003250000000000002 0.0005999999999999999
0 0.003750000000000003 0.0005999999999999999
0 0.004250000000000005 0.0005999999999999999
0 0.004750000000000006 0.0005999999999999999
0 0.005250000000000007 0.0005999999999999999
0 0.005750000000000009 0.0005999999999999999
0 0.00625000000000001 0.0005999999999999999
0 0.006750000000000009 0.0005999999999999999
0 0.007250000000000006 0.0005999999999999999
0 0.007750000000000002 0.0005999999999999999
1 75 0 3
528
529
530
0.002 0.008 0.0003
0.002 0.008 0.00015
0.002 0.008 0.0004499999999999999
1 76 0 7
531
532
533
534
535
536
537
0.0015 0.008 0.0005999999999999999
0.001 0.008 0.0005999999999999999
0.0005 0.008 0.0005999999999999999
0.00175 0.008 0.0005999999999999999
0.00125 0.008 0.0005999999999999999
0.00075 0.008 0.0005999999999999999
0.00025 0.008 0.0005999999999999999
1 77 0 3
538
539
540
0.002000000000000059 0.0039 0.0003
0.002000000000000059 0.0039 0.00015
0.002000000000000059 0.0039 0.0004499999999999999
1 78 0 17
541
542
543
544
545
546
547
548
549
550
551
552
553
554
555
556
557
0.002 0.004355555555555554 0.0005999999999999999
0.002 0.004811111111111108 0.0005999999999999999
0.002 0.005266666666666663 0.0005999999999999999
0.002 0.005722222222222217 0.0005999999999999999
0.002 0.006177777777777772 0.0005999999999999999
0.002 0.00663333333333333 0.0005999999999999999
0.002 0.007088888888888888 0.0005999999999999999
0.002 0.007544444444444444 0.0005999999999999999
0.002 0.004127777777777777 0.0005999999999999999
0.002 0.004583333333333332 0.0005999999999999999
0.002 0.005038888888888884 0.0005999999999999999
0.002 0.005494444444444439 0.0005999999999999999
0.002 0.005949999999999994 0.0005999999999999999
0.002 0.006405555555555551 0.0005999999999999999
0.002 0.006861111111111108 0.0005999999999999999
0.002 0.007316666666666666 0.0005999999999999999
0.002 0.007772222222222222 0.0005999999999999999
1 79 0 9
558
559
560
561
562
563
564
565
566
0.001567376207875117 0.003831479122813229 0.0005999999999999999
0.001177100646790564 0.003632623792124946 0.0005999999999999999
0.0008673762078750865 0.00332289935320948 0.0005999999999999999
0.0006685208771867886 0.002932623792124937 0.0005999999999999999
0.001780991748943728 0.003882763676833201 0.0005999999999999999
0.00136441330036467 0.003747409133863733 0.0005999999999999999
0.001010050506338853 0.003489949493661186 0.0005999999999999999
0.0007525908661362927 0.003135586699635381 0.0005999999999999999
0.0006172363231668082 0.002719008251056329 0.0005999999999999999
2 1 0 61
567
568
569
570
571
572
573
574
575
576
577
578
579
580
581
582
583
584
585
586
587
588
589
590
591
592
593
594
595
596
597
598
599
600
601
602
603
604
605
606
607
608
609
610
611
612
613
614
615
616
617
618
619
620
621
622
623
624
625
626
627
-0.0003 0.00175 0
-0.0002999999999999998 0.002194523809523809 0
-0.0002999999999999999 -0.0007500000000000002 0
-0.0003 -0.00175 0
-0.0002999999999999999 -0.002194523809523809 0
-0.0002999999999999999 0.0002499999999999998 0
-0.0002999999999999999 -0.00125 0
-0.0002999999999999999 -0.0002500000000000004 0
-0.0002999999999999999 0.00075 0
-0.0002999999999999999 0.00125 0
-0.00015 -0.002347261904761905 0
-0.0002999999999999998 -0.002347261904761905 0
-0.0004499999999999999 -0.002347261904761905 0
-0.0002999999999999999 0.002347261904761905 0
-0.00015 0.002347261904761905 0
-0.0004499999999999999 0.002347261904761905 0
-0.00015 -0.002097261904761905 0
-0.0004499999999999999 0.002097261904761905 0
-0.00015 0.002097261904761905 0
-0.0004499999999999999 -0.002097261904761905 0
-0.0002999999999999999 -0.001 0
-0.00015 -0.001125 0
-0.00015 -0.0008750000000000002 0
-0.00015 0.001875 0
-0.00015 0.001625 0
-0.0004499999999999999 -0.001375 0
-0.0004499999999999999 -0.001125 0
-0.0004499999999999999 0.001625 0
-0.0004499999999999999 0.001875 0
-0.00015 0.0003749999999999999 0
-0.00015 0.0001249999999999997 0
-0.0004499999999999999 -0.0008750000000000002 0
-0.0004499999999999999 0.0001249999999999997 0
-0.0004499999999999999 0.0003749999999999999 0
-0.0002999999999999999 0.0004999999999999999 0
-0.0004499999999999999 0.000625 0
-0.00015 -0.001625 0
-0.00015 -0.001875 0
-0.00015 0.000625 0
-0.00015 0.001125 0
-0.0002999999999999999 0.001 0
-0.00015 0.000875 0
-0.00015 -0.001375 0
-0.00015 -0.0006250000000000003 0
-0.00015 -0.0001250000000000004 0
-0.00015 -0.0003750000000000004 0
-0.0002999999999999999 -0.0005000000000000003 0
-0.0002999999999999999 -3.252606517456513e-19 0
-0.0002999999999999999 0.0015 0
-0.00015 0.001375 0
-0.0004499999999999999 -0.001875 0
-0.0004499999999999999 -0.001625 0
-0.0004499999999999999 -0.0006250000000000003 0
-0.0004499999999999999 -0.0003750000000000004 0
-0.0004499999999999999 -0.0001250000000000004 0
-0.0004499999999999999 0.001375 0
-0.0004499999999999999 0.001125 0
-0.0002999999999999999 -0.0015 0
-0.0004499999999999999 0.000875 0
-0.0002999999999999999 -0.001972261904761905 0
-0.0002999999999999999 0.001972261904761905 0
2 5 0 61
628
629
630
631
632
633
634
635
636
637
638
639
640
641
642
643
644
645
646
647
648
649
650
651
652
653
654
655
656
657
658
659
660
661
662
663
664
665
666
667
668
669
670
671
672
673
674
675
676
677
678
679
680
681
682
683
684
685
686
687
688
0.0003 -0.00125 0
0.0003 0.00125 0
0.0003000000000000002 -0.00175 0
0.0003000000000000001 -0.00219452380952381 0
0.0002999999999999998 0.00175 0
0.0003 0.00219452380952381 0
0.0002999999999999999 -0.0007500000000000002 0
0.0003000000000000001 0.0007500000000000002 0
0.0003000000000000001 -0.00025 0
0.0003000000000000001 0.0002500000000000003 0
0.00015 0.002347261904761905 0
0.0002999999999999999 0.002347261904761905 0
0.0003000000000000001 -0.002347261904761905 0
0.0001500000000000001 -0.002347261904761905 0
0.00045 0.002347261904761905 0
0.0004500000000000001 -0.002347261904761905 0
0.00015 0.002097261904761905 0
0.0001500000000000001 -0.002097261904761905 0
0.0004500000000000001 -0.002097261904761905 0
0.00045 0.002097261904761905 0
0.0003000000000000001 1.084202172485504e-19 0
0.0001500000000000001 0.0001249999999999999 0
0.0001500000000000001 -0.0001250000000000002 0
0.0004500000000000001 0.0001250000000000004 0
0.0004500000000000001 -0.0001249999999999998 0
0.00015 -0.001375 0
0.00015 -0.001125 0
0.0001500000000000001 0.0003750000000000001 0
0.00015 0.001625 0
0.00015 0.001875 0
0.00045 0.001375 0
0.00045 0.001125 0
0.0004500000000000001 -0.001625 0
0.0004500000000000001 -0.001875 0
0.0004500000000000001 -0.000375 0
0.0001500000000000002 -0.001875 0
0.0001500000000000002 -0.001625 0
0.0001500000000000001 0.0008750000000000001 0
0.0003000000000000001 0.001 0
0.00015 0.001125 0
0.0004499999999999999 0.001875 0
0.0004499999999999999 0.001625 0
0.0004499999999999999 -0.0008750000000000001 0
0.0002999999999999999 -0.001 0
0.00045 -0.001125 0
0.0003 -0.0005000000000000001 0
0.0001500000000000001 -0.0003750000000000002 0
0.00015 -0.0006250000000000003 0
0.00015 -0.0008750000000000002 0
0.0001500000000000001 0.0006250000000000001 0
0.0003000000000000001 0.0005000000000000002 0
0.0004500000000000001 0.0008750000000000002 0
0.0004500000000000001 0.0006250000000000003 0
0.0004499999999999999 -0.0006250000000000001 0
0.00015 0.001375 0
0.0004500000000000001 0.0003750000000000003 0
0.00045 -0.001375 0
0.0003000000000000001 -0.0015 0
0.0002999999999999999 0.0015 0
0.0002999999999999999 0.001972261904761905 0
0.0003000000000000001 -0.001972261904761905 0
2 9 0 184
689
690
691
692
693
694
695
696
697
698
699
700
701
702
703
704
705
706
707
708
709
710
711
712
713
714
715
716
717
718
719
720
721
722
723
724
725
726
727
728
729
730
731
732
733
734
735
736
737
738
739
740
741
742
743
744
745
746
747
748
749
750
751
752
753
754
755
756
757
758
759
760
761
762
763
764
765
766
767
768
769
770
771
772
773
774
775
776
777
778
779
780
781
782
783
784
785
786
787
788
789
790
791
792
793
794
795
796
797
798
799
800
801
802
803
804
805
806
807
808
809
810
811
812
813
814
815
816
817
818
819
820
821
822
823
824
825
826
827
828
829
830
831
832
833
834
835
836
837
838
839
840
841
842
843
844
845
846
847
848
849
850
851
852
853
854
855
856
857
858
859
860
861
862
863
864
865
866
867
868
869
870
871
872
-0.001619347875178818 -0.006862206332761348 0
-0.001608586186755605 -0.005949999999999994 0
-0.001614532391685073 -0.005051572955502789 0
-0.001198840277083327 -0.004073706690783487 0
-0.0004345325920500408 -0.00624082384987803 0
-0.0004248499445568764 -0.005262990912633973 0
-0.0004219580797431692 -0.007246808194728368 0
-0.0008105326429089894 -0.003862455110618002 0
-0.0008291849927206171 -0.004322658368933508 0
-0.001242691863988819 -0.007526238416386534 0
-0.001228033101386964 -0.00449708729044523 0
-0.0008149379469777221 -0.004724130302690897 0
-0.0004284253655419339 -0.005748503402577654 0
-0.000825326079131504 -0.005521669700537059 0
-0.0008379440438849589 -0.005981091548338449 0
-0.0008490836354590348 -0.006463395483875561 0
-0.0004369965615085511 -0.006741482664674002 0
-0.0008930476579201433 -0.007041498603373279 0
-0.0004245616548967801 -0.003621264610758504 0
-0.001620404973415986 -0.006405738092497257 0
-0.001614203618311244 -0.005496558455546757 0
-0.0007479248490772097 -0.007576579038378331 0
-0.001632749365539267 -0.0072993437190805 0
-0.001589497605399134 -0.004247949939031178 0
-0.0004730643530439923 -0.004531980638016773 0
-0.0004309613679445543 -0.004114836776752916 0
-0.001221815846343919 -0.005305101829094684 0
-0.001224705770969395 -0.005738699885215786 0
-0.001232476922942889 -0.006195376390543396 0
-0.001247718091607936 -0.006677717275633624 0
-0.001327110970846997 -0.007081400869447057 0
-0.001623338718537583 -0.004644438868453222 0
-0.0003829998114296824 -0.002804032536523334 0
-0.0003905764252313771 -0.003196803382102686 0
-0.001214122181974638 -0.004894123133608128 0
-0.000366025403784439 -0.00763397459621556 0
-0.001675088245905617 -0.007674005315982295 0
-0.000782075086916568 -0.005142407555461949 0
-0.0003677948254635606 -0.004892288318159204 0
-0.00111007931438357 -0.007061449736410168 0
-0.001284901417417908 -0.007303819642916796 0
-0.001067869760954481 -0.007283868509879906 0
-0.0009953083565330146 -0.007551408727382433 0
-0.0008204862534986765 -0.007309038820875805 0
-0.0004277615114206671 -0.00386805069375571 0
-0.0002154806839722771 -0.004057418388376453 0
-0.00021228082744839 -0.003810632305379247 0
-0.00021228082744839 -0.003560632305379248 0
-0.0004075690400640786 -0.003409033996430595 0
-0.0006289763165532021 -0.003259851367656042 0
-0.0006459689313859035 -0.003472081981983951 0
-0.000529548651209075 -0.003064713587113787 0
-0.0009938166448497149 -0.003747539451371429 0
-0.0008389544253920082 -0.0035926772319137 0
-0.0006175471489028847 -0.003741859860688253 0
-0.001794748802699567 -0.00407397496951559 0
-0.001578436906637026 -0.004039714530922172 0
-0.001794748802699567 -0.004301752747293367 0
-0.0005849414644101894 -0.007411693616553349 0
-0.0006575028688316563 -0.007144153399050824 0
-0.0006207470054267718 -0.003988645943685459 0
-0.001048400863533485 -0.006570556379754592 0
-0.001070382874764039 -0.006859607939503452 0
-0.0008710656466895891 -0.00675244704362442 0
-0.0002154806839722771 -0.004307418388376453 0
-0.0004520128604942733 -0.004323408707384844 0
-0.0002365321765219961 -0.004515990319008381 0
-0.0006650221097143472 -0.006891490634023641 0
-0.0006430400984837929 -0.006602439074274782 0
-0.0001952882126156886 -0.003348401691051339 0
-0.0002184982807542755 -0.006870741332337 0
-0.0004294773206258601 -0.006994145429701185 0
-0.0002109790398715846 -0.007123404097364183 0
-0.0002184982807542755 -0.006620741332336999 0
-0.0005257603443082277 -0.002868328164324111 0
-0.0004914999057148411 -0.002652016268261667 0
-0.0006331847047134464 -0.005864797475458052 0
-0.0006362383179674999 -0.006110957699108239 0
-0.0004314789787959873 -0.005994663626227842 0
-0.000214212682770967 -0.005874251701288824 0
-0.0002172662960250204 -0.006120411924939013 0
-0.0008435138396719968 -0.006222243516107005 0
-0.0006418081137545378 -0.006352109666876795 0
-0.0006250880118441902 -0.005392330306585516 0
-0.0006268757223367189 -0.005635086551557356 0
-0.0004266376550494052 -0.005505747157605814 0
-0.0004357645767792959 -0.006491153257276016 0
-0.0002172662960250204 -0.006370411924939014 0
-0.0008316350615082315 -0.005751380624437754 0
-0.00112134593199441 -0.007763119208193267 0
-0.00137134593199441 -0.007763119208193267 0
-0.000214212682770967 -0.005624251701288824 0
-0.0002124249722784382 -0.005381495456316983 0
-0.0002124249722784382 -0.005131495456316982 0
-0.001001945466630244 -0.005223754692278316 0
-0.000998098634445603 -0.005018265344535039 0
-0.001217969014159279 -0.005099612481351407 0
-0.001287414531227466 -0.00687955907254034 0
-0.0002109790398715846 -0.007373404097364184 0
-0.0003867881183305297 -0.00300041795931301 0
-0.0001952882126156886 -0.003098401691051341 0
-0.0001914999057148412 -0.002902016268261665 0
-0.001810202486707993 -0.006519535712915294 0
-0.001810202486707993 -0.006291757935137515 0
-0.001807266195842536 -0.005159119811084726 0
-0.001807266195842536 -0.004931342033306948 0
-0.001804293093377802 -0.006063888888888883 0
-0.001804293093377802 -0.005836111111111105 0
-0.001807101809155622 -0.005609390338884487 0
-0.001807101809155622 -0.00538161256110671 0
-0.001809673937589409 -0.006975547610825117 0
-0.001809673937589409 -0.006747769833047338 0
-0.001213436689235145 -0.004285396990614358 0
-0.001028609047053791 -0.004409872829689369 0
-0.001014012634901972 -0.004198182529858497 0
-0.001383108242479123 -0.003952592906798325 0
-0.001187970461936883 -0.003853165241454171 0
-0.0005749349561900643 -0.005017347936810576 0
-0.0005913663862206414 -0.00480820931042505 0
-0.0007985065169471451 -0.004933268929076423 0
-0.00101453006447618 -0.004809126718149512 0
-0.0006239624245386048 -0.007788289519189166 0
-0.0008739624245386049 -0.007788289519189166 0
-0.001611394902533424 -0.005723279227773375 0
-0.001614495580085796 -0.006177869046248625 0
-0.001619876424297402 -0.006633972212629303 0
-0.001614368004998158 -0.005274065705524773 0
-0.001021485524182343 -0.004610608796568064 0
-0.0008220614698491696 -0.004523394335812202 0
-0.001004686459996158 -0.003968080900700745 0
-0.0008198588178148032 -0.004092556739775755 0
-0.001035210483413924 -0.006088233969440923 0
-0.001040780279200962 -0.006329385937209478 0
-0.001816374682769634 -0.007194116303984694 0
-0.001626048620359043 -0.007080775025920924 0
-0.001816374682769634 -0.007421894081762472 0
-0.00139416894124123 -0.004160828314907333 0
-0.001408765353393049 -0.004372518614738205 0
-0.001025015925050449 -0.005630184792876422 0
-0.001031324907427177 -0.005859895716777117 0
-0.001811669359268791 -0.004727774989782165 0
-0.001811669359268791 -0.004499997212004388 0
-0.0006440011500108572 -0.004628055470353835 0
-0.0006511246728823047 -0.004427319503475141 0
-0.0001838974127317803 -0.004696144159079597 0
-0.0001838974127317803 -0.004946144159079598 0
-0.0004204295892537765 -0.004712134478087988 0
-0.0001830127018922195 -0.007816987298107781 0
-0.0004330127018922195 -0.007816987298107781 0
-0.0001830127018922195 -0.00756698729810778 0
-0.0006300731803325857 -0.004218747572843212 0
-0.001418009732327581 -0.00540083014232072 0
-0.001418174119014496 -0.005178337392298737 0
-0.001240097507275413 -0.00643654683308851 0
-0.0014166459788625 -0.00584434994260789 0
-0.001419454694640319 -0.005617629170381271 0
-0.001587544122952809 -0.007837002657991147 0
-0.001837544122952809 -0.007837002657991147 0
-0.001228591346956142 -0.005967038137879591 0
-0.001223260808656657 -0.005521900857155235 0
-0.001606418161968358 -0.004446194403742201 0
-0.001426440948179438 -0.006300557241520326 0
-0.001420531554849247 -0.006072688195271695 0
-0.001837544122952809 -0.00760922488021337 0
-0.001023570962737712 -0.005413385764815871 0
-0.001434061532511961 -0.00654172768406544 0
-0.001479930168193132 -0.007190372294263779 0
-0.001437720614764043 -0.007412791067733517 0
-0.001433532983393377 -0.006769961804197486 0
-0.001473229423012907 -0.006971803601104202 0
-0.001425685909962273 -0.004570763079449226 0
-0.00141873045025611 -0.004769281001030676 0
-0.001221077641680801 -0.004695605212026679 0
-0.001618935555111328 -0.004848005911978006 0
-0.001458890054947218 -0.007600121866184415 0
-0.000803700583024036 -0.005332038627999504 0
-0.0005569751264308244 -0.007605276817296946 0
-0.0003414999057148411 -0.002652016268261667 0
-0.001414327286829855 -0.004972848044555458 0
-0.0003963223850102185 -0.005077639615396588 0
-0.0006034625157367222 -0.005202699234047961 0
-0.000393991741763804 -0.007440391395471964 0
-0.001653918805722442 -0.007486674517531398 0
-0.0001499999999999999 -0.002749999999999998 0
2 13 0 188
873
874
875
876
877
878
879
880
881
882
883
884
885
886
887
888
889
890
891
892
893
894
895
896
897
898
899
900
901
902
903
904
905
906
907
908
909
910
911
912
913
914
915
916
917
918
919
920
921
922
923
924
925
926
927
928
929
930
931
932
933
934
935
936
937
938
939
940
941
942
943
944
945
946
947
948
949
950
951
952
953
954
955
956
957
958
959
960
961
962
963
964
965
966
967
968
969
970
971
972
973
974
975
976
977
978
979
980
981
982
983
984
985
986
987
988
989
990
991
992
993
994
995
996
997
998
999
1000
1001
1002
1003
1004
1005
1006
1007
1008
1009
1010
1011
1012
1013
1014
1015
1016
1017
1018
1019
1020
1021
1022
1023
1024
1025
1026
1027
1028
1029
1030
1031
1032
1033
1034
1035
1036
1037
1038
1039
1040
1041
1042
1043
1044
1045
1046
1047
1048
1049
1050
1051
1052
1053
1054
1055
1056
1057
1058
1059
1060
0.001615590512751559 -0.006861896314008676 0
0.001609393138109496 -0.005950000000000006 0
0.001548396984605054 -0.005100267922423113 0
0.001232758811471027 -0.004065247045012863 0
0.0004425082455747998 -0.006244681376133173 0
0.0004783610560920589 -0.005169223713510056 0
0.0004945952457225286 -0.007246770596941666 0
0.0007417146597273857 -0.003737839640481911 0
0.0007514893318683598 -0.004229017872175752 0
0.00125904004969422 -0.007567994220595897 0
0.001103676551081292 -0.004512335562058747 0
0.000673284040922149 -0.004677103730753968 0
0.001043937845749347 -0.004996663024515698 0
0.0008968334555896523 -0.005489563276679389 0
0.0004660345456673551 -0.005745243708800542 0
0.0008645901083859002 -0.005977221333889736 0
0.0008595155186045426 -0.006456909813703438 0
0.0004531113179512049 -0.006737664751585591 0
0.0008872458299777755 -0.006912772085325581 0
0.0015385908781756 -0.004380565035392975 0
0.001610293583547976 -0.005512805094525802 0
0.001612051796006368 -0.006405603247665471 0
0.0004361754050345594 -0.003268094641164841 0
0.0007679017813951387 -0.007625428425863061 0
0.001617814865016203 -0.007316666666666669 0
0.001248254726816112 -0.005737136502748881 0
0.001255928443384718 -0.006638239366993147 0
0.001241622288551189 -0.006194185044166779 0
0.0004273753299439759 -0.003990750698294579 0
0.00127068747149814 -0.007098122874964212 0
0.001269543319261628 -0.005367287164178577 0
0.0004009392564442657 -0.002840143686657943 0
0.0003579569841565559 -0.004360365546564647 0
0.001446920451922259 -0.00476018853110033 0
0.0003660254037844392 -0.00763397459621556 0
0.0002955932022048508 -0.004765320978163607 0
0.001675370982942085 -0.007685821066341403 0
0.001689545036961754 -0.004109274761400485 0
0.000323288023355011 -0.003669198297464082 0
0.0009877499891696438 -0.007303831141425243 0
0.0007611494509207028 -0.005082943369012877 0
0.0008586109433357478 -0.004836883377634833 0
0.0005758225485071039 -0.004923163722132013 0
0.001492755665048929 -0.004570376783246653 0
0.001723460225961129 -0.004785649821105721 0
0.0017692954390878 -0.004595838073252045 0
0.0006875972558408555 -0.005329393495094723 0
0.0009703856506694994 -0.005243113150597544 0
0.0017692954390878 -0.004368060295474266 0
0.0004185573307394126 -0.003054119163911392 0
0.0002004696282221328 -0.00292007184332897 0
0.0002180877025172796 -0.003134047320582419 0
0.0005347300668155174 -0.00288638373939141 0
0.0005523481411106642 -0.00310035921664486 0
0.001497658718263656 -0.004930228226761721 0
0.001774198492302527 -0.004955689516767113 0
0.0007466019957978727 -0.003983428756328832 0
0.0009921240716696932 -0.004147132458594308 0
0.0009872367355992064 -0.003901543342747387 0
0.0004844386215634999 -0.004721212354458788 0
0.0003869771291484549 -0.004967272345836831 0
0.0009594076532589001 -0.003685231716303374 0
0.001204929729130721 -0.003848935418568851 0
0.001245429148835803 -0.004878425777808014 0
0.001296167415177201 -0.005048465473469405 0
0.001156740582505487 -0.005181975094347137 0
0.001408970151933341 -0.005233777543300845 0
0.0006517758064547865 -0.003295496997187111 0
0.0005889450323809726 -0.003502967140823376 0
0.0008045454338011995 -0.003530369496845646 0
0.001461151924216391 -0.004087260903206674 0
0.001628460622418319 -0.003970376942106819 0
0.001400067509672955 -0.003948363083913008 0
0.001614067957568677 -0.00424491989839673 0
0.001385674844823314 -0.004222906040202919 0
0.0002330172728336776 -0.005872621854400269 0
0.0002330172728336776 -0.005622621854400268 0
0.0006510118820896712 -0.006350795594918306 0
0.0008620528134952214 -0.006217065573796587 0
0.00065354917698035 -0.006110951355011454 0
0.000472197800879707 -0.005457233711155299 0
0.0006814340006285036 -0.005617403492739965 0
0.0006653123270266276 -0.005861232521345139 0
0.0004542713956210775 -0.005994962542466857 0
0.0002212541227874 -0.006122340688066584 0
0.000690920537850152 -0.007079771341133623 0
0.0006701785739644902 -0.006825218418455585 0
0.0004738532818368668 -0.006992217674263628 0
0.0002265556589756024 -0.006868832375792795 0
0.0002472976228612644 -0.007123385298470833 0
0.0002391805280460295 -0.005334611856755025 0
0.0005004696282221329 -0.002670071843328971 0
0.0002265556589756024 -0.006618832375792793 0
0.0002180877025172796 -0.003384047320582417 0
0.0003797317141947852 -0.003468646469314462 0
0.0005325013415411983 -0.003703518968972997 0
0.0009275829414748262 -0.00437067671711725 0
0.00116821768127616 -0.004288791303535805 0
0.0007411726174460862 -0.007275300869183455 0
0.0009374979095737097 -0.007108301613375412 0
0.0008807117819877762 -0.005733392305284562 0
0.0004478097817630024 -0.006491173063859382 0
0.0002212541227874 -0.006372340688066584 0
0.00137952002484711 -0.007783997110297949 0
0.00112952002484711 -0.007783997110297949 0
0.001321133714628446 -0.004446450298725861 0
0.0002391805280460295 -0.005084611856755025 0
0.0006563134182778738 -0.006597287282644514 0
0.000178978492078278 -0.004430182773282319 0
0.000178978492078278 -0.004180182773282319 0
0.0002472976228612644 -0.007373385298470833 0
0.000873380674291159 -0.00668484094951451 0
0.001804696569054748 -0.005836111111111117 0
0.001804696569054748 -0.006063888888888895 0
0.00180779525637578 -0.006747614823671007 0
0.00180779525637578 -0.006975392601448784 0
0.001805146791773988 -0.005389735880596236 0
0.001805146791773988 -0.005617513658374015 0
0.001774198492302527 -0.005183467294544892 0
0.001806025898003184 -0.006291690512721627 0
0.001806025898003184 -0.006519468290499405 0
0.00107380719841532 -0.004754499293287222 0
0.0008884802960017207 -0.004594719646406358 0
0.0003926661570502659 -0.004175558122429613 0
0.000213687664971988 -0.003995375349147285 0
0.0007123866863952544 -0.00445306080146486 0
0.001050568903577866 -0.006325547428935109 0
0.001053106198468545 -0.006085703189028258 0
0.001071587136681247 -0.006775505726159365 0
0.001057721980994631 -0.006547574590348293 0
0.0008839508906975692 -0.00781271421293153 0
0.0006339508906975692 -0.00781271421293153 0
0.001610722467057932 -0.006177801623832738 0
0.001609843360828736 -0.005731402547262904 0
0.001613821154378963 -0.006633749780837073 0
0.001579345284076515 -0.005306536508474458 0
0.0008778258852823913 -0.007464629783644152 0
0.0006312485135588336 -0.007436099511402364 0
0.00101347091554468 -0.007596711323229479 0
0.001616702688883881 -0.007089281490337673 0
0.001808907432508102 -0.00720277777777778 0
0.001808907432508102 -0.007430555555555557 0
0.001078966650737958 -0.007005447480144897 0
0.001263307957441429 -0.006868181120978679 0
0.00108318838742564 -0.005428425220428983 0
0.001248775365967954 -0.006416212205579964 0
0.0004330127018922195 -0.007816987298107781 0
0.0001830127018922197 -0.007816987298107781 0
0.0001830127018922197 -0.00756698729810778 0
0.001056422417601006 -0.005857178918319308 0
0.001072544091202882 -0.005613349889714135 0
0.0001477966011024254 -0.0048826604890818 0
0.001837685491471042 -0.007842910533170702 0
0.001587685491471042 -0.007842910533170702 0
0.001275298501501776 -0.004636262046579538 0
0.0005845449948356808 -0.003864295169388245 0
0.0005894323309061679 -0.004109884285235166 0
0.001837685491471042 -0.007615132755392925 0
0.001439918451404802 -0.005440046129352189 0
0.001244938507683651 -0.00596566077345783 0
0.0001616440116775055 -0.003834599148732036 0
0.0001616440116775055 -0.003584599148732037 0
0.001444251168257171 -0.007207394770815441 0
0.00126486376059618 -0.007333058547780055 0
0.001438427457355212 -0.007442330443631283 0
0.001429274155182044 -0.005624970798637342 0
0.001428823932462804 -0.005843568251374443 0
0.001433990119695543 -0.006521921307329309 0
0.001435759478068139 -0.006750067840500911 0
0.001425507713330343 -0.006072092522083392 0
0.001426837042278779 -0.006299894145916125 0
0.001443138992124849 -0.006980009594486444 0
0.001467205516318153 -0.00762690764346865 0
0.0005547231580124578 -0.0042946917093702 0
0.0005156205125393525 -0.004518734638659308 0
0.000566963592589789 -0.007629701511039311 0
0.0003504696282221329 -0.002670071843328971 0
0.001844772518480753 -0.004004637380700242 0
0.001844772518480877 -0.00423241515847802 0
0.0003753316766494934 -0.003829974497879331 0
0.0001477966011024254 -0.004632660489081799 0
0.0004303103247534839 -0.007440372596578614 0
0.00125889902303887 -0.005552211833463729 0
0.001646592923979144 -0.007501243866504036 0
0.001129218730333892 -0.007200977008194728 0
0.001123395019431932 -0.00743591268101057 0
0.0003267750931807033 -0.004562843262364127 0
0.00015 -0.002749999999999998 0
2 17 0 188
1061
1062
1063
1064
1065
1066
1067
1068
1069
1070
1071
1072
1073
1074
1075
1076
1077
1078
1079
1080
1081
1082
1083
1084
1085
1086
1087
1088
1089
1090
1091
1092
1093
1094
1095
1096
1097
1098
1099
1100
1101
1102
1103
1104
1105
1106
1107
1108
1109
1110
1111
1112
1113
1114
1115
1116
1117
1118
1119
1120
1121
1122
1123
1124
1125
1126
1127
1128
1129
1130
1131
1132
1133
1134
1135
1136
1137
1138
1139
1140
1141
1142
1143
1144
1145
1146
1147
1148
1149
1150
1151
1152
1153
1154
1155
1156
1157
1158
1159
1160
1161
1162
1163
1164
1165
1166
1167
1168
1169
1170
1171
1172
1173
1174
1175
1176
1177
1178
1179
1180
1181
1182
1183
1184
1185
1186
1187
1188
1189
1190
1191
1192
1193
1194
1195
1196
1197
1198
1199
1200
1201
1202
1203
1204
1205
1206
1207
1208
1209
1210
1211
1212
1213
1214
1215
1216
1217
1218
1219
1220
1221
1222
1223
1224
1225
1226
1227
1228
1229
1230
1231
1232
1233
1234
1235
1236
1237
1238
1239
1240
1241
1242
1243
1244
1245
1246
1247
1248
-0.00161554874952719 0.006861897445058049 0
-0.001609393138109497 0.005950000000000006 0
-0.001548396984605067 0.005100267922423128 0
-0.00123275881147106 0.004065247045012886 0
-0.0004425074563828047 0.006244682850923818 0
-0.0004783610560920742 0.005169223713510086 0
-0.0007547850212576078 0.007620238587824813 0
-0.0007417146597274019 0.003737839640481938 0
-0.0007514893318683872 0.004229017872175786 0
-0.001103676551081329 0.004512335562058773 0
-0.000673284040922179 0.004677103730754003 0
-0.001043937845749372 0.004996663024515728 0
-0.000896833455589654 0.005489563276679417 0
-0.0004660345456673431 0.00574524370880056 0
-0.0008645899768538979 0.005977221579688189 0
-0.0008594149424765433 0.00645674901500036 0
-0.0004531046887384981 0.006737677139826868 0
-0.0008755360213127338 0.006907727549481824 0
-0.001538590878175641 0.004380565035392999 0
-0.001255872493268108 0.007573834575530016 0
-0.001612049259367375 0.006405603316363804 0
-0.001610293583547979 0.005512805094525813 0
-0.0004361754050345642 0.003268094641164857 0
-0.0004725024787050594 0.007235392207586465 0
-0.001617814865016203 0.007316666666666669 0
-0.001248254704894111 0.005737136543715305 0
-0.00125781543692059 0.006633333333333337 0
-0.001241919576437002 0.006193340631350167 0
-0.0004273753299439884 0.003990750698294613 0
-0.001270196335979565 0.00709813617610484 0
-0.001269543314877236 0.005367287172371878 0
-0.0004009392564442672 0.002840143686657949 0
-0.0003579569841565736 0.004360365546564679 0
-0.001446920451922282 0.004760188531100348 0
-0.0003660254037844398 0.007633974596215561 0
-0.0002955932022048863 0.004765320978163658 0
-0.001674737471656862 0.007686989137328226 0
-0.001689545036961789 0.004109274761400497 0
-0.0003232880233550148 0.003669198297464108 0
-0.000963927701817663 0.007298848813088373 0
-0.0007611494509207232 0.005082943369012907 0
-0.0008586109433357756 0.004836883377634866 0
-0.0005758225485071266 0.004923163722132045 0
-0.001492755665048961 0.004570376783246673 0
-0.001723460225961141 0.004785649821105731 0
-0.001769295439087821 0.004595838073252056 0
-0.0006875972558408641 0.005329393495094751 0
-0.0009703856506695131 0.005243113150597572 0
-0.001769295439087821 0.004368060295474277 0
-0.0004185573307394156 0.003054119163911403 0
-0.0002004696282221336 0.002920071843328975 0
-0.000218087702517282 0.003134047320582429 0
-0.0005347300668155199 0.002886383739391419 0
-0.0005523481411106683 0.003100359216644873 0
-0.001497658718263674 0.004930228226761738 0
-0.001774198492302533 0.004955689516767121 0
-0.0007466019957978946 0.003983428756328861 0
-0.0009921240716697234 0.004147132458594336 0
-0.0009872367355992307 0.003901543342747412 0
-0.0004844386215635326 0.004721212354458831 0
-0.0003869771291484803 0.004967272345836872 0
-0.0009594076532589201 0.003685231716303396 0
-0.001204929729130749 0.00384893541856887 0
-0.001245429148835827 0.004878425777808038 0
-0.001296167415177219 0.005048465473469428 0
-0.001156740580313304 0.005181975098443803 0
-0.001408970149741152 0.005233777547397503 0
-0.0006517758064547951 0.003295496997187127 0
-0.0005889450323809831 0.003502967140823397 0
-0.000804545433801214 0.003530369496845667 0
-0.001461151924216424 0.004087260903206691 0
-0.001628460622418353 0.003970376942106831 0
-0.001400067509672989 0.003948363083913026 0
-0.001614067957568715 0.004244919898396747 0
-0.00138567484482335 0.004222906040202942 0
-0.0002330172728336715 0.005872621854400285 0
-0.0002330172728336715 0.005622621854400284 0
-0.000650961199429674 0.006350715932962088 0
-0.0008620024596652206 0.006216985297344274 0
-0.0006535487166183514 0.006110952215306003 0
-0.0004721978008797086 0.005457233711155323 0
-0.0006814340006284985 0.005617403492739988 0
-0.0006653122612606205 0.005861232644244374 0
-0.0004542710010250739 0.005994963279862189 0
-0.0002212537281914024 0.006122341425461914 0
-0.000226552344369249 0.006868838569913438 0
-0.000226552344369249 0.00661883856991344 0
-0.0002391805280460371 0.005334611856755047 0
-0.0005004696282221335 0.002670071843328975 0
-0.000218087702517282 0.00338404732058243 0
-0.0003797317141947895 0.003468646469314482 0
-0.0005325013415412084 0.003703518968973023 0
-0.0007182150902613612 0.007267120510337418 0
-0.0009197318615651983 0.007103288181285098 0
-0.0006740192500088966 0.007071559878534145 0
-0.0009275829414748582 0.004370676717117279 0
-0.001168217681276194 0.004288791303535829 0
-0.000880711716221776 0.005733392428183802 0
-0.0004478060725606513 0.006491179995375343 0
-0.0002212537281914024 0.006372341425461914 0
-0.001127936246634054 0.007786917287765008 0
-0.001005328757262858 0.007597036581677414 0
-0.0008773925106288038 0.007810119293912406 0
-0.0006562598156075207 0.006597213077413614 0
-0.001321133714628485 0.004446450298725885 0
-0.001377936246634054 0.007786917287765008 0
-0.0002391805280460371 0.005084611856755046 0
-0.0004628035837217787 0.006986534673706667 0
-0.0006643203550256159 0.006822702344654347 0
-0.0001789784920782867 0.004430182773282341 0
-0.0001789784920782867 0.004180182773282341 0
-0.0006273925106288038 0.007810119293912406 0
-0.0008674754818946385 0.006682238282241092 0
-0.0008593563615376354 0.007459543700456593 0
-0.0006136437499813336 0.007427815397705639 0
-0.0002362512393525297 0.007117696103793236 0
-0.0002362512393525297 0.007367696103793234 0
-0.001807774374763595 0.006747615389195693 0
-0.001807774374763595 0.006975393166973471 0
-0.001804696569054748 0.005836111111111117 0
-0.001804696569054748 0.006063888888888895 0
-0.001805146791773989 0.005389735880596242 0
-0.001805146791773989 0.00561751365837402 0
-0.001774198492302533 0.005183467294544899 0
-0.001806024629683688 0.006291690547070794 0
-0.001806024629683688 0.006519468324848571 0
-0.001073807198415351 0.00475449929328725 0
-0.0008884802960017541 0.004594719646406388 0
-0.000392666157050281 0.004175558122429646 0
-0.0002136876649719942 0.003995375349147308 0
-0.000712386686395283 0.004453060801464894 0
-0.001050667259456773 0.006325044823175262 0
-0.00105325477664545 0.006085281105519177 0
-0.001610721198738436 0.006177801658181905 0
-0.001613799004447283 0.006633750380710927 0
-0.001609843360828738 0.005731402547262909 0
-0.001579345284076523 0.005306536508474471 0
-0.001066675729116662 0.006770530441407581 0
-0.001058615189698566 0.006545041174166849 0
-0.001616681807271697 0.007089282055862359 0
-0.001808907432508102 0.00720277777777778 0
-0.001808907432508102 0.007430555555555557 0
-0.001072866178646149 0.007002931862793332 0
-0.001264005886450077 0.006865734754719089 0
-0.001083188385233445 0.005428425224525647 0
-0.001249867506678796 0.006413336982341752 0
-0.0001830127018922199 0.007816987298107781 0
-0.0001830127018922199 0.007566987298107782 0
-0.0004330127018922198 0.007816987298107781 0
-0.001056422340874004 0.005857179061701747 0
-0.001072544080241882 0.00561334991019736 0
-0.0001477966011024432 0.004882660489081832 0
-0.001837368735828431 0.007843494568664114 0
-0.001587368735828431 0.007843494568664114 0
-0.001275298501501806 0.00463626204657956 0
-0.0005845449948356952 0.003864295169388275 0
-0.0005894323309061878 0.004109884285235199 0
-0.001837368735828431 0.007615716790886336 0
-0.001439918449212608 0.005440046133448846 0
-0.001245087140665556 0.005965238587532735 0
-0.0001616440116775073 0.003834599148732056 0
-0.0001616440116775073 0.003584599148732055 0
-0.001429274144221045 0.00562497081912056 0
-0.001428823921501804 0.005843568271857655 0
-0.001444005600497884 0.007207401421385754 0
-0.001263034414623836 0.007335985375817427 0
-0.001436843679142156 0.007445250621098342 0
-0.001434932348143982 0.006519468324848571 0
-0.00143668209322389 0.006747615389195693 0
-0.00142565635727325 0.006071670315675086 0
-0.001426984417902189 0.006299471973856986 0
-0.001442872542753378 0.006980016810581444 0
-0.0004192639412447496 0.007434683401901013 0
-0.001465304982462485 0.00763041185642912 0
-0.0005547231580124804 0.004294691709370232 0
-0.0005156205125393762 0.004518734638659341 0
-0.0003504696282221336 0.002670071843328975 0
-0.001844772518480792 0.004004637380700248 0
-0.001844772518480894 0.004232415158478026 0
-0.0003753316766495016 0.00382997449787936 0
-0.0001477966011024432 0.004632660489081831 0
-0.0005604052125210237 0.007627106592020188 0
-0.001109900097542885 0.007436341694309194 0
-0.001258899009885674 0.005552211858043592 0
-0.001646276168336533 0.007501827901997447 0
-0.001117062018898614 0.007198492494596606 0
-0.0003267750931807299 0.004562843262364168 0
-0.00015 0.002750000000000001 0
2 21 0 188
1249
1250
1251
1252
1253
1254
1255
1256
1257
1258
1259
1260
1261
1262
1263
1264
1265
1266
1267
1268
1269
1270
1271
1272
1273
1274
1275
1276
1277
1278
1279
1280
1281
1282
1283
1284
1285
1286
1287
1288
1289
1290
1291
1292
1293
1294
1295
1296
1297
1298
1299
1300
1301
1302
1303
1304
1305
1306
1307
1308
1309
1310
1311
1312
1313
1314
1315
1316
1317
1318
1319
1320
1321
1322
1323
1324
1325
1326
1327
1328
1329
1330
1331
1332
1333
1334
1335
1336
1337
1338
1339
1340
1341
1342
1343
1344
1345
1346
1347
1348
1349
1350
1351
1352
1353
1354
1355
1356
1357
1358
1359
1360
1361
1362
1363
1364
1365
1366
1367
1368
1369
1370
1371
1372
1373
1374
1375
1376
1377
1378
1379
1380
1381
1382
1383
1384
1385
1386
1387
1388
1389
1390
1391
1392
1393
1394
1395
1396
1397
1398
1399
1400
1401
1402
1403
1404
1405
1406
1407
1408
1409
1410
1411
1412
1413
1414
1415
1416
1417
1418
1419
1420
1421
1422
1423
1424
1425
1426
1427
1428
1429
1430
1431
1432
1433
1434
1435
1436
0.001619176422529955 0.006862121221832472 0
0.001608586186755605 0.005949999999999994 0
0.001614532391685076 0.005051572955502796 0
0.001198840277083492 0.004073706690783593 0
0.0004345325920500406 0.006240823849878043 0
0.0004248499445568717 0.005262990912633996 0
0.000754188716586423 0.007619294896063366 0
0.0008105326429091039 0.003862455110618166 0
0.0008291849927207629 0.004322658368933702 0
0.001228033101387087 0.004497087290445319 0
0.0008149379469777708 0.004724130302691041 0
0.0004284253655419332 0.005748503402577669 0
0.0008253260791314951 0.005521669700537082 0
0.0008379440438849582 0.005981091548338461 0
0.0008513780547256154 0.006454928410881154 0
0.0004554767222584788 0.006735771757752781 0
0.0008738280646235015 0.006905900731826932 0
0.001255338147443633 0.007572884600384009 0
0.0004245616548968176 0.003621264610758616 0
0.00162037639797451 0.006405723907342445 0
0.001614203618311244 0.005496558455546758 0
0.0004725102457132672 0.007233960021815459 0
0.00158949760539926 0.004247949939031145 0
0.001616856034423949 0.007316666666666666 0
0.00047306435304404 0.004531980638016952 0
0.0004309613679445992 0.004114836776753157 0
0.00122181584634392 0.00530510182909472 0
0.001224705770969394 0.005738699885215798 0
0.001232854563580407 0.00619396284751853 0
0.001247500981157166 0.006647620349803556 0
0.00127146611307255 0.007097373818948346 0
0.001623338718537616 0.004644438868453235 0
0.0003829998114296857 0.002804032536523352 0
0.0003905764252313964 0.003196803382102732 0
0.001214122181974665 0.004894123133608192 0
0.00036602540378444 0.007633974596215561 0
0.001674438836373517 0.007686799142299024 0
0.000782075086916521 0.005142407555462042 0
0.0009675912257408358 0.007296869907803574 0
0.0003677948254635223 0.004892288318159312 0
0.0004277615114207083 0.003868050693755887 0
0.0002154806839722996 0.00405741838837658 0
0.0002122808274484089 0.00381063230537931 0
0.0002122808274484089 0.003560632305379309 0
0.000407569040064107 0.003409033996430674 0
0.0006289763165532414 0.003259851367656106 0
0.0006459689313859519 0.003472081981984048 0
0.0005295486512090924 0.003064713587113834 0
0.0009938166448498341 0.003747539451371556 0
0.0008389544253920951 0.003592677231913823 0
0.0006175471489029607 0.003741859860688391 0
0.00179474880269963 0.004073974969515573 0
0.001578436906637189 0.004039714530922188 0
0.00179474880269963 0.004301752747293349 0
0.0006207470054268515 0.003988645943685661 0
0.0002154806839722996 0.00430741838837658 0
0.0004520128604943196 0.004323408707385054 0
0.00023653217652202 0.004515990319008479 0
0.0001952882126156982 0.003348401691051367 0
0.0002277383611292395 0.006617885878876396 0
0.0002277383611292395 0.006867885878876394 0
0.000525760344308237 0.002868328164324144 0
0.0004914999057148428 0.002652016268261676 0
0.0009207096451821687 0.007101385319815252 0
0.0007200507357270514 0.007265414964809517 0
0.0006731691551683844 0.007069930376821195 0
0.0006331847047134458 0.005864797475458065 0
0.0006362383179674994 0.006110957699108252 0
0.0004314789787959869 0.005994663626227857 0
0.0002142126827709666 0.00587425170128884 0
0.0002172662960250203 0.006120411924939026 0
0.0008446610493052868 0.006218009979609807 0
0.000642955323387828 0.006347876130379599 0
0.0004450046571542598 0.006488297803815412 0
0.0002172662960250203 0.006370411924939028 0
0.0006250880118441834 0.005392330306585539 0
0.0006268757223367141 0.005635086551557376 0
0.0004266376550494024 0.005505747157605832 0
0.0004639934839858731 0.00698486588978412 0
0.0006646523934409902 0.006820836244789857 0
0.0008316350615082266 0.005751380624437771 0
0.0002142126827709666 0.005624251701288839 0
0.0002124249722784358 0.005381495456317002 0
0.001004763432015028 0.007596089748223688 0
0.001127669073721817 0.007786442300192004 0
0.0008770943582932116 0.007809647448031683 0
0.0002124249722784358 0.005131495456317 0
0.001377669073721817 0.007786442300192004 0
0.001001945466630221 0.005223754692278381 0
0.0009980986344455931 0.005018265344535117 0
0.001217969014159293 0.005099612481351456 0
0.0006270943582932115 0.007809647448031683 0
0.0002362551228566336 0.007116980010907733 0
0.0008626030596745585 0.006680414571354043 0
0.0006534273884920472 0.006595350084316968 0
0.0002362551228566336 0.007366980010907732 0
0.000386788118330541 0.003000417959313042 0
0.0001952882126156982 0.003098401691051366 0
0.0001914999057148429 0.002902016268261676 0
0.001810188198987255 0.006519528620337887 0
0.001810188198987255 0.006291750842560108 0
0.001809588211264978 0.006975505055360679 0
0.001809588211264978 0.0067477272775829 0
0.001807266195842538 0.005159119811084729 0
0.001807266195842538 0.004931342033306952 0
0.001807101809155622 0.005609390338884487 0
0.001807101809155622 0.00538161256110671 0
0.001804293093377803 0.006063888888888883 0
0.001804293093377803 0.005836111111111105 0
0.0008608899711636294 0.00745808240193347 0
0.0006133494811498451 0.007426627458939412 0
0.00121343668923529 0.004285396990614455 0
0.001028609047053925 0.00440987282968951 0
0.001014012634902128 0.004198182529858647 0
0.001383108242479305 0.003952592906798411 0
0.001187970461937028 0.003853165241454269 0
0.0005749349561900216 0.005017347936810677 0
0.0005913663862206465 0.004808209310425176 0
0.0007985065169471459 0.004933268929076541 0
0.001014530064476218 0.004809126718149617 0
0.001611394902533425 0.005723279227773376 0
0.001614481292365058 0.00617786195367122 0
0.001619776410252233 0.006633922564587459 0
0.00161436800499816 0.005274065705524776 0
0.001021485524182429 0.00461060879656818 0
0.0008220614698492668 0.004523394335812371 0
0.001004686459996298 0.003968080900700879 0
0.0008198588178149333 0.004092556739775934 0
0.001035399303732682 0.006087527197928495 0
0.001042116309153011 0.006324445629199842 0
0.001049439517941391 0.006551274380342355 0
0.001060664522890334 0.006776760540815244 0
0.001808428017211975 0.007202777777777777 0
0.001618016228476952 0.007089393944249569 0
0.001808428017211975 0.007430555555555555 0
0.001394168941241376 0.004160828314907369 0
0.001408765353393173 0.004372518614738232 0
0.001025015925050445 0.00563018479287644 0
0.001031324907427176 0.005859895716777129 0
0.001811669359268808 0.004727774989782172 0
0.001811669359268808 0.004499997212004394 0
0.0006440011500109053 0.004628055470353996 0
0.0006511246728824014 0.004427319503475327 0
0.0001838974127317611 0.004696144159079658 0
0.0001838974127317611 0.004946144159079659 0
0.001259483547114858 0.006872497084375951 0
0.001072647088848026 0.007001637275387639 0
0.0004204295892537811 0.004712134478088132 0
0.00018301270189222 0.007566987298107782 0
0.00018301270189222 0.007816987298107781 0
0.00043301270189222 0.007816987298107781 0
0.000630073180332681 0.004218747572843429 0
0.001418009732327582 0.005400830142320739 0
0.001418174119014498 0.005178337392298758 0
0.001240177772368787 0.006420791598661043 0
0.0014166459788625 0.005844349942607896 0
0.001419454694640319 0.005617629170381278 0
0.001587219418186758 0.007843399571149512 0
0.001837219418186758 0.007843399571149512 0
0.001228780167274901 0.005966331366367164 0
0.001223260808656657 0.005521900857155259 0
0.001606418161968438 0.00444619440374219 0
0.001426615480777459 0.006299843377430487 0
0.001420720375168006 0.006071981423759263 0
0.001837219418186758 0.007615621793371734 0
0.001023570962737708 0.005413385764815901 0
0.001433938689565839 0.006526672128573 0
0.001433338701843561 0.006754870785818014 0
0.001263402130258092 0.007335129209666178 0
0.00144416107374825 0.007207020242807506 0
0.001436097090933791 0.007444775633525337 0
0.001425685909962352 0.004570763079449277 0
0.001445321267801253 0.006979747520390409 0
0.0004192678247488536 0.00743396730901551 0
0.001418730450256141 0.004769281001030714 0
0.001221077641680876 0.004695605212026756 0
0.001618935555111346 0.004848005911978016 0
0.001464888491908575 0.007629841871341516 0
0.0008037005830240081 0.005332038627999562 0
0.0003414999057148426 0.002652016268261676 0
0.001414327286829871 0.004972848044555494 0
0.000396322385010197 0.005077639615396654 0
0.0006034625157366963 0.005202699234048019 0
0.0005601070601854315 0.007626634746139464 0
0.001111464686592234 0.007434877254093791 0
0.001645647435398733 0.007501732904482845 0
0.001119528669406693 0.00719712186337596 0
0.0001499999999999999 0.002750000000000001 0
2 22 0 57
1437
1438
1439
1440
1441
1442
1443
1444
1445
1446
1447
1448
1449
1450
1451
1452
1453
1454
1455
1456
1457
1458
1459
1460
1461
1462
1463
1464
1465
1466
1467
1468
1469
1470
1471
1472
1473
1474
1475
1476
1477
1478
1479
1480
1481
1482
1483
1484
1485
1486
1487
1488
1489
1490
1491
1492
1493
-0.0005999999999999998 -0.002 0.0003
-0.0005999999999999998 -0.0015 0.0003
-0.0005999999999999998 -0.001 0.0003
-0.0005999999999999998 -0.0005000000000000004 0.0003
-0.0005999999999999998 -4.336808689942018e-19 0.0003
-0.0005999999999999998 0.0005 0.0003
-0.0005999999999999998 0.001 0.0003
-0.0005999999999999998 0.0015 0.0003
-0.0005999999999999998 0.002 0.0003
-0.0005999999999999998 -0.00225 0.0003
-0.0005999999999999998 -0.002 0.00015
-0.0005999999999999998 -0.00225 0.00015
-0.0005999999999999998 -0.002 0.00045
-0.0005999999999999998 -0.00225 0.0004499999999999999
-0.0005999999999999998 -0.00175 0.0003
-0.0005999999999999998 -0.0015 0.00015
-0.0005999999999999998 -0.00175 0.00015
-0.0005999999999999998 -0.0015 0.00045
-0.0005999999999999998 -0.00175 0.00045
-0.0005999999999999998 -0.00125 0.0003
-0.0005999999999999998 -0.001 0.00015
-0.0005999999999999998 -0.00125 0.00015
-0.0005999999999999998 -0.001 0.00045
-0.0005999999999999998 -0.00125 0.00045
-0.0005999999999999998 -0.0007500000000000002 0.0003
-0.0005999999999999998 -0.0005000000000000004 0.00015
-0.0005999999999999998 -0.0007500000000000003 0.00015
-0.0005999999999999998 -0.0005000000000000004 0.00045
-0.0005999999999999998 -0.0007500000000000003 0.00045
-0.0005999999999999998 -0.0002500000000000007 0.0003
-0.0005999999999999998 -4.336808689942018e-19 0.00015
-0.0005999999999999998 -0.0002500000000000004 0.00015
-0.0005999999999999998 -4.336808689942018e-19 0.00045
-0.0005999999999999998 -0.0002500000000000004 0.00045
-0.0005999999999999998 0.0002499999999999998 0.0003
-0.0005999999999999998 0.0005 0.00015
-0.0005999999999999998 0.0002499999999999998 0.00015
-0.0005999999999999998 0.0005 0.00045
-0.0005999999999999998 0.0002499999999999998 0.00045
-0.0005999999999999998 0.0007500000000000002 0.0003
-0.0005999999999999998 0.001 0.00015
-0.0005999999999999998 0.0007500000000000002 0.00015
-0.0005999999999999998 0.001 0.00045
-0.0005999999999999998 0.0007500000000000002 0.00045
-0.0005999999999999998 0.00125 0.0003
-0.0005999999999999998 0.0015 0.00015
-0.0005999999999999998 0.00125 0.00015
-0.0005999999999999998 0.0015 0.00045
-0.0005999999999999998 0.00125 0.00045
-0.0005999999999999998 0.00175 0.0003
-0.0005999999999999998 0.002 0.00015
-0.0005999999999999998 0.00175 0.00015
-0.0005999999999999998 0.002 0.00045
-0.0005999999999999998 0.00175 0.00045
-0.0005999999999999998 0.002250000000000001 0.0003
-0.0005999999999999998 0.002250000000000001 0.00015
-0.0005999999999999998 0.002250000000000001 0.0004499999999999999
2 23 0 9
1494
1495
1496
1497
1498
1499
1500
1501
1502
-0.0003 0.0025 0.0003
-0.0003 0.0025 0.00015
-0.00015 0.0025 0.0003
-0.00015 0.0025 0.00015
-0.0003 0.0025 0.00045
-0.00015 0.0025 0.0004499999999999999
-0.00045 0.0025 0.0003
-0.0004499999999999999 0.0025 0.00015
-0.0004499999999999999 0.0025 0.0004499999999999999
2 24 0 57
1503
1504
1505
1506
1507
1508
1509
1510
1511
1512
1513
1514
1515
1516
1517
1518
1519
1520
1521
1522
1523
1524
1525
1526
1527
1528
1529
1530
1531
1532
1533
1534
1535
1536
1537
1538
1539
1540
1541
1542
1543
1544
1545
1546
1547
1548
1549
1550
1551
1552
1553
1554
1555
1556
1557
1558
1559
0 -0.002 0.0003
0 -0.0015 0.0003
0 -0.001 0.0003
0 -0.0005000000000000004 0.0003
0 -4.336808689942018e-19 0.0003
0 0.0005 0.0003
0 0.001 0.0003
0 0.0015 0.0003
0 0.002 0.0003
0 -0.002 0.00015
0 -0.00225 0.0003
0 -0.00225 0.00015
0 -0.002 0.00045
0 -0.00225 0.0004499999999999999
0 -0.0015 0.00015
0 -0.00175 0.0003
0 -0.001750000000000001 0.00015
0 -0.0015 0.00045
0 -0.001750000000000001 0.0004499999999999999
0 -0.001 0.00015
0 -0.00125 0.0003
0 -0.00125 0.00015
0 -0.001 0.00045
0 -0.00125 0.0004499999999999999
0 -0.0005000000000000004 0.00015
0 -0.0007500000000000002 0.0003
0 -0.0007500000000000004 0.00015
0 -0.0005000000000000004 0.00045
0 -0.0007500000000000004 0.0004499999999999999
0 -4.336808689942018e-19 0.00015
0 -0.0002500000000000007 0.0003
0 -0.0002500000000000004 0.00015
0 -4.336808689942018e-19 0.00045
0 -0.0002500000000000004 0.0004499999999999999
0 0.0005 0.00015
0 0.0002499999999999998 0.0003
0 0.0002499999999999998 0.00015
0 0.0005 0.00045
0 0.0002499999999999998 0.0004499999999999999
0 0.001 0.00015
0 0.0007500000000000002 0.0003
0 0.0007500000000000002 0.00015
0 0.001 0.00045
0 0.0007500000000000002 0.0004499999999999999
0 0.0015 0.00015
0 0.00125 0.0003
0 0.00125 0.00015
0 0.0015 0.00045
0 0.00125 0.0004499999999999999
0 0.002 0.00015
0 0.00175 0.0003
0 0.00175 0.00015
0 0.002 0.00045
0 0.00175 0.0004499999999999999
0 0.002250000000000001 0.0003
0 0.002250000000000001 0.00015
0 0.002250000000000001 0.0004499999999999999
2 25 0 9
1560
1561
1562
1563
1564
1565
1566
1567
1568
-0.0002999999999999997 -0.0025 0.0003
-0.0002999999999999997 -0.0025 0.00015
-0.0004499999999999998 -0.0025 0.0003
-0.0004499999999999999 -0.0025 0.00015
-0.0002999999999999997 -0.0025 0.00045
-0.0004499999999999999 -0.0025 0.0004499999999999999
-0.0001499999999999999 -0.0025 0.0003
-0.0001499999999999999 -0.0025 0.00015
-0.0001499999999999999 -0.0025 0.0004499999999999999
2 26 0 61
1569
1570
1571
1572
1573
1574
1575
1576
1577
1578
1579
1580
1581
1582
1583
1584
1585
1586
1587
1588
1589
1590
1591
1592
1593
1594
1595
1596
1597
1598
1599
1600
1601
1602
1603
1604
1605
1606
1607
1608
1609
1610
1611
1612
1613
1614
1615
1616
1617
1618
1619
1620
1621
1622
1623
1624
1625
1626
1627
1628
1629
-0.0003 0.00175 0.0005999999999999999
-0.0002999999999999998 0.002194523809523809 0.0005999999999999999
-0.0002999999999999999 -0.0007500000000000002 0.0005999999999999999
-0.0003 -0.00175 0.0005999999999999999
-0.0002999999999999999 -0.002194523809523809 0.0005999999999999999
-0.0002999999999999999 0.0002499999999999998 0.0005999999999999999
-0.0002999999999999999 -0.00125 0.0005999999999999999
-0.0002999999999999999 -0.0002500000000000004 0.0005999999999999999
-0.0002999999999999999 0.00075 0.0005999999999999999
-0.0002999999999999999 0.00125 0.0005999999999999999
-0.00015 -0.002347261904761905 0.0005999999999999999
-0.0002999999999999998 -0.002347261904761905 0.0005999999999999999
-0.0004499999999999999 -0.002347261904761905 0.0005999999999999999
-0.0002999999999999999 0.002347261904761905 0.0005999999999999999
-0.00015 0.002347261904761905 0.0005999999999999999
-0.0004499999999999999 0.002347261904761905 0.0005999999999999999
-0.00015 -0.002097261904761905 0.0005999999999999999
-0.0004499999999999999 0.002097261904761905 0.0005999999999999999
-0.00015 0.002097261904761905 0.0005999999999999999
-0.0004499999999999999 -0.002097261904761905 0.0005999999999999999
-0.0002999999999999999 -0.001 0.0005999999999999999
-0.00015 -0.001125 0.0005999999999999999
-0.00015 -0.0008750000000000002 0.0005999999999999999
-0.00015 0.001875 0.0005999999999999999
-0.00015 0.001625 0.0005999999999999999
-0.0004499999999999999 -0.001375 0.0005999999999999999
-0.0004499999999999999 -0.001125 0.0005999999999999999
-0.0004499999999999999 0.001625 0.0005999999999999999
-0.0004499999999999999 0.001875 0.0005999999999999999
-0.00015 0.0003749999999999999 0.0005999999999999999
-0.00015 0.0001249999999999997 0.0005999999999999999
-0.0004499999999999999 -0.0008750000000000002 0.0005999999999999999
-0.0004499999999999999 0.0001249999999999997 0.0005999999999999999
-0.0004499999999999999 0.0003749999999999999 0.0005999999999999999
-0.0002999999999999999 0.0004999999999999999 0.0005999999999999999
-0.0004499999999999999 0.000625 0.0005999999999999999
-0.00015 -0.001625 0.0005999999999999999
-0.00015 -0.001875 0.0005999999999999999
-0.00015 0.000625 0.0005999999999999999
-0.00015 0.001125 0.0005999999999999999
-0.0002999999999999999 0.001 0.0005999999999999999
-0.00015 0.000875 0.0005999999999999999
-0.00015 -0.001375 0.0005999999999999999
-0.00015 -0.0006250000000000003 0.0005999999999999999
-0.00015 -0.0001250000000000004 0.0005999999999999999
-0.00015 -0.0003750000000000004 0.0005999999999999999
-0.0002999999999999999 -0.0005000000000000003 0.0005999999999999999
-0.0002999999999999999 -3.252606517456513e-19 0.0005999999999999999
-0.0002999999999999999 0.0015 0.0005999999999999999
-0.00015 0.001375 0.0005999999999999999
-0.0004499999999999999 -0.001875 0.0005999999999999999
-0.0004499999999999999 -0.001625 0.0005999999999999999
-0.0004499999999999999 -0.0006250000000000003 0.0005999999999999999
-0.0004499999999999999 -0.0003750000000000004 0.0005999999999999999
-0.0004499999999999999 -0.0001250000000000004 0.0005999999999999999
-0.0004499999999999999 0.001375 0.0005999999999999999
-0.0004499999999999999 0.001125 0.0005999999999999999
-0.0002999999999999999 -0.0015 0.0005999999999999999
-0.0004499999999999999 0.000875 0.0005999999999999999
-0.0002999999999999999 -0.001972261904761905 0.0005999999999999999
-0.0002999999999999999 0.001972261904761905 0.0005999999999999999
2 27 0 9
1630
1631
1632
1633
1634
1635
1636
1637
1638
0.0002999999999999997 0.0025 0.0003
0.0002999999999999997 0.0025 0.00015
0.0004499999999999998 0.0025 0.0003
0.0004499999999999999 0.0025 0.00015
0.0002999999999999997 0.0025 0.00045
0.0004499999999999999 0.0025 0.0004499999999999999
0.0001499999999999999 0.0025 0.0003
0.0001499999999999999 0.0025 0.00015
0.0001499999999999999 0.0025 0.0004499999999999999
2 28 0 57
1639
1640
1641
1642
1643
1644
1645
1646
1647
1648
1649
1650
1651
1652
1653
1654
1655
1656
1657
1658
1659
1660
1661
1662
1663
1664
1665
1666
1667
1668
1669
1670
1671
1672
1673
1674
1675
1676
1677
1678
1679
1680
1681
1682
1683
1684
1685
1686
1687
1688
1689
1690
1691
1692
1693
1694
1695
0.0005999999999999999 0.002 0.0003
0.0005999999999999999 0.0015 0.0003
0.0005999999999999999 0.001 0.0003
0.0005999999999999999 0.0005000000000000004 0.0003
0.0005999999999999999 4.336808689942018e-19 0.0003
0.0005999999999999999 -0.0005 0.0003
0.0005999999999999999 -0.001 0.0003
0.0005999999999999999 -0.0015 0.0003
0.0005999999999999999 -0.002 0.0003
0.0005999999999999999 0.00225 0.0003
0.0005999999999999999 0.002 0.00015
0.0005999999999999999 0.00225 0.00015
0.0005999999999999999 0.002 0.00045
0.0005999999999999999 0.00225 0.0004499999999999999
0.0005999999999999999 0.00175 0.0003
0.0005999999999999999 0.0015 0.00015
0.0005999999999999999 0.00175 0.00015
0.0005999999999999999 0.0015 0.00045
0.0005999999999999999 0.00175 0.00045
0.0005999999999999999 0.00125 0.0003
0.0005999999999999999 0.001 0.00015
0.0005999999999999999 0.00125 0.00015
0.0005999999999999999 0.001 0.00045
0.0005999999999999999 0.00125 0.00045
0.0005999999999999999 0.0007500000000000002 0.0003
0.0005999999999999999 0.0005000000000000004 0.00015
0.0005999999999999999 0.0007500000000000003 0.00015
0.0005999999999999999 0.0005000000000000004 0.00045
0.0005999999999999999 0.0007500000000000003 0.00045
0.0005999999999999999 0.0002500000000000007 0.0003
0.0005999999999999999 4.336808689942018e-19 0.00015
0.0005999999999999999 0.0002500000000000004 0.00015
0.0005999999999999999 4.336808689942018e-19 0.00045
0.0005999999999999999 0.0002500000000000004 0.00045
0.0005999999999999999 -0.0002499999999999998 0.0003
0.0005999999999999999 -0.0005 0.00015
0.0005999999999999999 -0.0002499999999999998 0.00015
0.0005999999999999999 -0.0005 0.00045
0.0005999999999999999 -0.0002499999999999998 0.00045
0.0005999999999999999 -0.0007500000000000002 0.0003
0.0005999999999999999 -0.001 0.00015
0.0005999999999999999 -0.0007500000000000002 0.00015
0.0005999999999999999 -0.001 0.00045
0.0005999999999999999 -0.0007500000000000002 0.00045
0.0005999999999999999 -0.00125 0.0003
0.0005999999999999999 -0.0015 0.00015
0.0005999999999999999 -0.00125 0.00015
0.0005999999999999999 -0.0015 0.00045
0.0005999999999999999 -0.00125 0.00045
0.0005999999999999999 -0.00175 0.0003
0.0005999999999999999 -0.002 0.00015
0.0005999999999999999 -0.00175 0.00015
0.0005999999999999999 -0.002 0.00045
0.0005999999999999999 -0.00175 0.00045
0.0005999999999999999 -0.002250000000000001 0.0003
0.0005999999999999999 -0.002250000000000001 0.00015
0.0005999999999999999 -0.002250000000000001 0.0004499999999999999
2 29 0 9
1696
1697
1698
1699
1700
1701
1702
1703
1704
0.0003 -0.0025 0.0003
0.0003 -0.0025 0.00015
0.00015 -0.0025 0.0003
0.00015 -0.0025 0.00015
0.0003 -0.0025 0.00045
0.00015 -0.0025 0.0004499999999999999
0.00045 -0.0025 0.0003
0.00045 -0.0025 0.00015
0.00045 -0.0025 0.0004499999999999999
2 30 0 61
1705
1706
1707
1708
1709
1710
1711
1712
1713
1714
1715
1716
1717
1718
1719
1720
1721
1722
1723
1724
1725
1726
1727
1728
1729
1730
1731
1732
1733
1734
1735
1736
1737
1738
1739
1740
1741
1742
1743
1744
1745
1746
1747
1748
1749
1750
1751
1752
1753
1754
1755
1756
1757
1758
1759
1760
1761
1762
1763
1764
1765
0.0003 -0.00125 0.0005999999999999999
0.0003 0.00125 0.0005999999999999999
0.0003000000000000002 -0.00175 0.0005999999999999999
0.0003000000000000001 -0.00219452380952381 0.0005999999999999999
0.0002999999999999998 0.00175 0.0005999999999999999
0.0003 0.00219452380952381 0.0005999999999999999
0.0002999999999999999 -0.0007500000000000002 0.0005999999999999999
0.0003000000000000001 0.0007500000000000002 0.0005999999999999999
0.0003000000000000001 -0.00025 0.0005999999999999999
0.0003000000000000001 0.0002500000000000003 0.0005999999999999999
0.00015 0.002347261904761905 0.0005999999999999999
0.0002999999999999999 0.002347261904761905 0.0005999999999999999
0.0003000000000000001 -0.002347261904761905 0.0005999999999999999
0.0001500000000000001 -0.002347261904761905 0.0005999999999999999
0.0004499999999999999 0.002347261904761905 0.0005999999999999999
0.0004500000000000001 -0.002347261904761905 0.0005999999999999999
0.00015 0.002097261904761905 0.0005999999999999999
0.0001500000000000001 -0.002097261904761905 0.0005999999999999999
0.0004500000000000001 -0.002097261904761905 0.0005999999999999999
0.00045 0.002097261904761905 0.0005999999999999999
0.0003000000000000001 1.084202172485504e-19 0.0005999999999999999
0.0001500000000000001 0.0001249999999999999 0.0005999999999999999
0.0001500000000000001 -0.0001250000000000002 0.0005999999999999999
0.0004500000000000001 0.0001250000000000004 0.0005999999999999999
0.0004500000000000001 -0.0001249999999999998 0.0005999999999999999
0.00015 -0.001375 0.0005999999999999999
0.00015 -0.001125 0.0005999999999999999
0.0001500000000000001 0.0003750000000000001 0.0005999999999999999
0.00015 0.001625 0.0005999999999999999
0.00015 0.001875 0.0005999999999999999
0.00045 0.001375 0.0005999999999999999
0.00045 0.001125 0.0005999999999999999
0.0004500000000000001 -0.001625 0.0005999999999999999
0.0004500000000000001 -0.001875 0.0005999999999999999
0.0004500000000000001 -0.000375 0.0005999999999999999
0.0001500000000000002 -0.001875 0.0005999999999999999
0.0001500000000000002 -0.001625 0.0005999999999999999
0.0001500000000000001 0.0008750000000000001 0.0005999999999999999
0.0003000000000000001 0.001 0.0005999999999999999
0.00015 0.001125 0.0005999999999999999
0.0004499999999999999 0.001875 0.0005999999999999999
0.0004499999999999999 0.001625 0.0005999999999999999
0.0004499999999999999 -0.0008750000000000001 0.0005999999999999999
0.0002999999999999999 -0.001 0.0005999999999999999
0.00045 -0.001125 0.0005999999999999999
0.0003 -0.0005000000000000001 0.0005999999999999999
0.0001500000000000001 -0.0003750000000000002 0.0005999999999999999
0.00015 -0.0006250000000000003 0.0005999999999999999
0.00015 -0.0008750000000000002 0.0005999999999999999
0.0001500000000000001 0.0006250000000000001 0.0005999999999999999
0.0003000000000000001 0.0005000000000000002 0.0005999999999999999
0.0004500000000000001 0.0008750000000000002 0.0005999999999999999
0.0004500000000000001 0.0006250000000000003 0.0005999999999999999
0.0004499999999999999 -0.0006250000000000001 0.0005999999999999999
0.00015 0.001375 0.0005999999999999999
0.0004500000000000001 0.0003750000000000003 0.0005999999999999999
0.00045 -0.001375 0.0005999999999999999
0.0003000000000000001 -0.0015 0.0005999999999999999
0.0002999999999999999 0.0015 0.0005999999999999999
0.0002999999999999999 0.001972261904761905 0.0005999999999999999
0.0003000000000000001 -0.001972261904761905 0.0005999999999999999
2 31 0 51
1766
1767
1768
1769
1770
1771
1772
1773
1774
1775
1776
1777
1778
1779
1780
1781
1782
1783
1784
1785
1786
1787
1788
1789
1790
1791
1792
1793
1794
1795
1796
1797
1798
1799
1800
1801
1802
1803
1804
1805
1806
1807
1808
1809
1810
1811
1812
1813
1814
1815
1816
-0.002 -0.004355555555555554 0.0003
-0.002 -0.004811111111111108 0.0003
-0.002 -0.005266666666666663 0.0003
-0.002 -0.005722222222222217 0.0003
-0.002 -0.006177777777777772 0.0003
-0.002 -0.00663333333333333 0.0003
-0.002 -0.007088888888888887 0.0003
-0.002 -0.007544444444444444 0.0003
-0.002 -0.004355555555555554 0.00015
-0.002 -0.004127777777777777 0.0003
-0.002 -0.004127777777777777 0.00015
-0.002 -0.004355555555555554 0.00045
-0.002 -0.004127777777777777 0.0004499999999999999
-0.002 -0.004811111111111108 0.00015
-0.002 -0.004583333333333332 0.0003
-0.002 -0.004583333333333332 0.00015
-0.002 -0.004811111111111108 0.00045
-0.002 -0.004583333333333332 0.0004499999999999999
-0.002 -0.005266666666666663 0.00015
-0.002 -0.005038888888888885 0.0003
-0.002 -0.005038888888888885 0.00015
-0.002 -0.005266666666666663 0.00045
-0.002 -0.005038888888888885 0.0004499999999999999
-0.002 -0.005722222222222217 0.00015
-0.002 -0.00549444444444444 0.0003
-0.002 -0.005494444444444439 0.00015
-0.002 -0.005722222222222217 0.00045
-0.002 -0.005494444444444439 0.0004499999999999999
-0.002 -0.006177777777777772 0.00015
-0.002 -0.005949999999999994 0.0003
-0.002 -0.005949999999999993 0.00015
-0.002 -0.006177777777777772 0.00045
-0.002 -0.005949999999999993 0.0004499999999999999
-0.002 -0.00663333333333333 0.00015
-0.002 -0.006405555555555551 0.0003
-0.002 -0.006405555555555551 0.00015
-0.002 -0.00663333333333333 0.00045
-0.002 -0.006405555555555551 0.0004499999999999999
-0.002 -0.007088888888888887 0.00015
-0.002 -0.006861111111111108 0.0003
-0.002 -0.006861111111111108 0.00015
-0.002 -0.007088888888888887 0.00045
-0.002 -0.006861111111111108 0.0004499999999999999
-0.002 -0.007544444444444444 0.00015
-0.002 -0.007316666666666666 0.0003
-0.002 -0.007316666666666665 0.00015
-0.002 -0.007544444444444444 0.00045
-0.002 -0.007316666666666665 0.0004499999999999999
-0.002 -0.007772222222222222 0.0003
-0.002 -0.007772222222222222 0.00015
-0.002 -0.007772222222222222 0.0004499999999999999
2 32 0 27
1817
1818
1819
1820
1821
1822
1823
1824
1825
1826
1827
1828
1829
1830
1831
1832
1833
1834
1835
1836
1837
1838
1839
1840
1841
1842
1843
-0.001567376207874919 -0.003831479122813165 0.0003
-0.00117710064679044 -0.003632623792124856 0.0003
-0.0008673762078750271 -0.003322899353209398 0.0003
-0.0006685208771867728 -0.002932623792124889 0.0003
-0.001780991748943495 -0.003882763676833164 0.0003
-0.001567376207874919 -0.003831479122813165 0.00015
-0.001780991748943495 -0.003882763676833164 0.00015
-0.001567376207874919 -0.003831479122813165 0.00045
-0.001780991748943495 -0.003882763676833164 0.0004499999999999999
-0.001364413300364509 -0.003747409133863651 0.0003
-0.001177100646790441 -0.003632623792124856 0.00015
-0.001364413300364509 -0.00374740913386365 0.00015
-0.001177100646790441 -0.003632623792124856 0.00045
-0.001364413300364509 -0.00374740913386365 0.00045
-0.001010050506338763 -0.003489949493661096 0.0003
-0.0008673762078750271 -0.003322899353209398 0.00015
-0.001010050506338764 -0.003489949493661096 0.00015
-0.0008673762078750271 -0.003322899353209398 0.00045
-0.001010050506338764 -0.003489949493661096 0.00045
-0.000752590866136258 -0.003135586699635312 0.0003
-0.0006685208771867728 -0.002932623792124889 0.00015
-0.0007525908661362581 -0.003135586699635312 0.00015
-0.0006685208771867728 -0.002932623792124889 0.00045
-0.0007525908661362581 -0.003135586699635312 0.00045
-0.0006172363231668043 -0.002719008251056304 0.0003
-0.0006172363231668043 -0.002719008251056304 0.00015
-0.0006172363231668043 -0.002719008251056304 0.0004499999999999999
2 33 0 63
1844
1845
1846
1847
1848
1849
1850
1851
1852
1853
1854
1855
1856
1857
1858
1859
1860
1861
1862
1863
1864
1865
1866
1867
1868
1869
1870
1871
1872
1873
1874
1875
1876
1877
1878
1879
1880
1881
1882
1883
1884
1885
1886
1887
1888
1889
1890
1891
1892
1893
1894
1895
1896
1897
1898
1899
1900
1901
1902
1903
1904
1905
1906
0 -0.0075 0.0003
0 -0.006999999999999998 0.0003
0 -0.006499999999999996 0.0003
0 -0.005999999999999995 0.0003
0 -0.005499999999999994 0.0003
0 -0.004999999999999992 0.0003
0 -0.00449999999999999 0.0003
0 -0.00399999999999999 0.0003
0 -0.003499999999999993 0.0003
0 -0.002999999999999997 0.0003
0 -0.0075 0.00015
0 -0.00775 0.0003
0 -0.00775 0.00015
0 -0.0075 0.00045
0 -0.00775 0.0004499999999999999
0 -0.006999999999999998 0.00015
0 -0.007249999999999999 0.0003
0 -0.007249999999999999 0.00015
0 -0.006999999999999998 0.00045
0 -0.007249999999999999 0.0004499999999999999
0 -0.006499999999999996 0.00015
0 -0.006749999999999997 0.0003
0 -0.006749999999999997 0.00015
0 -0.006499999999999996 0.00045
0 -0.006749999999999997 0.0004499999999999999
0 -0.005999999999999995 0.00015
0 -0.006249999999999995 0.0003
0 -0.006249999999999996 0.00015
0 -0.005999999999999995 0.00045
0 -0.006249999999999996 0.0004499999999999999
0 -0.005499999999999994 0.00015
0 -0.005749999999999995 0.0003
0 -0.005749999999999995 0.00015
0 -0.005499999999999994 0.00045
0 -0.005749999999999995 0.0004499999999999999
0 -0.004999999999999992 0.00015
0 -0.005249999999999993 0.0003
0 -0.005249999999999993 0.00015
0 -0.004999999999999992 0.00045
0 -0.005249999999999993 0.0004499999999999999
0 -0.00449999999999999 0.00015
0 -0.004749999999999991 0.0003
0 -0.004749999999999991 0.00015
0 -0.00449999999999999 0.00045
0 -0.004749999999999991 0.0004499999999999999
0 -0.00399999999999999 0.00015
0 -0.00424999999999999 0.0003
0 -0.00424999999999999 0.00015
0 -0.00399999999999999 0.00045
0 -0.00424999999999999 0.0004499999999999999
0 -0.003499999999999993 0.00015
0 -0.003749999999999991 0.0003
0 -0.003749999999999991 0.00015
0 -0.003499999999999993 0.00045
0 -0.003749999999999991 0.0004499999999999999
0 -0.002999999999999997 0.00015
0 -0.003249999999999994 0.0003
0 -0.003249999999999994 0.00015
0 -0.002999999999999997 0.00045
0 -0.003249999999999994 0.0004499999999999999
0 -0.002749999999999999 0.0003
0 -0.002749999999999999 0.00015
0 -0.002749999999999999 0.0004499999999999999
2 34 0 21
1907
1908
1909
1910
1911
1912
1913
1914
1915
1916
1917
1918
1919
1920
1921
1922
1923
1924
1925
1926
1927
-0.0015 -0.008 0.0003
-0.001 -0.008 0.0003
-0.0005 -0.008 0.0003
-0.0015 -0.008 0.00015
-0.00175 -0.008 0.0003
-0.00175 -0.008 0.00015
-0.0015 -0.008 0.00045
-0.00175 -0.008 0.0004499999999999999
-0.001 -0.008 0.00015
-0.00125 -0.008 0.0003
-0.00125 -0.008 0.00015
-0.001 -0.008 0.00045
-0.00125 -0.008 0.0004499999999999999
-0.0005 -0.008 0.00015
-0.0007500000000000002 -0.008 0.0003
-0.0007500000000000002 -0.008 0.00015
-0.0005 -0.008 0.00045
-0.0007500000000000002 -0.008 0.0004499999999999999
-0.00025 -0.008 0.0003
-0.00025 -0.008 0.00015
-0.00025 -0.008 0.0004499999999999999
2 35 0 184
1928
1929
1930
1931
1932
1933
1934
1935
1936
1937
1938
1939
1940
1941
1942
1943
1944
1945
1946
1947
1948
1949
1950
1951
1952
1953
1954
1955
1956
1957
1958
1959
1960
1961
1962
1963
1964
1965
1966
1967
1968
1969
1970
1971
1972
1973
1974
1975
1976
1977
1978
1979
1980
1981
1982
1983
1984
1985
1986
1987
1988
1989
1990
1991
1992
1993
1994
1995
1996
1997
1998
1999
2000
2001
2002
2003
2004
2005
2006
2007
2008
2009
2010
2011
2012
2013
2014
2015
2016
2017
2018
2019
2020
2021
2022
2023
2024
2025
2026
2027
2028
2029
2030
2031
2032
2033
2034
2035
2036
2037
2038
2039
2040
2041
2042
2043
2044
2045
2046
2047
2048
2049
2050
2051
2052
2053
2054
2055
2056
2057
2058
2059
2060
2061
2062
2063
2064
2065
2066
2067
2068
2069
2070
2071
2072
2073
2074
2075
2076
2077
2078
2079
2080
2081
2082
2083
2084
2085
2086
2087
2088
2089
2090
2091
2092
2093
2094
2095
2096
2097
2098
2099
2100
2101
2102
2103
2104
2105
2106
2107
2108
2109
2110
2111
-0.001619347875178818 -0.006862206332761348 0.0005999999999999999
-0.001608586186755605 -0.005949999999999994 0.0005999999999999999
-0.001614532391685073 -0.005051572955502789 0.0005999999999999999
-0.001198840277083327 -0.004073706690783487 0.0005999999999999999
-0.0004345325920500408 -0.00624082384987803 0.0005999999999999999
-0.0004248499445568764 -0.005262990912633973 0.0005999999999999999
-0.0004219580797431692 -0.007246808194728368 0.0005999999999999999
-0.0008105326429089894 -0.003862455110618002 0.0005999999999999999
-0.0008291849927206171 -0.004322658368933508 0.0005999999999999999
-0.001242691863988819 -0.007526238416386534 0.0005999999999999999
-0.001228033101386964 -0.00449708729044523 0.0005999999999999999
-0.0008149379469777221 -0.004724130302690897 0.0005999999999999999
-0.0004284253655419339 -0.005748503402577654 0.0005999999999999999
-0.000825326079131504 -0.005521669700537059 0.0005999999999999999
-0.0008379440438849589 -0.005981091548338449 0.0005999999999999999
-0.0008490836354590348 -0.006463395483875561 0.0005999999999999999
-0.0004369965615085511 -0.006741482664674002 0.0005999999999999999
-0.0008930476579201433 -0.007041498603373279 0.0005999999999999999
-0.0004245616548967801 -0.003621264610758504 0.0005999999999999999
-0.001620404973415986 -0.006405738092497257 0.0005999999999999999
-0.001614203618311244 -0.005496558455546757 0.0005999999999999999
-0.0007479248490772097 -0.007576579038378331 0.0005999999999999999
-0.001632749365539267 -0.0072993437190805 0.0005999999999999999
-0.001589497605399134 -0.004247949939031178 0.0005999999999999999
-0.0004730643530439923 -0.004531980638016773 0.0005999999999999999
-0.0004309613679445543 -0.004114836776752916 0.0005999999999999999
-0.001221815846343919 -0.005305101829094684 0.0005999999999999999
-0.001224705770969395 -0.005738699885215786 0.0005999999999999999
-0.001232476922942889 -0.006195376390543396 0.0005999999999999999
-0.001247718091607936 -0.006677717275633624 0.0005999999999999999
-0.001327110970846997 -0.007081400869447057 0.0005999999999999999
-0.001623338718537583 -0.004644438868453222 0.0005999999999999999
-0.0003829998114296824 -0.002804032536523334 0.0005999999999999999
-0.0003905764252313771 -0.003196803382102686 0.0005999999999999999
-0.001214122181974638 -0.004894123133608128 0.0005999999999999999
-0.000366025403784439 -0.00763397459621556 0.0005999999999999999
-0.001675088245905617 -0.007674005315982295 0.0005999999999999999
-0.000782075086916568 -0.005142407555461949 0.0005999999999999999
-0.0003677948254635606 -0.004892288318159204 0.0005999999999999999
-0.00111007931438357 -0.007061449736410168 0.0005999999999999999
-0.001284901417417908 -0.007303819642916796 0.0005999999999999999
-0.001067869760954481 -0.007283868509879906 0.0005999999999999999
-0.0009953083565330144 -0.007551408727382433 0.0005999999999999999
-0.0008204862534986765 -0.007309038820875805 0.0005999999999999999
-0.0004277615114206671 -0.00386805069375571 0.0005999999999999999
-0.0002154806839722771 -0.004057418388376453 0.0005999999999999999
-0.00021228082744839 -0.003810632305379247 0.0005999999999999999
-0.00021228082744839 -0.003560632305379248 0.0005999999999999999
-0.0004075690400640786 -0.003409033996430595 0.0005999999999999999
-0.0006289763165532021 -0.003259851367656042 0.0005999999999999999
-0.0006459689313859035 -0.003472081981983951 0.0005999999999999999
-0.000529548651209075 -0.003064713587113787 0.0005999999999999999
-0.0009938166448497149 -0.003747539451371429 0.0005999999999999999
-0.0008389544253920082 -0.0035926772319137 0.0005999999999999999
-0.0006175471489028848 -0.003741859860688253 0.0005999999999999999
-0.001794748802699567 -0.004073974969515589 0.0005999999999999999
-0.001578436906637026 -0.004039714530922171 0.0005999999999999999
-0.001794748802699567 -0.004301752747293366 0.0005999999999999999
-0.0005849414644101894 -0.007411693616553349 0.0005999999999999999
-0.0006575028688316563 -0.007144153399050824 0.0005999999999999999
-0.0006207470054267718 -0.003988645943685459 0.0005999999999999999
-0.001048400863533485 -0.006570556379754592 0.0005999999999999999
-0.00107038287476404 -0.006859607939503452 0.0005999999999999999
-0.0008710656466895891 -0.00675244704362442 0.0005999999999999999
-0.0002154806839722771 -0.004307418388376453 0.0005999999999999999
-0.0004520128604942733 -0.004323408707384844 0.0005999999999999999
-0.0002365321765219961 -0.004515990319008381 0.0005999999999999999
-0.0006650221097143471 -0.006891490634023641 0.0005999999999999999
-0.0006430400984837929 -0.006602439074274782 0.0005999999999999999
-0.0001952882126156886 -0.003348401691051339 0.0005999999999999999
-0.0002184982807542755 -0.006870741332337 0.0005999999999999999
-0.0004294773206258601 -0.006994145429701185 0.0005999999999999999
-0.0002109790398715846 -0.007123404097364183 0.0005999999999999999
-0.0002184982807542755 -0.006620741332336999 0.0005999999999999999
-0.0005257603443082277 -0.002868328164324111 0.0005999999999999999
-0.0004914999057148411 -0.002652016268261667 0.0005999999999999999
-0.0006331847047134464 -0.005864797475458051 0.0005999999999999999
-0.0006362383179674999 -0.00611095769910824 0.0005999999999999999
-0.0004314789787959873 -0.005994663626227842 0.0005999999999999999
-0.000214212682770967 -0.005874251701288824 0.0005999999999999999
-0.0002172662960250204 -0.006120411924939013 0.0005999999999999999
-0.0008435138396719968 -0.006222243516107005 0.0005999999999999999
-0.0006418081137545378 -0.006352109666876796 0.0005999999999999999
-0.0006250880118441902 -0.005392330306585516 0.0005999999999999999
-0.0006268757223367189 -0.005635086551557356 0.0005999999999999999
-0.0004266376550494052 -0.005505747157605814 0.0005999999999999999
-0.0004357645767792959 -0.006491153257276016 0.0005999999999999999
-0.0002172662960250204 -0.006370411924939014 0.0005999999999999999
-0.0008316350615082315 -0.005751380624437754 0.0005999999999999999
-0.00112134593199441 -0.007763119208193267 0.0005999999999999999
-0.00137134593199441 -0.007763119208193267 0.0005999999999999999
-0.000214212682770967 -0.005624251701288824 0.0005999999999999999
-0.0002124249722784382 -0.005381495456316983 0.0005999999999999999
-0.0002124249722784382 -0.005131495456316982 0.0005999999999999999
-0.001001945466630244 -0.005223754692278317 0.0005999999999999999
-0.000998098634445603 -0.005018265344535039 0.0005999999999999999
-0.001217969014159279 -0.005099612481351407 0.0005999999999999999
-0.001287414531227466 -0.00687955907254034 0.0005999999999999999
-0.0002109790398715846 -0.007373404097364184 0.0005999999999999999
-0.0003867881183305297 -0.00300041795931301 0.0005999999999999999
-0.0001952882126156886 -0.003098401691051341 0.0005999999999999999
-0.0001914999057148412 -0.002902016268261665 0.0005999999999999999
-0.001810202486707993 -0.006519535712915294 0.0005999999999999999
-0.001810202486707993 -0.006291757935137515 0.0005999999999999999
-0.001807266195842536 -0.005159119811084726 0.0005999999999999999
-0.001807266195842536 -0.004931342033306948 0.0005999999999999999
-0.001804293093377802 -0.006063888888888883 0.0005999999999999999
-0.001804293093377802 -0.005836111111111105 0.0005999999999999999
-0.001807101809155622 -0.005609390338884487 0.0005999999999999999
-0.001807101809155622 -0.00538161256110671 0.0005999999999999999
-0.001809673937589409 -0.006975547610825117 0.0005999999999999999
-0.001809673937589409 -0.006747769833047338 0.0005999999999999999
-0.001213436689235145 -0.004285396990614358 0.0005999999999999999
-0.001028609047053791 -0.004409872829689369 0.0005999999999999999
-0.001014012634901972 -0.004198182529858497 0.0005999999999999999
-0.001383108242479123 -0.003952592906798325 0.0005999999999999999
-0.001187970461936883 -0.003853165241454171 0.0005999999999999999
-0.0005749349561900643 -0.005017347936810576 0.0005999999999999999
-0.0005913663862206414 -0.00480820931042505 0.0005999999999999999
-0.0007985065169471451 -0.004933268929076423 0.0005999999999999999
-0.00101453006447618 -0.004809126718149512 0.0005999999999999999
-0.0006239624245386048 -0.007788289519189166 0.0005999999999999999
-0.0008739624245386049 -0.007788289519189166 0.0005999999999999999
-0.001611394902533424 -0.005723279227773376 0.0005999999999999999
-0.001614495580085796 -0.006177869046248625 0.0005999999999999999
-0.001619876424297402 -0.006633972212629303 0.0005999999999999999
-0.001614368004998158 -0.005274065705524773 0.0005999999999999999
-0.001021485524182343 -0.004610608796568064 0.0005999999999999999
-0.0008220614698491696 -0.004523394335812203 0.0005999999999999999
-0.001004686459996158 -0.003968080900700745 0.0005999999999999999
-0.0008198588178148032 -0.004092556739775755 0.0005999999999999999
-0.001035210483413924 -0.006088233969440923 0.0005999999999999999
-0.001040780279200962 -0.006329385937209478 0.0005999999999999999
-0.001816374682769634 -0.007194116303984694 0.0005999999999999999
-0.001626048620359043 -0.007080775025920924 0.0005999999999999999
-0.001816374682769634 -0.007421894081762472 0.0005999999999999999
-0.00139416894124123 -0.004160828314907333 0.0005999999999999999
-0.001408765353393049 -0.004372518614738204 0.0005999999999999999
-0.001025015925050449 -0.005630184792876422 0.0005999999999999999
-0.001031324907427177 -0.005859895716777117 0.0005999999999999999
-0.001811669359268791 -0.004727774989782165 0.0005999999999999999
-0.001811669359268791 -0.004499997212004388 0.0005999999999999999
-0.0006440011500108572 -0.004628055470353835 0.0005999999999999999
-0.0006511246728823047 -0.004427319503475141 0.0005999999999999999
-0.0001838974127317803 -0.004696144159079597 0.0005999999999999999
-0.0001838974127317803 -0.004946144159079598 0.0005999999999999999
-0.0004204295892537765 -0.004712134478087988 0.0005999999999999999
-0.0001830127018922195 -0.007816987298107781 0.0005999999999999999
-0.0004330127018922195 -0.007816987298107781 0.0005999999999999999
-0.0001830127018922195 -0.00756698729810778 0.0005999999999999999
-0.0006300731803325858 -0.004218747572843212 0.0005999999999999999
-0.001418009732327581 -0.00540083014232072 0.0005999999999999999
-0.001418174119014496 -0.005178337392298737 0.0005999999999999999
-0.001240097507275413 -0.00643654683308851 0.0005999999999999999
-0.0014166459788625 -0.00584434994260789 0.0005999999999999999
-0.001419454694640319 -0.005617629170381271 0.0005999999999999999
-0.001587544122952809 -0.007837002657991147 0.0005999999999999999
-0.001837544122952809 -0.007837002657991147 0.0005999999999999999
-0.001228591346956142 -0.005967038137879591 0.0005999999999999999
-0.001223260808656657 -0.005521900857155235 0.0005999999999999999
-0.001606418161968358 -0.0044461944037422 0.0005999999999999999
-0.001426440948179438 -0.006300557241520326 0.0005999999999999999
-0.001420531554849247 -0.006072688195271695 0.0005999999999999999
-0.001837544122952809 -0.00760922488021337 0.0005999999999999999
-0.001023570962737712 -0.005413385764815872 0.0005999999999999999
-0.001434061532511961 -0.00654172768406544 0.0005999999999999999
-0.001479930168193132 -0.007190372294263779 0.0005999999999999999
-0.001437720614764043 -0.007412791067733517 0.0005999999999999999
-0.001433532983393377 -0.006769961804197486 0.0005999999999999999
-0.001473229423012907 -0.006971803601104202 0.0005999999999999999
-0.001425685909962273 -0.004570763079449226 0.0005999999999999999
-0.001418730450256111 -0.004769281001030676 0.0005999999999999999
-0.001221077641680801 -0.004695605212026679 0.0005999999999999999
-0.001618935555111328 -0.004848005911978006 0.0005999999999999999
-0.001458890054947218 -0.007600121866184415 0.0005999999999999999
-0.000803700583024036 -0.005332038627999504 0.0005999999999999999
-0.0005569751264308243 -0.007605276817296946 0.0005999999999999999
-0.0003414999057148411 -0.002652016268261667 0.0005999999999999999
-0.001414327286829855 -0.004972848044555458 0.0005999999999999999
-0.0003963223850102185 -0.005077639615396588 0.0005999999999999999
-0.0006034625157367222 -0.005202699234047961 0.0005999999999999999
-0.000393991741763804 -0.007440391395471964 0.0005999999999999999
-0.001653918805722442 -0.007486674517531398 0.0005999999999999999
-0.0001499999999999999 -0.002749999999999998 0.0005999999999999999
2 36 0 27
2112
2113
2114
2115
2116
2117
2118
2119
2120
2121
2122
2123
2124
2125
2126
2127
2128
2129
2130
2131
2132
2133
2134
2135
2136
2137
2138
0.0006685208771867693 -0.002932623792124878 0.0003
0.0008673762078750136 -0.00332289935320938 0.0003
0.001177100646790415 -0.003632623792124837 0.0003
0.001567376207874883 -0.003831479122813153 0.0003
0.0006172363231668034 -0.002719008251056298 0.0003
0.0006685208771867693 -0.002932623792124878 0.00015
0.0006172363231668034 -0.002719008251056298 0.00015
0.0006685208771867693 -0.002932623792124878 0.00045
0.0006172363231668034 -0.002719008251056298 0.0004499999999999999
0.0007525908661362502 -0.003135586699635297 0.0003
0.0008673762078750136 -0.00332289935320938 0.00015
0.0007525908661362502 -0.003135586699635298 0.00015
0.0008673762078750136 -0.00332289935320938 0.00045
0.0007525908661362502 -0.003135586699635298 0.00045
0.001010050506338744 -0.003489949493661077 0.0003
0.001177100646790415 -0.003632623792124837 0.00015
0.001010050506338744 -0.003489949493661077 0.00015
0.001177100646790415 -0.003632623792124837 0.00045
0.001010050506338744 -0.003489949493661077 0.00045
0.001364413300364477 -0.003747409133863635 0.0003
0.001567376207874883 -0.003831479122813153 0.00015
0.001364413300364478 -0.003747409133863635 0.00015
0.001567376207874883 -0.003831479122813153 0.00045
0.001364413300364478 -0.003747409133863635 0.00045
0.001780991748943454 -0.003882763676833158 0.0003
0.001780991748943455 -0.003882763676833158 0.00015
0.001780991748943455 -0.003882763676833158 0.0004499999999999999
2 37 0 51
2139
2140
2141
2142
2143
2144
2145
2146
2147
2148
2149
2150
2151
2152
2153
2154
2155
2156
2157
2158
2159
2160
2161
2162
2163
2164
2165
2166
2167
2168
2169
2170
2171
2172
2173
2174
2175
2176
2177
2178
2179
2180
2181
2182
2183
2184
2185
2186
2187
2188
2189
0.002 -0.007544444444444446 0.0003
0.002 -0.007088888888888892 0.0003
0.002 -0.006633333333333337 0.0003
0.002 -0.006177777777777784 0.0003
0.002 -0.005722222222222227 0.0003
0.002 -0.00526666666666667 0.0003
0.002 -0.004811111111111113 0.0003
0.002 -0.004355555555555555 0.0003
0.002 -0.007544444444444446 0.00015
0.002 -0.007772222222222223 0.0003
0.002 -0.007772222222222223 0.00015
0.002 -0.007544444444444446 0.00045
0.002 -0.007772222222222223 0.0004499999999999999
0.002 -0.007088888888888892 0.00015
0.002 -0.007316666666666669 0.0003
0.002 -0.007316666666666669 0.00015
0.002 -0.007088888888888892 0.00045
0.002 -0.007316666666666669 0.0004499999999999999
0.002 -0.006633333333333337 0.00015
0.002 -0.006861111111111115 0.0003
0.002 -0.006861111111111115 0.00015
0.002 -0.006633333333333337 0.00045
0.002 -0.006861111111111115 0.0004499999999999999
0.002 -0.006177777777777784 0.00015
0.002 -0.00640555555555556 0.0003
0.002 -0.00640555555555556 0.00015
0.002 -0.006177777777777784 0.00045
0.002 -0.00640555555555556 0.0004499999999999999
0.002 -0.005722222222222227 0.00015
0.002 -0.005950000000000006 0.0003
0.002 -0.005950000000000006 0.00015
0.002 -0.005722222222222227 0.00045
0.002 -0.005950000000000006 0.0004499999999999999
0.002 -0.00526666666666667 0.00015
0.002 -0.005494444444444449 0.0003
0.002 -0.005494444444444449 0.00015
0.002 -0.00526666666666667 0.00045
0.002 -0.005494444444444449 0.0004499999999999999
0.002 -0.004811111111111113 0.00015
0.002 -0.005038888888888891 0.0003
0.002 -0.005038888888888891 0.00015
0.002 -0.004811111111111113 0.00045
0.002 -0.005038888888888891 0.0004499999999999999
0.002 -0.004355555555555555 0.00015
0.002 -0.004583333333333334 0.0003
0.002 -0.004583333333333334 0.00015
0.002 -0.004355555555555555 0.00045
0.002 -0.004583333333333334 0.0004499999999999999
0.002 -0.004127777777777777 0.0003
0.002 -0.004127777777777778 0.00015
0.002 -0.004127777777777778 0.0004499999999999999
2 38 0 21
2190
2191
2192
2193
2194
2195
2196
2197
2198
2199
2200
2201
2202
2203
2204
2205
2206
2207
2208
2209
2210
0.0004999999999999998 -0.008 0.0003
0.0009999999999999998 -0.008 0.0003
0.0015 -0.008 0.0003
0.0004999999999999998 -0.008 0.00015
0.0002499999999999999 -0.008 0.0003
0.0002499999999999999 -0.008 0.00015
0.0004999999999999998 -0.008 0.00045
0.0002499999999999999 -0.008 0.0004499999999999999
0.0009999999999999998 -0.008 0.00015
0.0007499999999999998 -0.008 0.0003
0.0007499999999999998 -0.008 0.00015
0.0009999999999999998 -0.008 0.00045
0.0007499999999999998 -0.008 0.0004499999999999999
0.0015 -0.008 0.00015
0.00125 -0.008 0.0003
0.00125 -0.008 0.00015
0.0015 -0.008 0.00045
0.00125 -0.008 0.0004499999999999999
0.00175 -0.008 0.0003
0.00175 -0.008 0.00015
0.00175 -0.008 0.0004499999999999999
2 39 0 188
2211
2212
2213
2214
2215
2216
2217
2218
2219
2220
2221
2222
2223
2224
2225
2226
2227
2228
2229
2230
2231
2232
2233
2234
2235
2236
2237
2238
2239
2240
2241
2242
2243
2244
2245
2246
2247
2248
2249
2250
2251
2252
2253
2254
2255
2256
2257
2258
2259
2260
2261
2262
2263
2264
2265
2266
2267
2268
2269
2270
2271
2272
2273
2274
2275
2276
2277
2278
2279
2280
2281
2282
2283
2284
2285
2286
2287
2288
2289
2290
2291
2292
2293
2294
2295
2296
2297
2298
2299
2300
2301
2302
2303
2304
2305
2306
2307
2308
2309
2310
2311
2312
2313
2314
2315
2316
2317
2318
2319
2320
2321
2322
2323
2324
2325
2326
2327
2328
2329
2330
2331
2332
2333
2334
2335
2336
2337
2338
2339
2340
2341
2342
2343
2344
2345
2346
2347
2348
2349
2350
2351
2352
2353
2354
2355
2356
2357
2358
2359
2360
2361
2362
2363
2364
2365
2366
2367
2368
2369
2370
2371
2372
2373
2374
2375
2376
2377
2378
2379
2380
2381
2382
2383
2384
2385
2386
2387
2388
2389
2390
2391
2392
2393
2394
2395
2396
2397
2398
0.001615590512751559 -0.006861896314008676 0.0005999999999999999
0.001609393138109496 -0.005950000000000006 0.0005999999999999999
0.001548396984605054 -0.005100267922423113 0.0005999999999999999
0.001232758811471027 -0.004065247045012863 0.0005999999999999999
0.0004425082455747998 -0.006244681376133173 0.0005999999999999999
0.0004783610560920589 -0.005169223713510056 0.0005999999999999999
0.0004945952457225286 -0.007246770596941666 0.0005999999999999999
0.0007417146597273857 -0.003737839640481911 0.0005999999999999999
0.0007514893318683598 -0.004229017872175752 0.0005999999999999999
0.00125904004969422 -0.007567994220595897 0.0005999999999999999
0.001103676551081292 -0.004512335562058747 0.0005999999999999999
0.000673284040922149 -0.004677103730753968 0.0005999999999999999
0.001043937845749347 -0.004996663024515698 0.0005999999999999999
0.0008968334555896523 -0.005489563276679389 0.0005999999999999999
0.0004660345456673551 -0.005745243708800542 0.0005999999999999999
0.0008645901083859002 -0.005977221333889736 0.0005999999999999999
0.0008595155186045426 -0.006456909813703438 0.0005999999999999999
0.0004531113179512049 -0.006737664751585591 0.0005999999999999999
0.0008872458299777755 -0.006912772085325581 0.0005999999999999999
0.0015385908781756 -0.004380565035392975 0.0005999999999999999
0.001610293583547976 -0.005512805094525802 0.0005999999999999999
0.001612051796006368 -0.006405603247665471 0.0005999999999999999
0.0004361754050345594 -0.003268094641164841 0.0005999999999999999
0.0007679017813951387 -0.007625428425863061 0.0005999999999999999
0.001617814865016203 -0.007316666666666669 0.0005999999999999999
0.001248254726816112 -0.005737136502748881 0.0005999999999999999
0.001255928443384718 -0.006638239366993147 0.0005999999999999999
0.001241622288551189 -0.006194185044166779 0.0005999999999999999
0.0004273753299439759 -0.003990750698294579 0.0005999999999999999
0.00127068747149814 -0.007098122874964212 0.0005999999999999999
0.001269543319261628 -0.005367287164178577 0.0005999999999999999
0.0004009392564442657 -0.002840143686657943 0.0005999999999999999
0.0003579569841565559 -0.004360365546564647 0.0005999999999999999
0.001446920451922259 -0.00476018853110033 0.0005999999999999999
0.0003660254037844392 -0.00763397459621556 0.0005999999999999999
0.0002955932022048508 -0.004765320978163607 0.0005999999999999999
0.001675370982942085 -0.007685821066341403 0.0005999999999999999
0.001689545036961754 -0.004109274761400485 0.0005999999999999999
0.000323288023355011 -0.003669198297464082 0.0005999999999999999
0.0009877499891696438 -0.007303831141425243 0.0005999999999999999
0.0007611494509207027 -0.005082943369012877 0.0005999999999999999
0.0008586109433357478 -0.004836883377634833 0.0005999999999999999
0.000575822548507104 -0.004923163722132012 0.0005999999999999999
0.001492755665048929 -0.004570376783246653 0.0005999999999999999
0.001723460225961129 -0.004785649821105721 0.0005999999999999999
0.0017692954390878 -0.004595838073252045 0.0005999999999999999
0.0006875972558408555 -0.005329393495094722 0.0005999999999999999
0.0009703856506694994 -0.005243113150597544 0.0005999999999999999
0.0017692954390878 -0.004368060295474266 0.0005999999999999999
0.0004185573307394126 -0.003054119163911392 0.0005999999999999999
0.0002004696282221328 -0.00292007184332897 0.0005999999999999999
0.0002180877025172796 -0.003134047320582419 0.0005999999999999999
0.0005347300668155174 -0.00288638373939141 0.0005999999999999999
0.0005523481411106642 -0.00310035921664486 0.0005999999999999999
0.001497658718263656 -0.004930228226761721 0.0005999999999999999
0.001774198492302527 -0.004955689516767113 0.0005999999999999999
0.0007466019957978727 -0.003983428756328832 0.0005999999999999999
0.0009921240716696932 -0.004147132458594308 0.0005999999999999999
0.0009872367355992064 -0.003901543342747387 0.0005999999999999999
0.0004844386215634999 -0.004721212354458788 0.0005999999999999999
0.0003869771291484549 -0.004967272345836831 0.0005999999999999999
0.0009594076532589001 -0.003685231716303374 0.0005999999999999999
0.001204929729130721 -0.00384893541856885 0.0005999999999999999
0.001245429148835803 -0.004878425777808014 0.0005999999999999999
0.0012961674151772 -0.005048465473469405 0.0005999999999999999
0.001156740582505487 -0.005181975094347138 0.0005999999999999999
0.001408970151933341 -0.005233777543300846 0.0005999999999999999
0.0006517758064547865 -0.003295496997187111 0.0005999999999999999
0.0005889450323809725 -0.003502967140823376 0.0005999999999999999
0.0008045454338011995 -0.003530369496845646 0.0005999999999999999
0.00146115192421639 -0.004087260903206674 0.0005999999999999999
0.001628460622418319 -0.003970376942106819 0.0005999999999999999
0.001400067509672955 -0.003948363083913008 0.0005999999999999999
0.001614067957568677 -0.00424491989839673 0.0005999999999999999
0.001385674844823314 -0.004222906040202919 0.0005999999999999999
0.0002330172728336776 -0.005872621854400269 0.0005999999999999999
0.0002330172728336776 -0.005622621854400268 0.0005999999999999999
0.0006510118820896712 -0.006350795594918305 0.0005999999999999999
0.0008620528134952214 -0.006217065573796587 0.0005999999999999999
0.0006535491769803501 -0.006110951355011454 0.0005999999999999999
0.000472197800879707 -0.005457233711155299 0.0005999999999999999
0.0006814340006285036 -0.005617403492739965 0.0005999999999999999
0.0006653123270266277 -0.005861232521345139 0.0005999999999999999
0.0004542713956210775 -0.005994962542466857 0.0005999999999999999
0.0002212541227874 -0.006122340688066584 0.0005999999999999999
0.000690920537850152 -0.007079771341133623 0.0005999999999999999
0.0006701785739644902 -0.006825218418455585 0.0005999999999999999
0.0004738532818368668 -0.006992217674263628 0.0005999999999999999
0.0002265556589756024 -0.006868832375792795 0.0005999999999999999
0.0002472976228612644 -0.007123385298470832 0.0005999999999999999
0.0002391805280460295 -0.005334611856755025 0.0005999999999999999
0.0005004696282221329 -0.002670071843328971 0.0005999999999999999
0.0002265556589756024 -0.006618832375792793 0.0005999999999999999
0.0002180877025172796 -0.003384047320582417 0.0005999999999999999
0.0003797317141947852 -0.003468646469314462 0.0005999999999999999
0.0005325013415411983 -0.003703518968972997 0.0005999999999999999
0.0009275829414748261 -0.00437067671711725 0.0005999999999999999
0.00116821768127616 -0.004288791303535805 0.0005999999999999999
0.0007411726174460862 -0.007275300869183455 0.0005999999999999999
0.0009374979095737096 -0.007108301613375412 0.0005999999999999999
0.0008807117819877762 -0.005733392305284562 0.0005999999999999999
0.0004478097817630024 -0.006491173063859382 0.0005999999999999999
0.0002212541227874 -0.006372340688066584 0.0005999999999999999
0.00137952002484711 -0.007783997110297949 0.0005999999999999999
0.00112952002484711 -0.007783997110297949 0.0005999999999999999
0.001321133714628446 -0.004446450298725861 0.0005999999999999999
0.0002391805280460295 -0.005084611856755024 0.0005999999999999999
0.0006563134182778738 -0.006597287282644514 0.0005999999999999999
0.000178978492078278 -0.004430182773282319 0.0005999999999999999
0.000178978492078278 -0.004180182773282319 0.0005999999999999999
0.0002472976228612644 -0.007373385298470833 0.0005999999999999999
0.000873380674291159 -0.00668484094951451 0.0005999999999999999
0.001804696569054748 -0.005836111111111117 0.0005999999999999999
0.001804696569054748 -0.006063888888888895 0.0005999999999999999
0.00180779525637578 -0.006747614823671007 0.0005999999999999999
0.00180779525637578 -0.006975392601448784 0.0005999999999999999
0.001805146791773988 -0.005389735880596236 0.0005999999999999999
0.001805146791773988 -0.005617513658374015 0.0005999999999999999
0.001774198492302527 -0.005183467294544892 0.0005999999999999999
0.001806025898003184 -0.006291690512721627 0.0005999999999999999
0.001806025898003184 -0.006519468290499405 0.0005999999999999999
0.00107380719841532 -0.004754499293287222 0.0005999999999999999
0.0008884802960017207 -0.004594719646406358 0.0005999999999999999
0.0003926661570502659 -0.004175558122429613 0.0005999999999999999
0.000213687664971988 -0.003995375349147285 0.0005999999999999999
0.0007123866863952544 -0.00445306080146486 0.0005999999999999999
0.001050568903577866 -0.006325547428935109 0.0005999999999999999
0.001053106198468545 -0.006085703189028258 0.0005999999999999999
0.001071587136681247 -0.006775505726159364 0.0005999999999999999
0.001057721980994631 -0.006547574590348292 0.0005999999999999999
0.0008839508906975692 -0.00781271421293153 0.0005999999999999999
0.0006339508906975692 -0.00781271421293153 0.0005999999999999999
0.001610722467057932 -0.006177801623832738 0.0005999999999999999
0.001609843360828736 -0.005731402547262903 0.0005999999999999999
0.001613821154378963 -0.006633749780837073 0.0005999999999999999
0.001579345284076515 -0.005306536508474458 0.0005999999999999999
0.0008778258852823913 -0.007464629783644152 0.0005999999999999999
0.0006312485135588336 -0.007436099511402363 0.0005999999999999999
0.00101347091554468 -0.007596711323229479 0.0005999999999999999
0.001616702688883881 -0.007089281490337673 0.0005999999999999999
0.001808907432508102 -0.00720277777777778 0.0005999999999999999
0.001808907432508102 -0.007430555555555557 0.0005999999999999999
0.001078966650737957 -0.007005447480144897 0.0005999999999999999
0.001263307957441429 -0.006868181120978679 0.0005999999999999999
0.00108318838742564 -0.005428425220428983 0.0005999999999999999
0.001248775365967954 -0.006416212205579963 0.0005999999999999999
0.0004330127018922195 -0.007816987298107781 0.0005999999999999999
0.0001830127018922197 -0.007816987298107781 0.0005999999999999999
0.0001830127018922197 -0.00756698729810778 0.0005999999999999999
0.001056422417601006 -0.005857178918319309 0.0005999999999999999
0.001072544091202882 -0.005613349889714135 0.0005999999999999999
0.0001477966011024254 -0.0048826604890818 0.0005999999999999999
0.001837685491471042 -0.007842910533170702 0.0005999999999999999
0.001587685491471042 -0.007842910533170702 0.0005999999999999999
0.001275298501501776 -0.004636262046579538 0.0005999999999999999
0.0005845449948356808 -0.003864295169388245 0.0005999999999999999
0.0005894323309061679 -0.004109884285235165 0.0005999999999999999
0.001837685491471042 -0.007615132755392925 0.0005999999999999999
0.001439918451404802 -0.005440046129352189 0.0005999999999999999
0.001244938507683651 -0.00596566077345783 0.0005999999999999999
0.0001616440116775055 -0.003834599148732036 0.0005999999999999999
0.0001616440116775055 -0.003584599148732037 0.0005999999999999999
0.001444251168257171 -0.007207394770815441 0.0005999999999999999
0.00126486376059618 -0.007333058547780055 0.0005999999999999999
0.001438427457355212 -0.007442330443631283 0.0005999999999999999
0.001429274155182044 -0.005624970798637342 0.0005999999999999999
0.001428823932462804 -0.005843568251374443 0.0005999999999999999
0.001433990119695543 -0.006521921307329309 0.0005999999999999999
0.001435759478068139 -0.006750067840500911 0.0005999999999999999
0.001425507713330343 -0.006072092522083392 0.0005999999999999999
0.001426837042278779 -0.006299894145916125 0.0005999999999999999
0.001443138992124849 -0.006980009594486444 0.0005999999999999999
0.001467205516318153 -0.00762690764346865 0.0005999999999999999
0.0005547231580124578 -0.0042946917093702 0.0005999999999999999
0.0005156205125393525 -0.004518734638659308 0.0005999999999999999
0.000566963592589789 -0.007629701511039311 0.0005999999999999999
0.0003504696282221329 -0.002670071843328971 0.0005999999999999999
0.001844772518480753 -0.004004637380700242 0.0005999999999999999
0.001844772518480877 -0.00423241515847802 0.0005999999999999999
0.0003753316766494934 -0.003829974497879331 0.0005999999999999999
0.0001477966011024254 -0.004632660489081799 0.0005999999999999999
0.0004303103247534839 -0.007440372596578614 0.0005999999999999999
0.00125889902303887 -0.005552211833463729 0.0005999999999999999
0.001646592923979144 -0.007501243866504036 0.0005999999999999999
0.001129218730333892 -0.007200977008194728 0.0005999999999999999
0.001123395019431932 -0.00743591268101057 0.0005999999999999999
0.0003267750931807033 -0.004562843262364127 0.0005999999999999999
0.00015 -0.002749999999999998 0.0005999999999999999
2 40 0 27
2399
2400
2401
2402
2403
2404
2405
2406
2407
2408
2409
2410
2411
2412
2413
2414
2415
2416
2417
2418
2419
2420
2421
2422
2423
2424
2425
-0.0006685208771867726 0.002932623792124888 0.0003
-0.000867376207875026 0.003322899353209396 0.0003
-0.001177100646790438 0.003632623792124854 0.0003
-0.001567376207874917 0.003831479122813165 0.0003
-0.000617236323166804 0.002719008251056304 0.0003
-0.0006685208771867726 0.002932623792124888 0.00015
-0.000617236323166804 0.002719008251056304 0.00015
-0.0006685208771867726 0.002932623792124888 0.00045
-0.000617236323166804 0.002719008251056304 0.0004499999999999999
-0.0007525908661362576 0.003135586699635312 0.0003
-0.0008673762078750258 0.003322899353209396 0.00015
-0.0007525908661362576 0.003135586699635312 0.00015
-0.0008673762078750258 0.003322899353209396 0.00045
-0.0007525908661362576 0.003135586699635312 0.00045
-0.001010050506338761 0.003489949493661095 0.0003
-0.001177100646790438 0.003632623792124854 0.00015
-0.001010050506338761 0.003489949493661095 0.00015
-0.001177100646790438 0.003632623792124854 0.00045
-0.001010050506338761 0.003489949493661095 0.00045
-0.001364413300364507 0.00374740913386365 0.0003
-0.001567376207874917 0.003831479122813165 0.00015
-0.001364413300364507 0.00374740913386365 0.00015
-0.001567376207874917 0.003831479122813165 0.00045
-0.001364413300364507 0.00374740913386365 0.00045
-0.001780991748943494 0.003882763676833164 0.0003
-0.001780991748943494 0.003882763676833164 0.00015
-0.001780991748943494 0.003882763676833164 0.0004499999999999999
2 41 0 51
2426
2427
2428
2429
2430
2431
2432
2433
2434
2435
2436
2437
2438
2439
2440
2441
2442
2443
2444
2445
2446
2447
2448
2449
2450
2451
2452
2453
2454
2455
2456
2457
2458
2459
2460
2461
2462
2463
2464
2465
2466
2467
2468
2469
2470
2471
2472
2473
2474
2475
2476
-0.002 0.007544444444444446 0.0003
-0.002 0.007088888888888892 0.0003
-0.002 0.006633333333333337 0.0003
-0.002 0.006177777777777784 0.0003
-0.002 0.005722222222222227 0.0003
-0.002 0.00526666666666667 0.0003
-0.002 0.004811111111111113 0.0003
-0.002 0.004355555555555555 0.0003
-0.002 0.007544444444444446 0.00015
-0.002 0.007772222222222223 0.0003
-0.002 0.007772222222222223 0.00015
-0.002 0.007544444444444446 0.00045
-0.002 0.007772222222222223 0.0004499999999999999
-0.002 0.007088888888888892 0.00015
-0.002 0.007316666666666669 0.0003
-0.002 0.007316666666666669 0.00015
-0.002 0.007088888888888892 0.00045
-0.002 0.007316666666666669 0.0004499999999999999
-0.002 0.006633333333333337 0.00015
-0.002 0.006861111111111115 0.0003
-0.002 0.006861111111111115 0.00015
-0.002 0.006633333333333337 0.00045
-0.002 0.006861111111111115 0.0004499999999999999
-0.002 0.006177777777777784 0.00015
-0.002 0.00640555555555556 0.0003
-0.002 0.00640555555555556 0.00015
-0.002 0.006177777777777784 0.00045
-0.002 0.00640555555555556 0.0004499999999999999
-0.002 0.005722222222222227 0.00015
-0.002 0.005950000000000006 0.0003
-0.002 0.005950000000000006 0.00015
-0.002 0.005722222222222227 0.00045
-0.002 0.005950000000000006 0.0004499999999999999
-0.002 0.00526666666666667 0.00015
-0.002 0.005494444444444449 0.0003
-0.002 0.005494444444444449 0.00015
-0.002 0.00526666666666667 0.00045
-0.002 0.005494444444444449 0.0004499999999999999
-0.002 0.004811111111111113 0.00015
-0.002 0.005038888888888891 0.0003
-0.002 0.005038888888888891 0.00015
-0.002 0.004811111111111113 0.00045
-0.002 0.005038888888888891 0.0004499999999999999
-0.002 0.004355555555555555 0.00015
-0.002 0.004583333333333334 0.0003
-0.002 0.004583333333333334 0.00015
-0.002 0.004355555555555555 0.00045
-0.002 0.004583333333333334 0.0004499999999999999
-0.002 0.004127777777777777 0.0003
-0.002 0.004127777777777778 0.00015
-0.002 0.004127777777777778 0.0004499999999999999
2 42 0 21
2477
2478
2479
2480
2481
2482
2483
2484
2485
2486
2487
2488
2489
2490
2491
2492
2493
2494
2495
2496
2497
-0.0004999999999999998 0.008 0.0003
-0.0009999999999999998 0.008 0.0003
-0.0015 0.008 0.0003
-0.0004999999999999998 0.008 0.00015
-0.0002499999999999999 0.008 0.0003
-0.0002499999999999999 0.008 0.00015
-0.0004999999999999998 0.008 0.00045
-0.0002499999999999999 0.008 0.0004499999999999999
-0.0009999999999999998 0.008 0.00015
-0.0007499999999999998 0.008 0.0003
-0.0007499999999999998 0.008 0.00015
-0.0009999999999999998 0.008 0.00045
-0.0007499999999999998 0.008 0.0004499999999999999
-0.0015 0.008 0.00015
-0.00125 0.008 0.0003
-0.00125 0.008 0.00015
-0.0015 0.008 0.00045
-0.00125 0.008 0.0004499999999999999
-0.00175 0.008 0.0003
-0.00175 0.008 0.00015
-0.00175 0.008 0.0004499999999999999
2 43 0 63
2498
2499
2500
2501
2502
2503
2504
2505
2506
2507
2508
2509
2510
2511
2512
2513
2514
2515
2516
2517
2518
2519
2520
2521
2522
2523
2524
2525
2526
2527
2528
2529
2530
2531
2532
2533
2534
2535
2536
2537
2538
2539
2540
2541
2542
2543
2544
2545
2546
2547
2548
2549
2550
2551
2552
2553
2554
2555
2556
2557
2558
2559
2560
0 0.003000000000000001 0.0003
0 0.003500000000000002 0.0003
0 0.004000000000000004 0.0003
0 0.004500000000000005 0.0003
0 0.005000000000000006 0.0003
0 0.005500000000000008 0.0003
0 0.00600000000000001 0.0003
0 0.006500000000000011 0.0003
0 0.007000000000000008 0.0003
0 0.007500000000000003 0.0003
0 0.003000000000000001 0.00015
0 0.002750000000000001 0.0003
0 0.002750000000000001 0.00015
0 0.003000000000000001 0.00045
0 0.002750000000000001 0.0004499999999999999
0 0.003500000000000002 0.00015
0 0.003250000000000002 0.0003
0 0.003250000000000002 0.00015
0 0.003500000000000002 0.00045
0 0.003250000000000002 0.0004499999999999999
0 0.004000000000000004 0.00015
0 0.003750000000000003 0.0003
0 0.003750000000000003 0.00015
0 0.004000000000000004 0.00045
0 0.003750000000000003 0.0004499999999999999
0 0.004500000000000005 0.00015
0 0.004250000000000004 0.0003
0 0.004250000000000005 0.00015
0 0.004500000000000005 0.00045
0 0.004250000000000005 0.0004499999999999999
0 0.005000000000000006 0.00015
0 0.004750000000000006 0.0003
0 0.004750000000000006 0.00015
0 0.005000000000000006 0.00045
0 0.004750000000000006 0.0004499999999999999
0 0.005500000000000008 0.00015
0 0.005250000000000007 0.0003
0 0.005250000000000008 0.00015
0 0.005500000000000008 0.00045
0 0.005250000000000008 0.0004499999999999999
0 0.00600000000000001 0.00015
0 0.005750000000000009 0.0003
0 0.005750000000000009 0.00015
0 0.00600000000000001 0.00045
0 0.005750000000000009 0.0004499999999999999
0 0.006500000000000011 0.00015
0 0.006250000000000011 0.0003
0 0.006250000000000011 0.00015
0 0.006500000000000011 0.00045
0 0.006250000000000011 0.0004499999999999999
0 0.007000000000000008 0.00015
0 0.006750000000000009 0.0003
0 0.006750000000000009 0.00015
0 0.007000000000000008 0.00045
0 0.006750000000000009 0.0004499999999999999
0 0.007500000000000003 0.00015
0 0.007250000000000005 0.0003
0 0.007250000000000006 0.00015
0 0.007500000000000003 0.00045
0 0.007250000000000006 0.0004499999999999999
0 0.007750000000000002 0.0003
0 0.007750000000000002 0.00015
0 0.007750000000000002 0.0004499999999999999
2 44 0 188
2561
2562
2563
2564
2565
2566
2567
2568
2569
2570
2571
2572
2573
2574
2575
2576
2577
2578
2579
2580
2581
2582
2583
2584
2585
2586
2587
2588
2589
2590
2591
2592
2593
2594
2595
2596
2597
2598
2599
2600
2601
2602
2603
2604
2605
2606
2607
2608
2609
2610
2611
2612
2613
2614
2615
2616
2617
2618
2619
2620
2621
2622
2623
2624
2625
2626
2627
2628
2629
2630
2631
2632
2633
2634
2635
2636
2637
2638
2639
2640
2641
2642
2643
2644
2645
2646
2647
2648
2649
2650
2651
2652
2653
2654
2655
2656
2657
2658
2659
2660
2661
2662
2663
2664
2665
2666
2667
2668
2669
2670
2671
2672
2673
2674
2675
2676
2677
2678
2679
2680
2681
2682
2683
2684
2685
2686
2687
2688
2689
2690
2691
2692
2693
2694
2695
2696
2697
2698
2699
2700
2701
2702
2703
2704
2705
2706
2707
2708
2709
2710
2711
2712
2713
2714
2715
2716
2717
2718
2719
2720
2721
2722
2723
2724
2725
2726
2727
2728
2729
2730
2731
2732
2733
2734
2735
2736
2737
2738
2739
2740
2741
2742
2743
2744
2745
2746
2747
2748
-0.00161554874952719 0.006861897445058049 0.0005999999999999999
-0.001609393138109497 0.005950000000000006 0.0005999999999999999
-0.001548396984605067 0.005100267922423128 0.0005999999999999999
-0.00123275881147106 0.004065247045012886 0.0005999999999999999
-0.0004425074563828047 0.006244682850923818 0.0005999999999999999
-0.0004783610560920742 0.005169223713510086 0.0005999999999999999
-0.0007547850212576078 0.007620238587824813 0.0005999999999999999
-0.0007417146597274019 0.003737839640481938 0.0005999999999999999
-0.0007514893318683872 0.004229017872175786 0.0005999999999999999
-0.001103676551081329 0.004512335562058773 0.0005999999999999999
-0.000673284040922179 0.004677103730754003 0.0005999999999999999
-0.001043937845749372 0.004996663024515728 0.0005999999999999999
-0.000896833455589654 0.005489563276679417 0.0005999999999999999
-0.0004660345456673431 0.00574524370880056 0.0005999999999999999
-0.0008645899768538979 0.005977221579688189 0.0005999999999999999
-0.0008594149424765433 0.00645674901500036 0.0005999999999999999
-0.0004531046887384981 0.006737677139826868 0.0005999999999999999
-0.0008755360213127338 0.006907727549481824 0.0005999999999999999
-0.001538590878175641 0.004380565035392999 0.0005999999999999999
-0.001255872493268108 0.007573834575530016 0.0005999999999999999
-0.001612049259367375 0.006405603316363804 0.0005999999999999999
-0.001610293583547979 0.005512805094525813 0.0005999999999999999
-0.0004361754050345642 0.003268094641164857 0.0005999999999999999
-0.0004725024787050594 0.007235392207586465 0.0005999999999999999
-0.001617814865016203 0.007316666666666669 0.0005999999999999999
-0.001248254704894111 0.005737136543715305 0.0005999999999999999
-0.00125781543692059 0.006633333333333337 0.0005999999999999999
-0.001241919576437002 0.006193340631350167 0.0005999999999999999
-0.0004273753299439884 0.003990750698294613 0.0005999999999999999
-0.001270196335979565 0.00709813617610484 0.0005999999999999999
-0.001269543314877236 0.005367287172371878 0.0005999999999999999
-0.0004009392564442672 0.002840143686657949 0.0005999999999999999
-0.0003579569841565736 0.004360365546564679 0.0005999999999999999
-0.001446920451922282 0.004760188531100348 0.0005999999999999999
-0.0003660254037844398 0.007633974596215561 0.0005999999999999999
-0.0002955932022048863 0.004765320978163658 0.0005999999999999999
-0.001674737471656862 0.007686989137328226 0.0005999999999999999
-0.001689545036961789 0.004109274761400497 0.0005999999999999999
-0.0003232880233550148 0.003669198297464108 0.0005999999999999999
-0.000963927701817663 0.007298848813088373 0.0005999999999999999
-0.0007611494509207232 0.005082943369012907 0.0005999999999999999
-0.0008586109433357756 0.004836883377634866 0.0005999999999999999
-0.0005758225485071266 0.004923163722132045 0.0005999999999999999
-0.001492755665048961 0.004570376783246673 0.0005999999999999999
-0.001723460225961141 0.004785649821105731 0.0005999999999999999
-0.001769295439087821 0.004595838073252056 0.0005999999999999999
-0.0006875972558408641 0.005329393495094752 0.0005999999999999999
-0.0009703856506695131 0.005243113150597572 0.0005999999999999999
-0.001769295439087821 0.004368060295474277 0.0005999999999999999
-0.0004185573307394156 0.003054119163911403 0.0005999999999999999
-0.0002004696282221336 0.002920071843328975 0.0005999999999999999
-0.000218087702517282 0.003134047320582429 0.0005999999999999999
-0.0005347300668155199 0.002886383739391419 0.0005999999999999999
-0.0005523481411106683 0.003100359216644873 0.0005999999999999999
-0.001497658718263674 0.004930228226761738 0.0005999999999999999
-0.001774198492302533 0.004955689516767121 0.0005999999999999999
-0.0007466019957978946 0.003983428756328862 0.0005999999999999999
-0.0009921240716697234 0.004147132458594336 0.0005999999999999999
-0.0009872367355992307 0.003901543342747412 0.0005999999999999999
-0.0004844386215635326 0.004721212354458831 0.0005999999999999999
-0.0003869771291484803 0.004967272345836871 0.0005999999999999999
-0.0009594076532589201 0.003685231716303396 0.0005999999999999999
-0.001204929729130749 0.00384893541856887 0.0005999999999999999
-0.001245429148835827 0.004878425777808038 0.0005999999999999999
-0.001296167415177219 0.005048465473469428 0.0005999999999999999
-0.001156740580313304 0.005181975098443804 0.0005999999999999999
-0.001408970149741152 0.005233777547397503 0.0005999999999999999
-0.0006517758064547951 0.003295496997187127 0.0005999999999999999
-0.0005889450323809831 0.003502967140823397 0.0005999999999999999
-0.000804545433801214 0.003530369496845667 0.0005999999999999999
-0.001461151924216424 0.004087260903206691 0.0005999999999999999
-0.001628460622418353 0.003970376942106831 0.0005999999999999999
-0.001400067509672989 0.003948363083913026 0.0005999999999999999
-0.001614067957568715 0.004244919898396747 0.0005999999999999999
-0.00138567484482335 0.004222906040202942 0.0005999999999999999
-0.0002330172728336715 0.005872621854400285 0.0005999999999999999
-0.0002330172728336715 0.005622621854400284 0.0005999999999999999
-0.000650961199429674 0.006350715932962089 0.0005999999999999999
-0.0008620024596652206 0.006216985297344274 0.0005999999999999999
-0.0006535487166183514 0.006110952215306003 0.0005999999999999999
-0.0004721978008797086 0.005457233711155323 0.0005999999999999999
-0.0006814340006284985 0.005617403492739988 0.0005999999999999999
-0.0006653122612606205 0.005861232644244374 0.0005999999999999999
-0.0004542710010250739 0.005994963279862189 0.0005999999999999999
-0.0002212537281914024 0.006122341425461914 0.0005999999999999999
-0.000226552344369249 0.006868838569913438 0.0005999999999999999
-0.000226552344369249 0.00661883856991344 0.0005999999999999999
-0.0002391805280460371 0.005334611856755047 0.0005999999999999999
-0.0005004696282221335 0.002670071843328975 0.0005999999999999999
-0.000218087702517282 0.00338404732058243 0.0005999999999999999
-0.0003797317141947895 0.003468646469314482 0.0005999999999999999
-0.0005325013415412084 0.003703518968973023 0.0005999999999999999
-0.0007182150902613612 0.007267120510337418 0.0005999999999999999
-0.0009197318615651983 0.007103288181285098 0.0005999999999999999
-0.0006740192500088966 0.007071559878534145 0.0005999999999999999
-0.0009275829414748583 0.004370676717117279 0.0005999999999999999
-0.001168217681276194 0.004288791303535829 0.0005999999999999999
-0.000880711716221776 0.005733392428183803 0.0005999999999999999
-0.0004478060725606513 0.006491179995375343 0.0005999999999999999
-0.0002212537281914024 0.006372341425461914 0.0005999999999999999
-0.001127936246634054 0.007786917287765008 0.0005999999999999999
-0.001005328757262858 0.007597036581677414 0.0005999999999999999
-0.0008773925106288038 0.007810119293912406 0.0005999999999999999
-0.0006562598156075207 0.006597213077413614 0.0005999999999999999
-0.001321133714628485 0.004446450298725885 0.0005999999999999999
-0.001377936246634054 0.007786917287765008 0.0005999999999999999
-0.0002391805280460371 0.005084611856755046 0.0005999999999999999
-0.0004628035837217787 0.006986534673706666 0.0005999999999999999
-0.0006643203550256159 0.006822702344654346 0.0005999999999999999
-0.0001789784920782867 0.004430182773282342 0.0005999999999999999
-0.0001789784920782867 0.004180182773282341 0.0005999999999999999
-0.0006273925106288038 0.007810119293912406 0.0005999999999999999
-0.0008674754818946385 0.006682238282241092 0.0005999999999999999
-0.0008593563615376354 0.007459543700456593 0.0005999999999999999
-0.0006136437499813336 0.007427815397705638 0.0005999999999999999
-0.0002362512393525297 0.007117696103793236 0.0005999999999999999
-0.0002362512393525297 0.007367696103793234 0.0005999999999999999
-0.001807774374763595 0.006747615389195693 0.0005999999999999999
-0.001807774374763595 0.006975393166973471 0.0005999999999999999
-0.001804696569054748 0.005836111111111117 0.0005999999999999999
-0.001804696569054748 0.006063888888888895 0.0005999999999999999
-0.001805146791773989 0.005389735880596241 0.0005999999999999999
-0.001805146791773989 0.00561751365837402 0.0005999999999999999
-0.001774198492302533 0.0051834672945449 0.0005999999999999999
-0.001806024629683688 0.006291690547070794 0.0005999999999999999
-0.001806024629683688 0.00651946832484857 0.0005999999999999999
-0.001073807198415351 0.004754499293287251 0.0005999999999999999
-0.0008884802960017541 0.004594719646406388 0.0005999999999999999
-0.000392666157050281 0.004175558122429646 0.0005999999999999999
-0.0002136876649719942 0.003995375349147308 0.0005999999999999999
-0.000712386686395283 0.004453060801464894 0.0005999999999999999
-0.001050667259456773 0.006325044823175263 0.0005999999999999999
-0.00105325477664545 0.006085281105519178 0.0005999999999999999
-0.001610721198738436 0.006177801658181905 0.0005999999999999999
-0.001613799004447283 0.006633750380710927 0.0005999999999999999
-0.001609843360828738 0.005731402547262909 0.0005999999999999999
-0.001579345284076523 0.005306536508474471 0.0005999999999999999
-0.001066675729116662 0.006770530441407581 0.0005999999999999999
-0.001058615189698566 0.006545041174166849 0.0005999999999999999
-0.001616681807271697 0.007089282055862359 0.0005999999999999999
-0.001808907432508102 0.00720277777777778 0.0005999999999999999
-0.001808907432508102 0.007430555555555557 0.0005999999999999999
-0.001072866178646149 0.007002931862793332 0.0005999999999999999
-0.001264005886450077 0.006865734754719089 0.0005999999999999999
-0.001083188385233445 0.005428425224525647 0.0005999999999999999
-0.001249867506678796 0.006413336982341752 0.0005999999999999999
-0.0001830127018922199 0.007816987298107781 0.0005999999999999999
-0.0001830127018922199 0.007566987298107782 0.0005999999999999999
-0.0004330127018922198 0.007816987298107781 0.0005999999999999999
-0.001056422340874004 0.005857179061701747 0.0005999999999999999
-0.001072544080241882 0.00561334991019736 0.0005999999999999999
-0.0001477966011024432 0.004882660489081832 0.0005999999999999999
-0.001837368735828431 0.007843494568664114 0.0005999999999999999
-0.001587368735828431 0.007843494568664114 0.0005999999999999999
-0.001275298501501806 0.00463626204657956 0.0005999999999999999
-0.0005845449948356952 0.003864295169388275 0.0005999999999999999
-0.0005894323309061878 0.004109884285235199 0.0005999999999999999
-0.001837368735828431 0.007615716790886336 0.0005999999999999999
-0.001439918449212608 0.005440046133448846 0.0005999999999999999
-0.001245087140665556 0.005965238587532735 0.0005999999999999999
-0.0001616440116775073 0.003834599148732056 0.0005999999999999999
-0.0001616440116775073 0.003584599148732055 0.0005999999999999999
-0.001429274144221045 0.00562497081912056 0.0005999999999999999
-0.001428823921501804 0.005843568271857655 0.0005999999999999999
-0.001444005600497884 0.007207401421385755 0.0005999999999999999
-0.001263034414623836 0.007335985375817427 0.0005999999999999999
-0.001436843679142156 0.007445250621098343 0.0005999999999999999
-0.001434932348143982 0.00651946832484857 0.0005999999999999999
-0.00143668209322389 0.006747615389195693 0.0005999999999999999
-0.00142565635727325 0.006071670315675086 0.0005999999999999999
-0.001426984417902189 0.006299471973856986 0.0005999999999999999
-0.001442872542753378 0.006980016810581444 0.0005999999999999999
-0.0004192639412447496 0.007434683401901013 0.0005999999999999999
-0.001465304982462485 0.00763041185642912 0.0005999999999999999
-0.0005547231580124804 0.004294691709370232 0.0005999999999999999
-0.0005156205125393762 0.004518734638659341 0.0005999999999999999
-0.0003504696282221336 0.002670071843328975 0.0005999999999999999
-0.001844772518480792 0.004004637380700248 0.0005999999999999999
-0.001844772518480894 0.004232415158478026 0.0005999999999999999
-0.0003753316766495016 0.00382997449787936 0.0005999999999999999
-0.0001477966011024432 0.004632660489081831 0.0005999999999999999
-0.0005604052125210237 0.007627106592020187 0.0005999999999999999
-0.001109900097542885 0.007436341694309194 0.0005999999999999999
-0.001258899009885673 0.005552211858043592 0.0005999999999999999
-0.001646276168336533 0.007501827901997448 0.0005999999999999999
-0.001117062018898614 0.007198492494596606 0.0005999999999999999
-0.0003267750931807299 0.004562843262364168 0.0005999999999999999
-0.00015 0.002750000000000001 0.0005999999999999999
2 45 0 21
2749
2750
2751
2752
2753
2754
2755
2756
2757
2758
2759
2760
2761
2762
2763
2764
2765
2766
2767
2768
2769
0.0015 0.008 0.0003
0.001 0.008 0.0003
0.0005 0.008 0.0003
0.0015 0.008 0.00015
0.00175 0.008 0.0003
0.00175 0.008 0.00015
0.0015 0.008 0.00045
0.00175 0.008 0.0004499999999999999
0.001 0.008 0.00015
0.00125 0.008 0.0003
0.00125 0.008 0.00015
0.001 0.008 0.00045
0.00125 0.008 0.0004499999999999999
0.0005 0.008 0.00015
0.0007500000000000002 0.008 0.0003
0.0007500000000000002 0.008 0.00015
0.0005 0.008 0.00045
0.0007500000000000002 0.008 0.0004499999999999999
0.00025 0.008 0.0003
0.00025 0.008 0.00015
0.00025 0.008 0.0004499999999999999
2 46 0 51
2770
2771
2772
2773
2774
2775
2776
2777
2778
2779
2780
2781
2782
2783
2784
2785
2786
2787
2788
2789
2790
2791
2792
2793
2794
2795
2796
2797
2798
2799
2800
2801
2802
2803
2804
2805
2806
2807
2808
2809
2810
2811
2812
2813
2814
2815
2816
2817
2818
2819
2820
0.002 0.004355555555555554 0.0003
0.002 0.004811111111111108 0.0003
0.002 0.005266666666666663 0.0003
0.002 0.005722222222222217 0.0003
0.002 0.006177777777777772 0.0003
0.002 0.00663333333333333 0.0003
0.002 0.007088888888888888 0.0003
0.002 0.007544444444444444 0.0003
0.002 0.004355555555555554 0.00015
0.002 0.004127777777777777 0.0003
0.002 0.004127777777777777 0.00015
0.002 0.004355555555555554 0.00045
0.002 0.004127777777777777 0.0004499999999999999
0.002 0.004811111111111108 0.00015
0.002 0.004583333333333332 0.0003
0.002 0.004583333333333332 0.00015
0.002 0.004811111111111108 0.00045
0.002 0.004583333333333332 0.0004499999999999999
0.002 0.005266666666666663 0.00015
0.002 0.005038888888888885 0.0003
0.002 0.005038888888888884 0.00015
0.002 0.005266666666666663 0.00045
0.002 0.005038888888888884 0.0004499999999999999
0.002 0.005722222222222217 0.00015
0.002 0.00549444444444444 0.0003
0.002 0.005494444444444439 0.00015
0.002 0.005722222222222217 0.00045
0.002 0.005494444444444439 0.0004499999999999999
0.002 0.006177777777777772 0.00015
0.002 0.005949999999999994 0.0003
0.002 0.005949999999999993 0.00015
0.002 0.006177777777777772 0.00045
0.002 0.005949999999999993 0.0004499999999999999
0.002 0.00663333333333333 0.00015
0.002 0.006405555555555551 0.0003
0.002 0.006405555555555551 0.00015
0.002 0.00663333333333333 0.00045
0.002 0.006405555555555551 0.0004499999999999999
0.002 0.007088888888888888 0.00015
0.002 0.006861111111111109 0.0003
0.002 0.006861111111111108 0.00015
0.002 0.007088888888888888 0.00045
0.002 0.006861111111111108 0.0004499999999999999
0.002 0.007544444444444444 0.00015
0.002 0.007316666666666666 0.0003
0.002 0.007316666666666666 0.00015
0.002 0.007544444444444444 0.00045
0.002 0.007316666666666666 0.0004499999999999999
0.002 0.007772222222222222 0.0003
0.002 0.007772222222222222 0.00015
0.002 0.007772222222222222 0.0004499999999999999
2 47 0 27
2821
2822
2823
2824
2825
2826
2827
2828
2829
2830
2831
2832
2833
2834
2835
2836
2837
2838
2839
2840
2841
2842
2843
2844
2845
2846
2847
0.001567376207875117 0.003831479122813229 0.0003
0.001177100646790564 0.003632623792124946 0.0003
0.0008673762078750865 0.00332289935320948 0.0003
0.0006685208771867886 0.002932623792124937 0.0003
0.001780991748943729 0.003882763676833201 0.0003
0.001567376207875117 0.003831479122813229 0.00015
0.001780991748943729 0.003882763676833201 0.00015
0.001567376207875117 0.003831479122813229 0.00045
0.001780991748943729 0.003882763676833201 0.0004499999999999999
0.00136441330036467 0.003747409133863733 0.0003
0.001177100646790564 0.003632623792124946 0.00015
0.00136441330036467 0.003747409133863733 0.00015
0.001177100646790564 0.003632623792124946 0.00045
0.00136441330036467 0.003747409133863733 0.00045
0.001010050506338853 0.003489949493661186 0.0003
0.0008673762078750865 0.00332289935320948 0.00015
0.001010050506338853 0.003489949493661187 0.00015
0.0008673762078750865 0.00332289935320948 0.00045
0.001010050506338853 0.003489949493661187 0.00045
0.0007525908661362927 0.003135586699635381 0.0003
0.0006685208771867886 0.002932623792124937 0.00015
0.0007525908661362927 0.003135586699635381 0.00015
0.0006685208771867886 0.002932623792124937 0.00045
0.0007525908661362927 0.003135586699635381 0.00045
0.0006172363231668082 0.00271900825105633 0.0003
0.0006172363231668082 0.002719008251056329 0.00015
0.0006172363231668082 0.002719008251056329 0.0004499999999999999
2 48 0 188
2848
2849
2850
2851
2852
2853
2854
2855
2856
2857
2858
2859
2860
2861
2862
2863
2864
2865
2866
2867
2868
2869
2870
2871
2872
2873
2874
2875
2876
2877
2878
2879
2880
2881
2882
2883
2884
2885
2886
2887
2888
2889
2890
2891
2892
2893
2894
2895
2896
2897
2898
2899
2900
2901
2902
2903
2904
2905
2906
2907
2908
2909
2910
2911
2912
2913
2914
2915
2916
2917
2918
2919
2920
2921
2922
2923
2924
2925
2926
2927
2928
2929
2930
2931
2932
2933
2934
2935
2936
2937
2938
2939
2940
2941
2942
2943
2944
2945
2946
2947
2948
2949
2950
2951
2952
2953
2954
2955
2956
2957
2958
2959
2960
2961
2962
2963
2964
2965
2966
2967
2968
2969
2970
2971
2972
2973
2974
2975
2976
2977
2978
2979
2980
2981
2982
2983
2984
2985
2986
2987
2988
2989
2990
2991
2992
2993
2994
2995
2996
2997
2998
2999
3000
3001
3002
3003
3004
3005
3006
3007
3008
3009
3010
3011
3012
3013
3014
3015
3016
3017
3018
3019
3020
3021
3022
3023
3024
3025
3026
3027
3028
3029
3030
3031
3032
3033
3034
3035
0.001619176422529955 0.006862121221832472 0.0005999999999999999
0.001608586186755605 0.005949999999999994 0.0005999999999999999
0.001614532391685076 0.005051572955502796 0.0005999999999999999
0.001198840277083492 0.004073706690783593 0.0005999999999999999
0.0004345325920500406 0.006240823849878043 0.0005999999999999999
0.0004248499445568717 0.005262990912633996 0.0005999999999999999
0.000754188716586423 0.007619294896063366 0.0005999999999999999
0.0008105326429091039 0.003862455110618166 0.0005999999999999999
0.0008291849927207629 0.004322658368933702 0.0005999999999999999
0.001228033101387087 0.004497087290445319 0.0005999999999999999
0.0008149379469777708 0.004724130302691041 0.0005999999999999999
0.0004284253655419332 0.005748503402577669 0.0005999999999999999
0.0008253260791314951 0.005521669700537082 0.0005999999999999999
0.0008379440438849582 0.005981091548338461 0.0005999999999999999
0.0008513780547256154 0.006454928410881154 0.0005999999999999999
0.0004554767222584788 0.006735771757752781 0.0005999999999999999
0.0008738280646235015 0.006905900731826932 0.0005999999999999999
0.001255338147443633 0.007572884600384009 0.0005999999999999999
0.0004245616548968176 0.003621264610758616 0.0005999999999999999
0.00162037639797451 0.006405723907342445 0.0005999999999999999
0.001614203618311244 0.005496558455546758 0.0005999999999999999
0.0004725102457132672 0.007233960021815459 0.0005999999999999999
0.00158949760539926 0.004247949939031145 0.0005999999999999999
0.001616856034423949 0.007316666666666666 0.0005999999999999999
0.00047306435304404 0.004531980638016952 0.0005999999999999999
0.0004309613679445992 0.004114836776753157 0.0005999999999999999
0.00122181584634392 0.00530510182909472 0.0005999999999999999
0.001224705770969394 0.005738699885215798 0.0005999999999999999
0.001232854563580407 0.00619396284751853 0.0005999999999999999
0.001247500981157166 0.006647620349803556 0.0005999999999999999
0.00127146611307255 0.007097373818948346 0.0005999999999999999
0.001623338718537616 0.004644438868453235 0.0005999999999999999
0.0003829998114296857 0.002804032536523352 0.0005999999999999999
0.0003905764252313964 0.003196803382102732 0.0005999999999999999
0.001214122181974665 0.004894123133608192 0.0005999999999999999
0.00036602540378444 0.007633974596215561 0.0005999999999999999
0.001674438836373517 0.007686799142299024 0.0005999999999999999
0.000782075086916521 0.005142407555462042 0.0005999999999999999
0.0009675912257408358 0.007296869907803574 0.0005999999999999999
0.0003677948254635223 0.004892288318159312 0.0005999999999999999
0.0004277615114207083 0.003868050693755887 0.0005999999999999999
0.0002154806839722996 0.00405741838837658 0.0005999999999999999
0.0002122808274484089 0.00381063230537931 0.0005999999999999999
0.0002122808274484089 0.003560632305379309 0.0005999999999999999
0.000407569040064107 0.003409033996430674 0.0005999999999999999
0.0006289763165532414 0.003259851367656106 0.0005999999999999999
0.0006459689313859519 0.003472081981984048 0.0005999999999999999
0.0005295486512090924 0.003064713587113834 0.0005999999999999999
0.0009938166448498341 0.003747539451371556 0.0005999999999999999
0.0008389544253920951 0.003592677231913823 0.0005999999999999999
0.0006175471489029607 0.003741859860688391 0.0005999999999999999
0.00179474880269963 0.004073974969515573 0.0005999999999999999
0.001578436906637189 0.004039714530922188 0.0005999999999999999
0.00179474880269963 0.004301752747293349 0.0005999999999999999
0.0006207470054268515 0.003988645943685662 0.0005999999999999999
0.0002154806839722996 0.004307418388376581 0.0005999999999999999
0.0004520128604943196 0.004323408707385054 0.0005999999999999999
0.00023653217652202 0.004515990319008479 0.0005999999999999999
0.0001952882126156982 0.003348401691051367 0.0005999999999999999
0.0002277383611292395 0.006617885878876396 0.0005999999999999999
0.0002277383611292395 0.006867885878876394 0.0005999999999999999
0.000525760344308237 0.002868328164324144 0.0005999999999999999
0.0004914999057148428 0.002652016268261676 0.0005999999999999999
0.0009207096451821687 0.007101385319815252 0.0005999999999999999
0.0007200507357270515 0.007265414964809517 0.0005999999999999999
0.0006731691551683844 0.007069930376821195 0.0005999999999999999
0.0006331847047134458 0.005864797475458065 0.0005999999999999999
0.0006362383179674995 0.006110957699108252 0.0005999999999999999
0.0004314789787959869 0.005994663626227857 0.0005999999999999999
0.0002142126827709666 0.00587425170128884 0.0005999999999999999
0.0002172662960250203 0.006120411924939026 0.0005999999999999999
0.0008446610493052869 0.006218009979609807 0.0005999999999999999
0.000642955323387828 0.006347876130379598 0.0005999999999999999
0.0004450046571542598 0.006488297803815412 0.0005999999999999999
0.0002172662960250203 0.006370411924939027 0.0005999999999999999
0.0006250880118441834 0.005392330306585539 0.0005999999999999999
0.0006268757223367141 0.005635086551557375 0.0005999999999999999
0.0004266376550494024 0.005505747157605833 0.0005999999999999999
0.0004639934839858731 0.006984865889784119 0.0005999999999999999
0.0006646523934409902 0.006820836244789857 0.0005999999999999999
0.0008316350615082267 0.005751380624437771 0.0005999999999999999
0.0002142126827709666 0.005624251701288839 0.0005999999999999999
0.0002124249722784358 0.005381495456317002 0.0005999999999999999
0.001004763432015028 0.007596089748223688 0.0005999999999999999
0.001127669073721817 0.007786442300192004 0.0005999999999999999
0.0008770943582932116 0.007809647448031683 0.0005999999999999999
0.0002124249722784358 0.005131495456317001 0.0005999999999999999
0.001377669073721817 0.007786442300192004 0.0005999999999999999
0.001001945466630221 0.005223754692278381 0.0005999999999999999
0.0009980986344455931 0.005018265344535117 0.0005999999999999999
0.001217969014159293 0.005099612481351457 0.0005999999999999999
0.0006270943582932115 0.007809647448031683 0.0005999999999999999
0.0002362551228566336 0.007116980010907733 0.0005999999999999999
0.0008626030596745585 0.006680414571354043 0.0005999999999999999
0.0006534273884920472 0.006595350084316968 0.0005999999999999999
0.0002362551228566336 0.007366980010907731 0.0005999999999999999
0.000386788118330541 0.003000417959313042 0.0005999999999999999
0.0001952882126156982 0.003098401691051366 0.0005999999999999999
0.0001914999057148429 0.002902016268261676 0.0005999999999999999
0.001810188198987255 0.006519528620337887 0.0005999999999999999
0.001810188198987255 0.006291750842560108 0.0005999999999999999
0.001809588211264978 0.006975505055360679 0.0005999999999999999
0.001809588211264978 0.0067477272775829 0.0005999999999999999
0.001807266195842538 0.005159119811084729 0.0005999999999999999
0.001807266195842538 0.004931342033306952 0.0005999999999999999
0.001807101809155622 0.005609390338884487 0.0005999999999999999
0.001807101809155622 0.00538161256110671 0.0005999999999999999
0.001804293093377803 0.006063888888888883 0.0005999999999999999
0.001804293093377803 0.005836111111111105 0.0005999999999999999
0.0008608899711636294 0.00745808240193347 0.0005999999999999999
0.0006133494811498451 0.007426627458939412 0.0005999999999999999
0.00121343668923529 0.004285396990614455 0.0005999999999999999
0.001028609047053925 0.00440987282968951 0.0005999999999999999
0.001014012634902128 0.004198182529858647 0.0005999999999999999
0.001383108242479305 0.003952592906798411 0.0005999999999999999
0.001187970461937028 0.003853165241454269 0.0005999999999999999
0.0005749349561900216 0.005017347936810677 0.0005999999999999999
0.0005913663862206465 0.004808209310425176 0.0005999999999999999
0.0007985065169471459 0.004933268929076541 0.0005999999999999999
0.001014530064476218 0.004809126718149617 0.0005999999999999999
0.001611394902533425 0.005723279227773376 0.0005999999999999999
0.001614481292365058 0.00617786195367122 0.0005999999999999999
0.001619776410252233 0.006633922564587459 0.0005999999999999999
0.00161436800499816 0.005274065705524777 0.0005999999999999999
0.001021485524182429 0.00461060879656818 0.0005999999999999999
0.0008220614698492668 0.004523394335812371 0.0005999999999999999
0.001004686459996298 0.003968080900700879 0.0005999999999999999
0.0008198588178149333 0.004092556739775934 0.0005999999999999999
0.001035399303732683 0.006087527197928495 0.0005999999999999999
0.001042116309153011 0.006324445629199842 0.0005999999999999999
0.001049439517941391 0.006551274380342355 0.0005999999999999999
0.001060664522890334 0.006776760540815244 0.0005999999999999999
0.001808428017211975 0.007202777777777777 0.0005999999999999999
0.001618016228476952 0.007089393944249569 0.0005999999999999999
0.001808428017211975 0.007430555555555555 0.0005999999999999999
0.001394168941241376 0.004160828314907369 0.0005999999999999999
0.001408765353393173 0.004372518614738232 0.0005999999999999999
0.001025015925050445 0.00563018479287644 0.0005999999999999999
0.001031324907427176 0.005859895716777129 0.0005999999999999999
0.001811669359268808 0.004727774989782172 0.0005999999999999999
0.001811669359268808 0.004499997212004394 0.0005999999999999999
0.0006440011500109053 0.004628055470353996 0.0005999999999999999
0.0006511246728824014 0.004427319503475327 0.0005999999999999999
0.0001838974127317611 0.004696144159079658 0.0005999999999999999
0.0001838974127317611 0.004946144159079659 0.0005999999999999999
0.001259483547114858 0.006872497084375951 0.0005999999999999999
0.001072647088848026 0.00700163727538764 0.0005999999999999999
0.0004204295892537811 0.004712134478088132 0.0005999999999999999
0.00018301270189222 0.007566987298107782 0.0005999999999999999
0.00018301270189222 0.007816987298107781 0.0005999999999999999
0.00043301270189222 0.007816987298107781 0.0005999999999999999
0.000630073180332681 0.004218747572843429 0.0005999999999999999
0.001418009732327582 0.005400830142320739 0.0005999999999999999
0.001418174119014498 0.005178337392298758 0.0005999999999999999
0.001240177772368787 0.006420791598661043 0.0005999999999999999
0.0014166459788625 0.005844349942607897 0.0005999999999999999
0.001419454694640319 0.005617629170381278 0.0005999999999999999
0.001587219418186758 0.007843399571149512 0.0005999999999999999
0.001837219418186758 0.007843399571149512 0.0005999999999999999
0.001228780167274901 0.005966331366367164 0.0005999999999999999
0.001223260808656657 0.00552190085715526 0.0005999999999999999
0.001606418161968438 0.00444619440374219 0.0005999999999999999
0.001426615480777459 0.006299843377430487 0.0005999999999999999
0.001420720375168006 0.006071981423759263 0.0005999999999999999
0.001837219418186758 0.007615621793371734 0.0005999999999999999
0.001023570962737708 0.005413385764815901 0.0005999999999999999
0.001433938689565839 0.006526672128573 0.0005999999999999999
0.001433338701843561 0.006754870785818014 0.0005999999999999999
0.001263402130258092 0.007335129209666178 0.0005999999999999999
0.00144416107374825 0.007207020242807506 0.0005999999999999999
0.001436097090933791 0.007444775633525337 0.0005999999999999999
0.001425685909962352 0.004570763079449277 0.0005999999999999999
0.001445321267801253 0.006979747520390409 0.0005999999999999999
0.0004192678247488536 0.00743396730901551 0.0005999999999999999
0.001418730450256141 0.004769281001030714 0.0005999999999999999
0.001221077641680876 0.004695605212026756 0.0005999999999999999
0.001618935555111346 0.004848005911978016 0.0005999999999999999
0.001464888491908575 0.007629841871341516 0.0005999999999999999
0.0008037005830240081 0.005332038627999562 0.0005999999999999999
0.0003414999057148426 0.002652016268261676 0.0005999999999999999
0.001414327286829871 0.004972848044555494 0.0005999999999999999
0.000396322385010197 0.005077639615396654 0.0005999999999999999
0.0006034625157366963 0.005202699234048019 0.0005999999999999999
0.0005601070601854315 0.007626634746139464 0.0005999999999999999
0.001111464686592234 0.007434877254093791 0.0005999999999999999
0.001645647435398733 0.007501732904482845 0.0005999999999999999
0.001119528669406693 0.00719712186337596 0.0005999999999999999
0.0001499999999999999 0.002750000000000001 0.0005999999999999999
3 1 0 183
3036
3037
3038
3039
3040
3041
3042
3043
3044
3045
3046
3047
3048
3049
3050
3051
3052
3053
3054
3055
3056
3057
3058
3059
3060
3061
3062
3063
3064
3065
3066
3067
3068
3069
3070
3071
3072
3073
3074
3075
3076
3077
3078
3079
3080
3081
3082
3083
3084
3085
3086
3087
3088
3089
3090
3091
3092
3093
3094
3095
3096
3097
3098
3099
3100
3101
3102
3103
3104
3105
3106
3107
3108
3109
3110
3111
3112
3113
3114
3115
3116
3117
3118
3119
3120
3121
3122
3123
3124
3125
3126
3127
3128
3129
3130
3131
3132
3133
3134
3135
3136
3137
3138
3139
3140
3141
3142
3143
3144
3145
3146
3147
3148
3149
3150
3151
3152
3153
3154
3155
3156
3157
3158
3159
3160
3161
3162
3163
3164
3165
3166
3167
3168
3169
3170
3171
3172
3173
3174
3175
3176
3177
3178
3179
3180
3181
3182
3183
3184
3185
3186
3187
3188
3189
3190
3191
3192
3193
3194
3195
3196
3197
3198
3199
3200
3201
3202
3203
3204
3205
3206
3207
3208
3209
3210
3211
3212
3213
3214
3215
3216
3217
3218
-0.0003 0.00175 0.0003
-0.0002999999999999998 0.002194523809523809 0.0003
-0.0002999999999999999 -0.0007500000000000002 0.0003
-0.0003 -0.00175 0.0003
-0.0002999999999999999 -0.002194523809523809 0.0003
-0.0002999999999999999 0.0002499999999999998 0.0003
-0.0002999999999999999 -0.00125 0.0003
-0.0002999999999999999 -0.0002500000000000004 0.0003
-0.0002999999999999999 0.00075 0.0003
-0.0002999999999999999 0.00125 0.0003
-0.0002999999999999999 -0.002194523809523809 0.00015
-0.0002999999999999998 -0.002347261904761905 0.0003
-0.00015 -0.002347261904761905 0.0003
-0.0002999999999999998 -0.002347261904761905 0.00015
-0.00015 -0.002347261904761905 0.00015
-0.0002999999999999999 -0.002194523809523809 0.00045
-0.0002999999999999998 -0.002347261904761905 0.00045
-0.00015 -0.002347261904761905 0.0004499999999999999
-0.0004499999999999999 -0.002347261904761905 0.0003
-0.0004499999999999999 -0.002347261904761905 0.00015
-0.0004499999999999999 -0.002347261904761905 0.0004499999999999999
-0.0002999999999999998 0.002194523809523809 0.00015
-0.0001499999999999999 0.002347261904761905 0.0003
-0.0002999999999999999 0.002347261904761905 0.0003
-0.0001499999999999999 0.002347261904761905 0.00015
-0.0002999999999999999 0.002347261904761905 0.00015
-0.0002999999999999998 0.002194523809523809 0.00045
-0.0001499999999999999 0.002347261904761905 0.0004499999999999999
-0.0002999999999999999 0.002347261904761905 0.0004499999999999999
-0.0004499999999999999 0.002347261904761905 0.0003
-0.0004499999999999999 0.002347261904761905 0.00015
-0.0004499999999999999 0.002347261904761905 0.0004499999999999999
-0.00015 -0.002097261904761905 0.0003
-0.00015 -0.002097261904761905 0.00015
-0.00015 -0.002097261904761905 0.0004499999999999999
-0.0004499999999999998 0.002097261904761905 0.0003
-0.0004499999999999999 0.002097261904761905 0.00015
-0.0004499999999999999 0.002097261904761905 0.0004499999999999999
-0.0001499999999999999 0.002097261904761905 0.0003
-0.0001499999999999999 0.002097261904761905 0.00015
-0.0001499999999999999 0.002097261904761905 0.00045
-0.0004499999999999999 -0.002097261904761905 0.0003
-0.0004499999999999999 -0.002097261904761905 0.00015
-0.0004499999999999999 -0.002097261904761905 0.00045
-0.0002999999999999999 -0.0007500000000000002 0.00015
-0.0002999999999999999 -0.00125 0.00015
-0.00015 -0.0008750000000000002 0.0003
-0.00015 -0.001125 0.0003
-0.0002999999999999999 -0.001 0.0003
-0.00015 -0.0008750000000000003 0.00015
-0.00015 -0.001125 0.00015
-0.0002999999999999999 -0.001 0.00015
-0.0002999999999999999 -0.0007500000000000002 0.00045
-0.0002999999999999999 -0.00125 0.00045
-0.00015 -0.0008750000000000003 0.0004499999999999999
-0.00015 -0.001125 0.00045
-0.0002999999999999999 -0.001 0.0004499999999999999
-0.0003 0.00175 0.00015
-0.00015 0.001625 0.0003
-0.00015 0.001875 0.0003
-0.00015 0.001625 0.00015
-0.00015 0.001875 0.00015
-0.0003 0.00175 0.00045
-0.00015 0.001625 0.00045
-0.00015 0.001875 0.0004499999999999999
-0.0004499999999999999 -0.001125 0.0003
-0.0004499999999999999 -0.001375 0.0003
-0.0004499999999999999 -0.001125 0.00015
-0.0004499999999999999 -0.001375 0.00015
-0.0004499999999999999 -0.001125 0.00045
-0.0004499999999999999 -0.001375 0.0004499999999999999
-0.0004499999999999999 0.001875 0.0003
-0.0004499999999999999 0.001625 0.0003
-0.00045 0.001875 0.00015
-0.0004499999999999999 0.001625 0.00015
-0.00045 0.001875 0.00045
-0.0004499999999999999 0.001625 0.0004499999999999999
-0.0002999999999999999 0.0002499999999999998 0.00015
-0.00015 0.0001249999999999997 0.0003
-0.00015 0.0003749999999999999 0.0003
-0.00015 0.0001249999999999997 0.00015
-0.00015 0.0003749999999999999 0.00015
-0.0002999999999999999 0.0002499999999999998 0.00045
-0.00015 0.0001249999999999997 0.00045
-0.00015 0.0003749999999999999 0.0004499999999999999
-0.0004499999999999999 -0.0008750000000000002 0.0003
-0.0004499999999999999 -0.0008750000000000002 0.00015
-0.0004499999999999999 -0.0008750000000000002 0.0004499999999999999
-0.0004499999999999999 0.0003749999999999999 0.0003
-0.0004499999999999999 0.0001249999999999997 0.0003
-0.0004499999999999999 0.0003749999999999999 0.00015
-0.0004499999999999999 0.0001249999999999997 0.00015
-0.0004499999999999999 0.0003749999999999999 0.00045
-0.0004499999999999999 0.0001249999999999997 0.0004499999999999999
-0.0002999999999999999 0.00075 0.00015
-0.0004499999999999999 0.000625 0.0003
-0.0002999999999999999 0.0004999999999999999 0.0003
-0.0004499999999999999 0.000625 0.00015
-0.0002999999999999999 0.0004999999999999999 0.00015
-0.0002999999999999999 0.00075 0.00045
-0.0004499999999999999 0.000625 0.00045
-0.0002999999999999999 0.0004999999999999999 0.0004499999999999999
-0.0003 -0.00175 0.00015
-0.00015 -0.001875 0.0003
-0.00015 -0.001625 0.0003
-0.00015 -0.001875 0.00015
-0.00015 -0.001625 0.00015
-0.0003 -0.00175 0.00045
-0.00015 -0.001875 0.00045
-0.00015 -0.001625 0.0004499999999999999
-0.00015 0.000625 0.0003
-0.00015 0.000625 0.00015
-0.00015 0.000625 0.0004499999999999999
-0.0002999999999999999 0.00125 0.00015
-0.00015 0.000875 0.0003
-0.0002999999999999999 0.001 0.0003
-0.00015 0.001125 0.0003
-0.00015 0.0008750000000000001 0.00015
-0.0002999999999999999 0.001 0.00015
-0.00015 0.001125 0.00015
-0.0002999999999999999 0.00125 0.00045
-0.00015 0.0008750000000000001 0.0004499999999999999
-0.0002999999999999999 0.001 0.00045
-0.00015 0.001125 0.0004499999999999999
-0.00015 -0.001375 0.0003
-0.00015 -0.001375 0.00015
-0.00015 -0.001375 0.00045
-0.00015 -0.0006250000000000003 0.0003
-0.00015 -0.0006250000000000003 0.00015
-0.00015 -0.0006250000000000003 0.0004499999999999999
-0.0002999999999999999 -0.0002500000000000004 0.00015
-0.00015 -0.0003750000000000004 0.0003
-0.00015 -0.0001250000000000004 0.0003
-0.00015 -0.0003750000000000004 0.00015
-0.00015 -0.0001250000000000004 0.00015
-0.0002999999999999999 -0.0002500000000000004 0.00045
-0.00015 -0.0003750000000000004 0.00045
-0.00015 -0.0001250000000000004 0.0004499999999999999
-0.0002999999999999999 -0.0005000000000000003 0.0003
-0.0002999999999999999 -0.0005000000000000003 0.00015
-0.0002999999999999999 -0.0005000000000000003 0.00045
-0.0002999999999999999 -3.252606517456513e-19 0.0003
-0.0002999999999999999 -3.252606517456513e-19 0.00015
-0.0002999999999999999 -3.252606517456513e-19 0.0004499999999999999
-0.00015 0.001375 0.0003
-0.0003 0.0015 0.0003
-0.00015 0.001375 0.00015
-0.0002999999999999999 0.0015 0.00015
-0.00015 0.001375 0.00045
-0.0002999999999999999 0.0015 0.0004499999999999999
-0.0004499999999999999 -0.001625 0.0003
-0.0004499999999999999 -0.001875 0.0003
-0.00045 -0.001625 0.00015
-0.0004499999999999999 -0.001875 0.00015
-0.00045 -0.001625 0.00045
-0.0004499999999999999 -0.001875 0.0004499999999999999
-0.0004499999999999999 -0.0006250000000000003 0.0003
-0.0004499999999999999 -0.0006250000000000003 0.00015
-0.0004499999999999999 -0.0006250000000000003 0.00045
-0.0004499999999999999 -0.0001250000000000004 0.0003
-0.0004499999999999999 -0.0003750000000000004 0.0003
-0.0004499999999999999 -0.0001250000000000004 0.00015
-0.0004499999999999999 -0.0003750000000000004 0.00015
-0.0004499999999999999 -0.0001250000000000004 0.00045
-0.0004499999999999999 -0.0003750000000000004 0.0004499999999999999
-0.0004499999999999999 0.001375 0.0003
-0.0004499999999999999 0.001375 0.00015
-0.0004499999999999999 0.001375 0.0004499999999999999
-0.0004499999999999999 0.001125 0.0003
-0.0004499999999999999 0.001125 0.00015
-0.0004499999999999999 0.001125 0.0004499999999999999
-0.0003 -0.0015 0.0003
-0.0002999999999999999 -0.0015 0.00015
-0.0002999999999999999 -0.0015 0.00045
-0.0004499999999999999 0.000875 0.0003
-0.0004499999999999999 0.0008750000000000001 0.00015
-0.0004499999999999999 0.0008750000000000001 0.00045
-0.0003 -0.001972261904761905 0.0003
-0.0002999999999999999 -0.001972261904761905 0.00015
-0.0002999999999999999 -0.001972261904761905 0.0004499999999999999
-0.0002999999999999999 0.001972261904761905 0.0003
-0.0002999999999999999 0.001972261904761905 0.00015
-0.0002999999999999999 0.001972261904761905 0.0004499999999999999
3 2 0 183
3219
3220
3221
3222
3223
3224
3225
3226
3227
3228
3229
3230
3231
3232
3233
3234
3235
3236
3237
3238
3239
3240
3241
3242
3243
3244
3245
3246
3247
3248
3249
3250
3251
3252
3253
3254
3255
3256
3257
3258
3259
3260
3261
3262
3263
3264
3265
3266
3267
3268
3269
3270
3271
3272
3273
3274
3275
3276
3277
3278
3279
3280
3281
3282
3283
3284
3285
3286
3287
3288
3289
3290
3291
3292
3293
3294
3295
3296
3297
3298
3299
3300
3301
3302
3303
3304
3305
3306
3307
3308
3309
3310
3311
3312
3313
3314
3315
3316
3317
3318
3319
3320
3321
3322
3323
3324
3325
3326
3327
3328
3329
3330
3331
3332
3333
3334
3335
3336
3337
3338
3339
3340
3341
3342
3343
3344
3345
3346
3347
3348
3349
3350
3351
3352
3353
3354
3355
3356
3357
3358
3359
3360
3361
3362
3363
3364
3365
3366
3367
3368
3369
3370
3371
3372
3373
3374
3375
3376
3377
3378
3379
3380
3381
3382
3383
3384
3385
3386
3387
3388
3389
3390
3391
3392
3393
3394
3395
3396
3397
3398
3399
3400
3401
0.0003 -0.00125 0.0003
0.0003 0.00125 0.0003
0.0003000000000000002 -0.00175 0.0003
0.0003000000000000001 -0.00219452380952381 0.0003
0.0002999999999999998 0.00175 0.0003
0.0003 0.00219452380952381 0.0003
0.0002999999999999999 -0.0007500000000000002 0.0003
0.0003000000000000001 0.0007500000000000002 0.0003
0.0003000000000000001 -0.00025 0.0003
0.0003000000000000001 0.0002500000000000003 0.0003
0.0003 0.00219452380952381 0.00015
0.0002999999999999999 0.002347261904761905 0.0003
0.00015 0.002347261904761905 0.0003
0.0002999999999999999 0.002347261904761905 0.00015
0.00015 0.002347261904761905 0.00015
0.0003 0.00219452380952381 0.00045
0.0002999999999999999 0.002347261904761905 0.00045
0.00015 0.002347261904761905 0.0004499999999999999
0.0003000000000000001 -0.00219452380952381 0.00015
0.0001500000000000001 -0.002347261904761905 0.0003
0.0003000000000000001 -0.002347261904761905 0.0003
0.0001500000000000001 -0.002347261904761905 0.00015
0.0003000000000000001 -0.002347261904761905 0.00015
0.0003000000000000001 -0.00219452380952381 0.00045
0.0001500000000000001 -0.002347261904761905 0.0004499999999999999
0.0003000000000000001 -0.002347261904761905 0.0004499999999999999
0.00045 0.002347261904761905 0.0003
0.00045 0.002347261904761905 0.00015
0.0004499999999999999 0.002347261904761905 0.0004499999999999999
0.00045 -0.002347261904761905 0.0003
0.0004500000000000001 -0.002347261904761905 0.00015
0.0004500000000000001 -0.002347261904761905 0.0004499999999999999
0.00015 0.002097261904761905 0.0003
0.00015 0.002097261904761905 0.00015
0.00015 0.002097261904761905 0.0004499999999999999
0.0001500000000000001 -0.002097261904761905 0.0003
0.0001500000000000001 -0.002097261904761905 0.00015
0.0001500000000000001 -0.002097261904761905 0.00045
0.00045 -0.002097261904761905 0.0003
0.0004500000000000001 -0.002097261904761905 0.00015
0.0004500000000000001 -0.002097261904761905 0.0004499999999999999
0.00045 0.002097261904761905 0.0003
0.00045 0.002097261904761905 0.00015
0.00045 0.002097261904761905 0.00045
0.0003000000000000001 -0.00025 0.00015
0.0003000000000000001 0.0002500000000000003 0.00015
0.0001500000000000001 -0.0001250000000000002 0.0003
0.0001500000000000001 0.0001249999999999999 0.0003
0.0003000000000000001 1.355252715606881e-19 0.0003
0.0001500000000000001 -0.0001250000000000002 0.00015
0.0001500000000000001 0.0001249999999999999 0.00015
0.0003000000000000001 1.084202172485504e-19 0.00015
0.0003000000000000001 -0.00025 0.00045
0.0003000000000000001 0.0002500000000000003 0.00045
0.0001500000000000001 -0.0001250000000000002 0.0004499999999999999
0.0001500000000000001 0.0001249999999999999 0.00045
0.0003000000000000001 1.084202172485504e-19 0.0004499999999999999
0.00045 -0.0001249999999999998 0.0003
0.00045 0.0001250000000000004 0.0003
0.0004500000000000001 -0.0001249999999999998 0.00015
0.0004500000000000001 0.0001250000000000004 0.00015
0.0004500000000000001 -0.0001249999999999998 0.0004499999999999999
0.0004500000000000001 0.0001250000000000004 0.0004499999999999999
0.0003 -0.00125 0.00015
0.00015 -0.001125 0.0003
0.00015 -0.001375 0.0003
0.00015 -0.001125 0.00015
0.00015 -0.001375 0.00015
0.0003 -0.00125 0.00045
0.00015 -0.001125 0.00045
0.00015 -0.001375 0.0004499999999999999
0.0001500000000000001 0.0003750000000000001 0.0003
0.0001500000000000001 0.0003750000000000001 0.00015
0.0001500000000000001 0.0003750000000000001 0.00045
0.0002999999999999998 0.00175 0.00015
0.0001499999999999999 0.001875 0.0003
0.0001499999999999999 0.001625 0.0003
0.0001499999999999999 0.001875 0.00015
0.0001499999999999999 0.001625 0.00015
0.0002999999999999998 0.00175 0.00045
0.0001499999999999999 0.001875 0.00045
0.0001499999999999999 0.001625 0.0004499999999999999
0.0003 0.00125 0.00015
0.00045 0.001125 0.0003
0.00045 0.001375 0.0003
0.00045 0.001125 0.00015
0.00045 0.001375 0.00015
0.0003 0.00125 0.00045
0.00045 0.001125 0.00045
0.00045 0.001375 0.0004499999999999999
0.0003000000000000002 -0.00175 0.00015
0.0004500000000000001 -0.001875 0.0003
0.0004500000000000001 -0.001625 0.0003
0.0004500000000000001 -0.001875 0.00015
0.0004500000000000001 -0.001625 0.00015
0.0003000000000000002 -0.00175 0.00045
0.0004500000000000001 -0.001875 0.00045
0.0004500000000000001 -0.001625 0.0004499999999999999
0.00045 -0.000375 0.0003
0.0004500000000000001 -0.000375 0.00015
0.0004500000000000001 -0.000375 0.00045
0.0001500000000000001 -0.001625 0.0003
0.0001500000000000001 -0.001875 0.0003
0.0001500000000000001 -0.001625 0.00015
0.0001500000000000001 -0.001875 0.00015
0.0001500000000000001 -0.001625 0.00045
0.0001500000000000001 -0.001875 0.0004499999999999999
0.0003000000000000001 0.0007500000000000002 0.00015
0.00015 0.001125 0.0003
0.0003000000000000001 0.001 0.0003
0.0001500000000000001 0.0008750000000000001 0.0003
0.00015 0.001125 0.00015
0.0003000000000000001 0.001 0.00015
0.0001500000000000001 0.0008750000000000001 0.00015
0.0003000000000000001 0.0007500000000000002 0.00045
0.00015 0.001125 0.0004499999999999999
0.0003000000000000001 0.001 0.00045
0.0001500000000000001 0.0008750000000000001 0.0004499999999999999
0.0004499999999999999 0.001625 0.0003
0.0004499999999999999 0.001875 0.0003
0.0004499999999999999 0.001625 0.00015
0.0004499999999999999 0.001875 0.00015
0.0004499999999999999 0.001625 0.00045
0.0004499999999999999 0.001875 0.0004499999999999999
0.0002999999999999999 -0.0007500000000000002 0.00015
0.00045 -0.001125 0.0003
0.0003 -0.001 0.0003
0.0004499999999999999 -0.0008750000000000001 0.0003
0.00045 -0.001125 0.00015
0.0002999999999999999 -0.001 0.00015
0.00045 -0.0008750000000000001 0.00015
0.0002999999999999999 -0.0007500000000000002 0.00045
0.00045 -0.001125 0.0004499999999999999
0.0002999999999999999 -0.001 0.00045
0.00045 -0.0008750000000000001 0.0004499999999999999
0.00015 -0.0006250000000000003 0.0003
0.0001500000000000001 -0.0003750000000000002 0.0003
0.0003 -0.0005000000000000001 0.0003
0.00015 -0.0006250000000000003 0.00015
0.0001500000000000001 -0.0003750000000000002 0.00015
0.0003 -0.0005000000000000001 0.00015
0.00015 -0.0006250000000000003 0.0004499999999999999
0.0001500000000000001 -0.0003750000000000002 0.00045
0.0003 -0.0005000000000000001 0.0004499999999999999
0.00015 -0.0008750000000000002 0.0003
0.00015 -0.0008750000000000003 0.00015
0.00015 -0.0008750000000000003 0.0004499999999999999
0.0001500000000000001 0.0006250000000000001 0.0003
0.0001500000000000001 0.0006250000000000001 0.00015
0.0001500000000000001 0.0006250000000000001 0.0004499999999999999
0.0003000000000000001 0.0005000000000000002 0.0003
0.0003000000000000001 0.0005000000000000002 0.00015
0.0003000000000000001 0.0005000000000000002 0.00045
0.00045 0.0006250000000000003 0.0003
0.00045 0.0008750000000000002 0.0003
0.0004500000000000001 0.0006250000000000003 0.00015
0.0004500000000000001 0.0008750000000000003 0.00015
0.0004500000000000001 0.0006250000000000003 0.00045
0.0004500000000000001 0.0008750000000000003 0.0004499999999999999
0.0004499999999999999 -0.0006250000000000001 0.0003
0.00045 -0.0006250000000000001 0.00015
0.00045 -0.0006250000000000001 0.0004499999999999999
0.00015 0.001375 0.0003
0.00015 0.001375 0.00015
0.00015 0.001375 0.00045
0.00045 0.0003750000000000003 0.0003
0.0004500000000000001 0.0003750000000000003 0.00015
0.0004500000000000001 0.0003750000000000003 0.0004499999999999999
0.00045 -0.001375 0.0003
0.00045 -0.001375 0.00015
0.00045 -0.001375 0.00045
0.0003000000000000001 -0.0015 0.0003
0.0003000000000000001 -0.0015 0.00015
0.0003000000000000001 -0.0015 0.0004499999999999999
0.0002999999999999999 0.0015 0.0003
0.0002999999999999999 0.0015 0.00015
0.0002999999999999999 0.0015 0.00045
0.0002999999999999999 0.001972261904761905 0.0003
0.0002999999999999999 0.001972261904761905 0.00015
0.0002999999999999999 0.001972261904761905 0.00045
0.0003000000000000002 -0.001972261904761905 0.0003
0.0003000000000000001 -0.001972261904761905 0.00015
0.0003000000000000001 -0.001972261904761905 0.00045
3 3 0 552
3402
3403
3404
3405
3406
3407
3408
3409
3410
3411
3412
3413
3414
3415
3416
3417
3418
3419
3420
3421
3422
3423
3424
3425
3426
3427
3428
3429
3430
3431
3432
3433
3434
3435
3436
3437
3438
3439
3440
3441
3442
3443
3444
3445
3446
3447
3448
3449
3450
3451
3452
3453
3454
3455
3456
3457
3458
3459
3460
3461
3462
3463
3464
3465
3466
3467
3468
3469
3470
3471
3472
3473
3474
3475
3476
3477
3478
3479
3480
3481
3482
3483
3484
3485
3486
3487
3488
3489
3490
3491
3492
3493
3494
3495
3496
3497
3498
3499
3500
3501
3502
3503
3504
3505
3506
3507
3508
3509
3510
3511
3512
3513
3514
3515
3516
3517
3518
3519
3520
3521
3522
3523
3524
3525
3526
3527
3528
3529
3530
3531
3532
3533
3534
3535
3536
3537
3538
3539
3540
3541
3542
3543
3544
3545
3546
3547
3548
3549
3550
3551
3552
3553
3554
3555
3556
3557
3558
3559
3560
3561
3562
3563
3564
3565
3566
3567
3568
3569
3570
3571
3572
3573
3574
3575
3576
3577
3578
3579
3580
3581
3582
3583
3584
3585
3586
3587
3588
3589
3590
3591
3592
3593
3594
3595
3596
3597
3598
3599
3600
3601
3602
3603
3604
3605
3606
3607
3608
3609
3610
3611
3612
3613
3614
3615
3616
3617
3618
3619
3620
3621
3622
3623
3624
3625
3626
3627
3628
3629
3630
3631
3632
3633
3634
3635
3636
3637
3638
3639
3640
3641
3642
3643
3644
3645
3646
3647
3648
3649
3650
3651
3652
3653
3654
3655
3656
3657
3658
3659
3660
3661
3662
3663
3664
3665
3666
3667
3668
3669
3670
3671
3672
3673
3674
3675
3676
3677
3678
3679
3680
3681
3682
3683
3684
3685
3686
3687
3688
3689
3690
3691
3692
3693
3694
3695
3696
3697
3698
3699
3700
3701
3702
3703
3704
3705
3706
3707
3708
3709
3710
3711
3712
3713
3714
3715
3716
3717
3718
3719
3720
3721
3722
3723
3724
3725
3726
3727
3728
3729
3730
3731
3732
3733
3734
3735
3736
3737
3738
3739
3740
3741
3742
3743
3744
3745
3746
3747
3748
3749
3750
3751
3752
3753
3754
3755
3756
3757
3758
3759
3760
3761
3762
3763
3764
3765
3766
3767
3768
3769
3770
3771
3772
3773
3774
3775
3776
3777
3778
3779
3780
3781
3782
3783
3784
3785
3786
3787
3788
3789
3790
3791
3792
3793
3794
3795
3796
3797
3798
3799
3800
3801
3802
3803
3804
3805
3806
3807
3808
3809
3810
3811
3812
3813
3814
3815
3816
3817
3818
3819
3820
3821
3822
3823
3824
3825
3826
3827
3828
3829
3830
3831
3832
3833
3834
3835
3836
3837
3838
3839
3840
3841
3842
3843
3844
3845
3846
3847
3848
3849
3850
3851
3852
3853
3854
3855
3856
3857
3858
3859
3860
3861
3862
3863
3864
3865
3866
3867
3868
3869
3870
3871
3872
3873
3874
3875
3876
3877
3878
3879
3880
3881
3882
3883
3884
3885
3886
3887
3888
3889
3890
3891
3892
3893
3894
3895
3896
3897
3898
3899
3900
3901
3902
3903
3904
3905
3906
3907
3908
3909
3910
3911
3912
3913
3914
3915
3916
3917
3918
3919
3920
3921
3922
3923
3924
3925
3926
3927
3928
3929
3930
3931
3932
3933
3934
3935
3936
3937
3938
3939
3940
3941
3942
3943
3944
3945
3946
3947
3948
3949
3950
3951
3952
3953
-0.001619347875178818 -0.006862206332761348 0.0003
-0.001608586186755605 -0.005949999999999994 0.0003
-0.001614532391685073 -0.005051572955502789 0.0003
-0.001198840277083327 -0.004073706690783487 0.0003
-0.0004345325920500408 -0.00624082384987803 0.0003
-0.0004248499445568764 -0.005262990912633973 0.0003
-0.0004219580797431692 -0.007246808194728368 0.0003
-0.0008105326429089894 -0.003862455110618002 0.0003
-0.0008291849927206171 -0.004322658368933508 0.0003
-0.001242691863988819 -0.007526238416386534 0.0003
-0.001228033101386964 -0.00449708729044523 0.0003
-0.0008149379469777221 -0.004724130302690897 0.0003
-0.0004284253655419339 -0.005748503402577654 0.0003
-0.000825326079131504 -0.005521669700537059 0.0003
-0.0008379440438849589 -0.005981091548338449 0.0003
-0.0008490836354590348 -0.006463395483875561 0.0003
-0.0004369965615085511 -0.006741482664674002 0.0003
-0.0008930476579201433 -0.007041498603373279 0.0003
-0.0004245616548967801 -0.003621264610758504 0.0003
-0.001620404973415986 -0.006405738092497257 0.0003
-0.001614203618311244 -0.005496558455546757 0.0003
-0.0007479248490772097 -0.007576579038378331 0.0003
-0.001632749365539267 -0.0072993437190805 0.0003
-0.001589497605399134 -0.004247949939031178 0.0003
-0.0004730643530439923 -0.004531980638016773 0.0003
-0.0004309613679445543 -0.004114836776752916 0.0003
-0.001221815846343919 -0.005305101829094684 0.0003
-0.001224705770969395 -0.005738699885215786 0.0003
-0.001232476922942889 -0.006195376390543396 0.0003
-0.001247718091607936 -0.006677717275633624 0.0003
-0.001327110970846997 -0.007081400869447057 0.0003
-0.001623338718537583 -0.004644438868453222 0.0003
-0.0003829998114296824 -0.002804032536523334 0.0003
-0.0003905764252313771 -0.003196803382102686 0.0003
-0.001214122181974638 -0.004894123133608128 0.0003
-0.000366025403784439 -0.00763397459621556 0.0003
-0.001675088245905617 -0.007674005315982295 0.0003
-0.000782075086916568 -0.005142407555461949 0.0003
-0.0003677948254635606 -0.004892288318159204 0.0003
-0.001242691863988819 -0.007526238416386534 0.00015
-0.0008930476579201433 -0.007041498603373279 0.00015
-0.001327110970846997 -0.007081400869447057 0.00015
-0.001067869760954481 -0.007283868509879906 0.0003
-0.001284901417417908 -0.007303819642916796 0.0003
-0.00111007931438357 -0.007061449736410168 0.0003
-0.001067869760954481 -0.007283868509879906 0.00015
-0.001284901417417908 -0.007303819642916796 0.00015
-0.00111007931438357 -0.007061449736410168 0.00015
-0.001242691863988819 -0.007526238416386534 0.00045
-0.0008930476579201433 -0.007041498603373279 0.00045
-0.001327110970846997 -0.007081400869447057 0.00045
-0.001067869760954481 -0.007283868509879906 0.0004499999999999999
-0.001284901417417908 -0.007303819642916796 0.00045
-0.00111007931438357 -0.007061449736410168 0.0004499999999999999
-0.0007479248490772097 -0.007576579038378331 0.00015
-0.0008204862534986765 -0.007309038820875805 0.0003
-0.0009953083565330144 -0.007551408727382433 0.0003
-0.0008204862534986765 -0.007309038820875805 0.00015
-0.0009953083565330146 -0.007551408727382433 0.00015
-0.0007479248490772097 -0.007576579038378331 0.00045
-0.0008204862534986765 -0.007309038820875805 0.00045
-0.0009953083565330144 -0.007551408727382433 0.0004499999999999999
-0.0004245616548967801 -0.003621264610758504 0.00015
-0.0004309613679445543 -0.004114836776752916 0.00015
-0.00021228082744839 -0.003810632305379247 0.0003
-0.0002154806839722771 -0.004057418388376453 0.0003
-0.0004277615114206672 -0.00386805069375571 0.0003
-0.00021228082744839 -0.003810632305379247 0.00015
-0.0002154806839722771 -0.004057418388376453 0.00015
-0.0004277615114206672 -0.00386805069375571 0.00015
-0.0004245616548967801 -0.003621264610758504 0.00045
-0.0004309613679445543 -0.004114836776752916 0.00045
-0.00021228082744839 -0.003810632305379247 0.0004499999999999999
-0.0002154806839722771 -0.004057418388376453 0.00045
-0.0004277615114206672 -0.00386805069375571 0.0004499999999999999
-0.00021228082744839 -0.003560632305379248 0.0003
-0.00021228082744839 -0.003560632305379248 0.00015
-0.00021228082744839 -0.003560632305379248 0.0004499999999999999
-0.0003905764252313771 -0.003196803382102686 0.00015
-0.0006459689313859035 -0.003472081981983951 0.0003
-0.0006289763165532021 -0.003259851367656042 0.0003
-0.0004075690400640786 -0.003409033996430595 0.0003
-0.0006459689313859035 -0.003472081981983951 0.00015
-0.0006289763165532021 -0.003259851367656042 0.00015
-0.0004075690400640787 -0.003409033996430595 0.00015
-0.0003905764252313771 -0.003196803382102686 0.00045
-0.0006459689313859035 -0.003472081981983951 0.0004499999999999999
-0.0006289763165532021 -0.003259851367656042 0.00045
-0.0004075690400640787 -0.003409033996430595 0.0004499999999999999
-0.000529548651209075 -0.003064713587113787 0.0003
-0.000529548651209075 -0.003064713587113787 0.00015
-0.000529548651209075 -0.003064713587113787 0.00045
-0.0008105326429089894 -0.003862455110618002 0.00015
-0.0008389544253920082 -0.0035926772319137 0.0003
-0.0009938166448497149 -0.003747539451371429 0.0003
-0.0008389544253920083 -0.003592677231913701 0.00015
-0.0009938166448497155 -0.003747539451371429 0.00015
-0.0008105326429089894 -0.003862455110618002 0.00045
-0.0008389544253920083 -0.003592677231913701 0.00045
-0.0009938166448497155 -0.003747539451371429 0.0004499999999999999
-0.0006175471489028848 -0.003741859860688253 0.0003
-0.0006175471489028847 -0.003741859860688253 0.00015
-0.0006175471489028848 -0.003741859860688253 0.0004499999999999999
-0.001589497605399134 -0.004247949939031178 0.00015
-0.001578436906637026 -0.004039714530922171 0.0003
-0.001794748802699464 -0.004073974969515589 0.0003
-0.001578436906637026 -0.004039714530922172 0.00015
-0.001794748802699515 -0.00407397496951559 0.00015
-0.001589497605399134 -0.004247949939031178 0.00045
-0.001578436906637026 -0.004039714530922171 0.00045
-0.001794748802699515 -0.004073974969515589 0.0004499999999999999
-0.001794748802699567 -0.004301752747293367 0.0003
-0.001794748802699567 -0.004301752747293367 0.00015
-0.001794748802699567 -0.004301752747293366 0.0004499999999999999
-0.0004219580797431692 -0.007246808194728368 0.00015
-0.0006575028688316563 -0.007144153399050824 0.0003
-0.0005849414644101894 -0.007411693616553349 0.0003
-0.0006575028688316563 -0.007144153399050824 0.00015
-0.0005849414644101894 -0.007411693616553349 0.00015
-0.0004219580797431692 -0.007246808194728368 0.00045
-0.0006575028688316563 -0.007144153399050824 0.0004499999999999999
-0.0005849414644101894 -0.007411693616553349 0.00045
-0.0006207470054267718 -0.003988645943685459 0.0003
-0.0006207470054267718 -0.003988645943685459 0.00015
-0.0006207470054267718 -0.003988645943685459 0.0004499999999999999
-0.0008490836354590348 -0.006463395483875561 0.00015
-0.001247718091607936 -0.006677717275633624 0.00015
-0.0008710656466895891 -0.00675244704362442 0.0003
-0.00107038287476404 -0.006859607939503452 0.0003
-0.001048400863533485 -0.006570556379754592 0.0003
-0.0008710656466895891 -0.00675244704362442 0.00015
-0.001070382874764039 -0.006859607939503452 0.00015
-0.001048400863533485 -0.006570556379754592 0.00015
-0.0008490836354590348 -0.006463395483875561 0.00045
-0.001247718091607936 -0.006677717275633624 0.00045
-0.0008710656466895891 -0.00675244704362442 0.0004499999999999999
-0.00107038287476404 -0.006859607939503452 0.00045
-0.001048400863533485 -0.006570556379754592 0.0004499999999999999
-0.0002154806839722771 -0.004307418388376453 0.0003
-0.0002154806839722771 -0.004307418388376453 0.00015
-0.0002154806839722771 -0.004307418388376453 0.00045
-0.0004730643530439923 -0.004531980638016773 0.00015
-0.0002365321765219961 -0.004515990319008381 0.0003
-0.0004520128604942733 -0.004323408707384844 0.0003
-0.0002365321765219961 -0.004515990319008381 0.00015
-0.0004520128604942733 -0.004323408707384844 0.00015
-0.0004730643530439923 -0.004531980638016773 0.00045
-0.0002365321765219961 -0.004515990319008381 0.0004499999999999999
-0.0004520128604942733 -0.004323408707384844 0.00045
-0.0004369965615085511 -0.006741482664674002 0.00015
-0.0006430400984837929 -0.006602439074274782 0.0003
-0.0006650221097143471 -0.006891490634023641 0.0003
-0.0006430400984837931 -0.006602439074274781 0.00015
-0.0006650221097143471 -0.006891490634023641 0.00015
-0.0004369965615085511 -0.006741482664674002 0.00045
-0.0006430400984837931 -0.006602439074274781 0.0004499999999999999
-0.0006650221097143471 -0.006891490634023641 0.00045
-0.0001952882126156886 -0.003348401691051339 0.0003
-0.0001952882126156886 -0.003348401691051339 0.00015
-0.0001952882126156886 -0.003348401691051339 0.0004499999999999999
-0.0002109790398715846 -0.007123404097364183 0.0003
-0.0004294773206258601 -0.006994145429701185 0.0003
-0.0002184982807542755 -0.006870741332337 0.0003
-0.0002109790398715846 -0.007123404097364183 0.00015
-0.0004294773206258601 -0.006994145429701185 0.00015
-0.0002184982807542755 -0.006870741332337 0.00015
-0.0002109790398715846 -0.007123404097364183 0.0004499999999999999
-0.0004294773206258601 -0.006994145429701185 0.00045
-0.0002184982807542755 -0.006870741332337 0.0004499999999999999
-0.0002184982807542755 -0.006620741332336999 0.0003
-0.0002184982807542755 -0.006620741332336999 0.00015
-0.0002184982807542755 -0.006620741332336999 0.0004499999999999999
-0.0003829998114296824 -0.002804032536523334 0.00015
-0.0004914999057148412 -0.002652016268261667 0.0003
-0.0005257603443082277 -0.002868328164324111 0.0003
-0.0004914999057148411 -0.002652016268261667 0.00015
-0.0005257603443082277 -0.002868328164324111 0.00015
-0.0003829998114296824 -0.002804032536523334 0.00045
-0.0004914999057148411 -0.002652016268261667 0.0004499999999999999
-0.0005257603443082277 -0.002868328164324111 0.0004499999999999999
-0.0004345325920500408 -0.00624082384987803 0.00015
-0.0004284253655419339 -0.005748503402577654 0.00015
-0.0008379440438849589 -0.005981091548338449 0.00015
-0.0004314789787959874 -0.005994663626227842 0.0003
-0.0006362383179674999 -0.00611095769910824 0.0003
-0.0006331847047134464 -0.005864797475458051 0.0003
-0.0004314789787959873 -0.005994663626227843 0.00015
-0.0006362383179674999 -0.00611095769910824 0.00015
-0.0006331847047134464 -0.005864797475458052 0.00015
-0.0004345325920500408 -0.00624082384987803 0.00045
-0.0004284253655419339 -0.005748503402577654 0.00045
-0.0008379440438849589 -0.005981091548338449 0.00045
-0.0004314789787959873 -0.005994663626227843 0.0004499999999999999
-0.0006362383179674999 -0.00611095769910824 0.00045
-0.0006331847047134464 -0.005864797475458051 0.0004499999999999999
-0.0002172662960250204 -0.006120411924939013 0.0003
-0.000214212682770967 -0.005874251701288824 0.0003
-0.0002172662960250204 -0.006120411924939013 0.00015
-0.000214212682770967 -0.005874251701288824 0.00015
-0.0002172662960250204 -0.006120411924939013 0.0004499999999999999
-0.000214212682770967 -0.005874251701288824 0.0004499999999999999
-0.0006418081137545378 -0.006352109666876796 0.0003
-0.0008435138396719968 -0.006222243516107005 0.0003
-0.0006418081137545378 -0.006352109666876795 0.00015
-0.0008435138396719968 -0.006222243516107005 0.00015
-0.0006418081137545378 -0.006352109666876796 0.00045
-0.0008435138396719968 -0.006222243516107005 0.0004499999999999999
-0.0004248499445568764 -0.005262990912633973 0.00015
-0.000825326079131504 -0.005521669700537059 0.00015
-0.0004266376550494052 -0.005505747157605814 0.0003
-0.0006268757223367189 -0.005635086551557356 0.0003
-0.0006250880118441902 -0.005392330306585516 0.0003
-0.0004266376550494051 -0.005505747157605814 0.00015
-0.0006268757223367189 -0.005635086551557356 0.00015
-0.0006250880118441902 -0.005392330306585516 0.00015
-0.0004248499445568764 -0.005262990912633973 0.00045
-0.000825326079131504 -0.005521669700537059 0.00045
-0.0004266376550494051 -0.005505747157605814 0.0004499999999999999
-0.0006268757223367189 -0.005635086551557356 0.00045
-0.0006250880118441902 -0.005392330306585516 0.0004499999999999999
-0.0002172662960250204 -0.006370411924939014 0.0003
-0.0004357645767792959 -0.006491153257276016 0.0003
-0.0002172662960250204 -0.006370411924939014 0.00015
-0.0004357645767792959 -0.006491153257276016 0.00015
-0.0002172662960250204 -0.006370411924939014 0.0004499999999999999
-0.0004357645767792959 -0.006491153257276016 0.0004499999999999999
-0.0008316350615082315 -0.005751380624437754 0.0003
-0.0008316350615082315 -0.005751380624437754 0.00015
-0.0008316350615082315 -0.005751380624437754 0.0004499999999999999
-0.00137134593199441 -0.007763119208193267 0.0003
-0.00112134593199441 -0.007763119208193267 0.0003
-0.00137134593199441 -0.007763119208193267 0.00015
-0.00112134593199441 -0.007763119208193267 0.00015
-0.00137134593199441 -0.007763119208193267 0.00045
-0.00112134593199441 -0.007763119208193267 0.0004499999999999999
-0.0002124249722784382 -0.005381495456316984 0.0003
-0.000214212682770967 -0.005624251701288824 0.0003
-0.0002124249722784382 -0.005381495456316983 0.00015
-0.000214212682770967 -0.005624251701288824 0.00015
-0.0002124249722784382 -0.005381495456316983 0.0004499999999999999
-0.000214212682770967 -0.005624251701288824 0.00045
-0.0002124249722784382 -0.005131495456316982 0.0003
-0.0002124249722784382 -0.005131495456316982 0.00015
-0.0002124249722784382 -0.005131495456316982 0.0004499999999999999
-0.001214122181974638 -0.004894123133608128 0.00015
-0.001221815846343919 -0.005305101829094684 0.00015
-0.000782075086916568 -0.005142407555461949 0.00015
-0.001217969014159279 -0.005099612481351407 0.0003
-0.000998098634445603 -0.005018265344535039 0.0003
-0.001001945466630244 -0.005223754692278317 0.0003
-0.001217969014159279 -0.005099612481351407 0.00015
-0.000998098634445603 -0.005018265344535039 0.00015
-0.001001945466630244 -0.005223754692278316 0.00015
-0.001214122181974638 -0.004894123133608128 0.00045
-0.001221815846343919 -0.005305101829094684 0.00045
-0.000782075086916568 -0.005142407555461949 0.00045
-0.001217969014159279 -0.005099612481351407 0.0004499999999999999
-0.000998098634445603 -0.005018265344535039 0.00045
-0.001001945466630244 -0.005223754692278317 0.0004499999999999999
-0.001287414531227466 -0.00687955907254034 0.0003
-0.001287414531227466 -0.00687955907254034 0.00015
-0.001287414531227466 -0.00687955907254034 0.0004499999999999999
-0.0002109790398715846 -0.007373404097364184 0.0003
-0.0002109790398715846 -0.007373404097364184 0.00015
-0.0002109790398715846 -0.007373404097364184 0.00045
-0.0001914999057148412 -0.002902016268261665 0.0003
-0.0001952882126156886 -0.003098401691051341 0.0003
-0.0003867881183305298 -0.00300041795931301 0.0003
-0.0001914999057148412 -0.002902016268261666 0.00015
-0.0001952882126156886 -0.003098401691051341 0.00015
-0.0003867881183305298 -0.00300041795931301 0.00015
-0.0001914999057148412 -0.002902016268261666 0.0004499999999999999
-0.0001952882126156886 -0.003098401691051341 0.00045
-0.0003867881183305298 -0.00300041795931301 0.0004499999999999999
-0.001620404973415986 -0.006405738092497257 0.00015
-0.001810202486707993 -0.006291757935137515 0.0003
-0.001810202486707993 -0.006519535712915294 0.0003
-0.001810202486707993 -0.006291757935137515 0.00015
-0.001810202486707993 -0.006519535712915293 0.00015
-0.001620404973415986 -0.006405738092497257 0.00045
-0.001810202486707993 -0.006291757935137515 0.00045
-0.001810202486707993 -0.006519535712915293 0.0004499999999999999
-0.001614532391685073 -0.005051572955502789 0.00015
-0.001807266195842536 -0.004931342033306948 0.0003
-0.001807266195842536 -0.005159119811084726 0.0003
-0.001807266195842536 -0.004931342033306948 0.00015
-0.001807266195842536 -0.005159119811084726 0.00015
-0.001614532391685073 -0.005051572955502789 0.00045
-0.001807266195842536 -0.004931342033306948 0.00045
-0.001807266195842536 -0.005159119811084726 0.0004499999999999999
-0.001608586186755605 -0.005949999999999994 0.00015
-0.001804293093377802 -0.005836111111111106 0.0003
-0.001804293093377802 -0.006063888888888883 0.0003
-0.001804293093377803 -0.005836111111111106 0.00015
-0.001804293093377802 -0.006063888888888883 0.00015
-0.001608586186755605 -0.005949999999999994 0.00045
-0.001804293093377803 -0.005836111111111106 0.00045
-0.001804293093377802 -0.006063888888888883 0.0004499999999999999
-0.001614203618311244 -0.005496558455546757 0.00015
-0.001807101809155622 -0.00538161256110671 0.0003
-0.001807101809155622 -0.005609390338884487 0.0003
-0.001807101809155622 -0.005381612561106709 0.00015
-0.001807101809155622 -0.005609390338884487 0.00015
-0.001614203618311244 -0.005496558455546757 0.00045
-0.001807101809155622 -0.005381612561106709 0.00045
-0.001807101809155622 -0.005609390338884487 0.0004499999999999999
-0.001619347875178818 -0.006862206332761348 0.00015
-0.001809673937589409 -0.006747769833047338 0.0003
-0.001809673937589409 -0.006975547610825117 0.0003
-0.001809673937589409 -0.006747769833047338 0.00015
-0.001809673937589409 -0.006975547610825117 0.00015
-0.001619347875178818 -0.006862206332761348 0.00045
-0.001809673937589409 -0.006747769833047338 0.00045
-0.001809673937589409 -0.006975547610825117 0.0004499999999999999
-0.0008291849927206171 -0.004322658368933508 0.00015
-0.001198840277083327 -0.004073706690783487 0.00015
-0.001228033101386964 -0.00449708729044523 0.00015
-0.001014012634901972 -0.004198182529858497 0.0003
-0.001028609047053791 -0.004409872829689369 0.0003
-0.001213436689235145 -0.004285396990614358 0.0003
-0.001014012634901972 -0.004198182529858497 0.00015
-0.001028609047053791 -0.004409872829689369 0.00015
-0.001213436689235145 -0.004285396990614358 0.00015
-0.0008291849927206171 -0.004322658368933508 0.00045
-0.001198840277083327 -0.004073706690783487 0.00045
-0.001228033101386964 -0.00449708729044523 0.00045
-0.001014012634901972 -0.004198182529858497 0.0004499999999999999
-0.001028609047053791 -0.004409872829689369 0.00045
-0.001213436689235145 -0.004285396990614358 0.0004499999999999999
-0.001187970461936883 -0.003853165241454171 0.0003
-0.001383108242479123 -0.003952592906798325 0.0003
-0.001187970461936884 -0.003853165241454172 0.00015
-0.001383108242479123 -0.003952592906798325 0.00015
-0.001187970461936884 -0.003853165241454172 0.00045
-0.001383108242479123 -0.003952592906798325 0.0004499999999999999
-0.0008149379469777221 -0.004724130302690897 0.00015
-0.0003677948254635606 -0.004892288318159204 0.00015
-0.0007985065169471451 -0.004933268929076423 0.0003
-0.0005913663862206414 -0.00480820931042505 0.0003
-0.0005749349561900643 -0.005017347936810576 0.0003
-0.0007985065169471451 -0.004933268929076423 0.00015
-0.0005913663862206414 -0.00480820931042505 0.00015
-0.0005749349561900643 -0.005017347936810576 0.00015
-0.0008149379469777221 -0.004724130302690897 0.00045
-0.0003677948254635606 -0.004892288318159204 0.00045
-0.0007985065169471451 -0.004933268929076423 0.0004499999999999999
-0.0005913663862206414 -0.00480820931042505 0.00045
-0.0005749349561900643 -0.005017347936810576 0.0004499999999999999
-0.00101453006447618 -0.004809126718149512 0.0003
-0.00101453006447618 -0.004809126718149512 0.00015
-0.00101453006447618 -0.004809126718149512 0.0004499999999999999
-0.0008739624245386049 -0.007788289519189166 0.0003
-0.0006239624245386048 -0.007788289519189166 0.0003
-0.0008739624245386049 -0.007788289519189166 0.00015
-0.0006239624245386048 -0.007788289519189166 0.00015
-0.0008739624245386049 -0.007788289519189166 0.00045
-0.0006239624245386048 -0.007788289519189166 0.0004499999999999999
-0.001611394902533424 -0.005723279227773376 0.0003
-0.001611394902533424 -0.005723279227773376 0.00015
-0.001611394902533424 -0.005723279227773376 0.0004499999999999999
-0.001614495580085796 -0.006177869046248625 0.0003
-0.001614495580085796 -0.006177869046248625 0.00015
-0.001614495580085796 -0.006177869046248625 0.00045
-0.001619876424297402 -0.006633972212629303 0.0003
-0.001619876424297402 -0.006633972212629303 0.00015
-0.001619876424297402 -0.006633972212629303 0.0004499999999999999
-0.001614368004998158 -0.005274065705524773 0.0003
-0.001614368004998158 -0.005274065705524773 0.00015
-0.001614368004998158 -0.005274065705524773 0.00045
-0.0008220614698491696 -0.004523394335812203 0.0003
-0.001021485524182343 -0.004610608796568064 0.0003
-0.0008220614698491696 -0.004523394335812202 0.00015
-0.001021485524182343 -0.004610608796568064 0.00015
-0.0008220614698491696 -0.004523394335812203 0.00045
-0.001021485524182343 -0.004610608796568064 0.0004499999999999999
-0.001004686459996158 -0.003968080900700745 0.0003
-0.001004686459996158 -0.003968080900700745 0.00015
-0.001004686459996158 -0.003968080900700745 0.0004499999999999999
-0.0008198588178148032 -0.004092556739775755 0.0003
-0.0008198588178148032 -0.004092556739775755 0.00015
-0.0008198588178148032 -0.004092556739775755 0.00045
-0.001232476922942889 -0.006195376390543396 0.00015
-0.001040780279200962 -0.006329385937209478 0.0003
-0.001035210483413924 -0.006088233969440923 0.0003
-0.001040780279200962 -0.006329385937209478 0.00015
-0.001035210483413924 -0.006088233969440923 0.00015
-0.001232476922942889 -0.006195376390543396 0.00045
-0.001040780279200962 -0.006329385937209478 0.00045
-0.001035210483413924 -0.006088233969440923 0.0004499999999999999
-0.001632749365539267 -0.0072993437190805 0.00015
-0.001626048620359043 -0.007080775025920924 0.0003
-0.001816374682769634 -0.007194116303984694 0.0003
-0.001626048620359043 -0.007080775025920924 0.00015
-0.001816374682769634 -0.007194116303984694 0.00015
-0.001632749365539267 -0.0072993437190805 0.00045
-0.001626048620359043 -0.007080775025920924 0.00045
-0.001816374682769634 -0.007194116303984694 0.0004499999999999999
-0.001816374682769634 -0.007421894081762472 0.0003
-0.001816374682769634 -0.007421894081762472 0.00015
-0.001816374682769634 -0.007421894081762472 0.0004499999999999999
-0.001408765353393049 -0.004372518614738204 0.0003
-0.00139416894124123 -0.004160828314907333 0.0003
-0.001408765353393049 -0.004372518614738205 0.00015
-0.00139416894124123 -0.004160828314907333 0.00015
-0.001408765353393049 -0.004372518614738204 0.00045
-0.00139416894124123 -0.004160828314907333 0.0004499999999999999
-0.001224705770969395 -0.005738699885215786 0.00015
-0.001031324907427177 -0.005859895716777117 0.0003
-0.001025015925050449 -0.005630184792876422 0.0003
-0.001031324907427177 -0.005859895716777117 0.00015
-0.001025015925050449 -0.005630184792876422 0.00015
-0.001224705770969395 -0.005738699885215786 0.00045
-0.001031324907427177 -0.005859895716777117 0.00045
-0.001025015925050449 -0.005630184792876422 0.0004499999999999999
-0.001623338718537583 -0.004644438868453222 0.00015
-0.001811669359268791 -0.004499997212004388 0.0003
-0.001811669359268791 -0.004727774989782165 0.0003
-0.001811669359268791 -0.004499997212004388 0.00015
-0.001811669359268791 -0.004727774989782165 0.00015
-0.001623338718537583 -0.004644438868453222 0.00045
-0.001811669359268791 -0.004499997212004388 0.00045
-0.001811669359268791 -0.004727774989782165 0.0004499999999999999
-0.0006511246728823047 -0.004427319503475141 0.0003
-0.0006440011500108572 -0.004628055470353835 0.0003
-0.0006511246728823047 -0.004427319503475141 0.00015
-0.0006440011500108572 -0.004628055470353835 0.00015
-0.0006511246728823047 -0.004427319503475141 0.00045
-0.0006440011500108572 -0.004628055470353835 0.0004499999999999999
-0.0001838974127317803 -0.004946144159079598 0.0003
-0.0001838974127317803 -0.004696144159079597 0.0003
-0.0001838974127317803 -0.004946144159079598 0.00015
-0.0001838974127317803 -0.004696144159079597 0.00015
-0.0001838974127317803 -0.004946144159079598 0.00045
-0.0001838974127317803 -0.004696144159079597 0.0004499999999999999
-0.0004204295892537765 -0.004712134478087988 0.0003
-0.0004204295892537765 -0.004712134478087988 0.00015
-0.0004204295892537765 -0.004712134478087988 0.00045
-0.000366025403784439 -0.00763397459621556 0.00015
-0.0004330127018922195 -0.007816987298107781 0.0003
-0.0001830127018922195 -0.007816987298107781 0.0003
-0.0004330127018922196 -0.007816987298107779 0.00015
-0.0001830127018922195 -0.007816987298107781 0.00015
-0.000366025403784439 -0.00763397459621556 0.00045
-0.0004330127018922196 -0.007816987298107779 0.00045
-0.0001830127018922195 -0.007816987298107781 0.0004499999999999999
-0.0001830127018922195 -0.00756698729810778 0.0003
-0.0001830127018922195 -0.00756698729810778 0.00015
-0.0001830127018922195 -0.00756698729810778 0.0004499999999999999
-0.0006300731803325858 -0.004218747572843212 0.0003
-0.0006300731803325857 -0.004218747572843212 0.00015
-0.0006300731803325858 -0.004218747572843212 0.0004499999999999999
-0.001418174119014496 -0.005178337392298737 0.0003
-0.001418009732327581 -0.00540083014232072 0.0003
-0.001418174119014496 -0.005178337392298737 0.00015
-0.001418009732327581 -0.00540083014232072 0.00015
-0.001418174119014496 -0.005178337392298737 0.00045
-0.001418009732327581 -0.00540083014232072 0.0004499999999999999
-0.001240097507275413 -0.00643654683308851 0.0003
-0.001240097507275413 -0.00643654683308851 0.00015
-0.001240097507275413 -0.00643654683308851 0.0004499999999999999
-0.001419454694640319 -0.005617629170381271 0.0003
-0.0014166459788625 -0.00584434994260789 0.0003
-0.001419454694640319 -0.005617629170381271 0.00015
-0.0014166459788625 -0.00584434994260789 0.00015
-0.001419454694640319 -0.005617629170381271 0.00045
-0.0014166459788625 -0.00584434994260789 0.0004499999999999999
-0.001675088245905617 -0.007674005315982295 0.00015
-0.001837544122952809 -0.007837002657991147 0.0003
-0.001587544122952809 -0.007837002657991147 0.0003
-0.001837544122952809 -0.007837002657991147 0.00015
-0.001587544122952809 -0.007837002657991147 0.00015
-0.001675088245905617 -0.007674005315982295 0.00045
-0.001837544122952809 -0.007837002657991147 0.0004499999999999999
-0.001587544122952809 -0.007837002657991147 0.0004499999999999999
-0.001228591346956142 -0.005967038137879591 0.0003
-0.001228591346956142 -0.005967038137879591 0.00015
-0.001228591346956142 -0.005967038137879591 0.0004499999999999999
-0.001223260808656657 -0.005521900857155235 0.0003
-0.001223260808656657 -0.005521900857155235 0.00015
-0.001223260808656657 -0.005521900857155235 0.00045
-0.001606418161968358 -0.0044461944037422 0.0003
-0.001606418161968358 -0.0044461944037422 0.00015
-0.001606418161968358 -0.0044461944037422 0.00045
-0.001420531554849247 -0.006072688195271695 0.0003
-0.001426440948179438 -0.006300557241520326 0.0003
-0.001420531554849247 -0.006072688195271695 0.00015
-0.001426440948179438 -0.006300557241520326 0.00015
-0.001420531554849247 -0.006072688195271695 0.00045
-0.001426440948179438 -0.006300557241520326 0.0004499999999999999
-0.001837544122952809 -0.00760922488021337 0.0003
-0.001837544122952809 -0.00760922488021337 0.00015
-0.001837544122952809 -0.00760922488021337 0.00045
-0.001023570962737712 -0.005413385764815872 0.0003
-0.001023570962737712 -0.005413385764815871 0.00015
-0.001023570962737712 -0.005413385764815872 0.0004499999999999999
-0.001434061532511961 -0.00654172768406544 0.0003
-0.001434061532511961 -0.00654172768406544 0.00015
-0.001434061532511961 -0.00654172768406544 0.0004499999999999999
-0.001437720614764043 -0.007412791067733517 0.0003
-0.001479930168193132 -0.007190372294263779 0.0003
-0.001437720614764043 -0.007412791067733517 0.00015
-0.001479930168193132 -0.007190372294263779 0.00015
-0.001437720614764043 -0.007412791067733517 0.0004499999999999999
-0.001479930168193132 -0.007190372294263779 0.00045
-0.001433532983393377 -0.006769961804197486 0.0003
-0.001433532983393377 -0.006769961804197486 0.00015
-0.001433532983393377 -0.006769961804197486 0.0004499999999999999
-0.001473229423012907 -0.006971803601104202 0.0003
-0.001473229423012907 -0.006971803601104202 0.00015
-0.001473229423012907 -0.006971803601104202 0.0004499999999999999
-0.001425685909962273 -0.004570763079449226 0.0003
-0.001425685909962273 -0.004570763079449226 0.00015
-0.001425685909962273 -0.004570763079449226 0.00045
-0.001221077641680801 -0.004695605212026679 0.0003
-0.001418730450256111 -0.004769281001030676 0.0003
-0.001221077641680801 -0.004695605212026679 0.00015
-0.00141873045025611 -0.004769281001030676 0.00015
-0.001221077641680801 -0.004695605212026679 0.00045
-0.001418730450256111 -0.004769281001030676 0.0004499999999999999
-0.001618935555111328 -0.004848005911978006 0.0003
-0.001618935555111328 -0.004848005911978006 0.00015
-0.001618935555111328 -0.004848005911978006 0.0004499999999999999
-0.001458890054947218 -0.007600121866184415 0.0003
-0.001458890054947218 -0.007600121866184415 0.00015
-0.001458890054947218 -0.007600121866184415 0.0004499999999999999
-0.000803700583024036 -0.005332038627999504 0.0003
-0.000803700583024036 -0.005332038627999504 0.00015
-0.000803700583024036 -0.005332038627999504 0.0004499999999999999
-0.0005569751264308243 -0.007605276817296946 0.0003
-0.0005569751264308244 -0.007605276817296946 0.00015
-0.0005569751264308243 -0.007605276817296946 0.00045
-0.0003414999057148411 -0.002652016268261667 0.0003
-0.0003414999057148411 -0.002652016268261667 0.00015
-0.0003414999057148411 -0.002652016268261667 0.00045
-0.001414327286829855 -0.004972848044555458 0.0003
-0.001414327286829855 -0.004972848044555458 0.00015
-0.001414327286829855 -0.004972848044555458 0.0004499999999999999
-0.0006034625157367222 -0.005202699234047961 0.0003
-0.0003963223850102185 -0.005077639615396588 0.0003
-0.0006034625157367222 -0.005202699234047961 0.00015
-0.0003963223850102185 -0.005077639615396588 0.00015
-0.0006034625157367222 -0.005202699234047961 0.0004499999999999999
-0.0003963223850102185 -0.005077639615396588 0.0004499999999999999
-0.0003939917417638041 -0.007440391395471964 0.0003
-0.000393991741763804 -0.007440391395471964 0.00015
-0.000393991741763804 -0.007440391395471964 0.0004499999999999999
-0.001653918805722442 -0.007486674517531398 0.0003
-0.001653918805722442 -0.007486674517531398 0.00015
-0.001653918805722442 -0.007486674517531398 0.0004499999999999999
-0.0001499999999999999 -0.002749999999999998 0.0003
-0.0001499999999999999 -0.002749999999999998 0.00015
-0.0001499999999999999 -0.002749999999999998 0.00045
3 4 0 564
3954
3955
3956
3957
3958
3959
3960
3961
3962
3963
3964
3965
3966
3967
3968
3969
3970
3971
3972
3973
3974
3975
3976
3977
3978
3979
3980
3981
3982
3983
3984
3985
3986
3987
3988
3989
3990
3991
3992
3993
3994
3995
3996
3997
3998
3999
4000
4001
4002
4003
4004
4005
4006
4007
4008
4009
4010
4011
4012
4013
4014
4015
4016
4017
4018
4019
4020
4021
4022
4023
4024
4025
4026
4027
4028
4029
4030
4031
4032
4033
4034
4035
4036
4037
4038
4039
4040
4041
4042
4043
4044
4045
4046
4047
4048
4049
4050
4051
4052
4053
4054
4055
4056
4057
4058
4059
4060
4061
4062
4063
4064
4065
4066
4067
4068
4069
4070
4071
4072
4073
4074
4075
4076
4077
4078
4079
4080
4081
4082
4083
4084
4085
4086
4087
4088
4089
4090
4091
4092
4093
4094
4095
4096
4097
4098
4099
4100
4101
4102
4103
4104
4105
4106
4107
4108
4109
4110
4111
4112
4113
4114
4115
4116
4117
4118
4119
4120
4121
4122
4123
4124
4125
4126
4127
4128
4129
4130
4131
4132
4133
4134
4135
4136
4137
4138
4139
4140
4141
4142
4143
4144
4145
4146
4147
4148
4149
4150
4151
4152
4153
4154
4155
4156
4157
4158
4159
4160
4161
4162
4163
4164
4165
4166
4167
4168
4169
4170
4171
4172
4173
4174
4175
4176
4177
4178
4179
4180
4181
4182
4183
4184
4185
4186
4187
4188
4189
4190
4191
4192
4193
4194
4195
4196
4197
4198
4199
4200
4201
4202
4203
4204
4205
4206
4207
4208
4209
4210
4211
4212
4213
4214
4215
4216
4217
4218
4219
4220
4221
4222
4223
4224
4225
4226
4227
4228
4229
4230
4231
4232
4233
4234
4235
4236
4237
4238
4239
4240
4241
4242
4243
4244
4245
4246
4247
4248
4249
4250
4251
4252
4253
4254
4255
4256
4257
4258
4259
4260
4261
4262
4263
4264
4265
4266
4267
4268
4269
4270
4271
4272
4273
4274
4275
4276
4277
4278
4279
4280
4281
4282
4283
4284
4285
4286
4287
4288
4289
4290
4291
4292
4293
4294
4295
4296
4297
4298
4299
4300
4301
4302
4303
4304
4305
4306
4307
4308
4309
4310
4311
4312
4313
4314
4315
4316
4317
4318
4319
4320
4321
4322
4323
4324
4325
4326
4327
4328
4329
4330
4331
4332
4333
4334
4335
4336
4337
4338
4339
4340
4341
4342
4343
4344
4345
4346
4347
4348
4349
4350
4351
4352
4353
4354
4355
4356
4357
4358
4359
4360
4361
4362
4363
4364
4365
4366
4367
4368
4369
4370
4371
4372
4373
4374
4375
4376
4377
4378
4379
4380
4381
4382
4383
4384
4385
4386
4387
4388
4389
4390
4391
4392
4393
4394
4395
4396
4397
4398
4399
4400
4401
4402
4403
4404
4405
4406
4407
4408
4409
4410
4411
4412
4413
4414
4415
4416
4417
4418
4419
4420
4421
4422
4423
4424
4425
4426
4427
4428
4429
4430
4431
4432
4433
4434
4435
4436
4437
4438
4439
4440
4441
4442
4443
4444
4445
4446
4447
4448
4449
4450
4451
4452
4453
4454
4455
4456
4457
4458
4459
4460
4461
4462
4463
4464
4465
4466
4467
4468
4469
4470
4471
4472
4473
4474
4475
4476
4477
4478
4479
4480
4481
4482
4483
4484
4485
4486
4487
4488
4489
4490
4491
4492
4493
4494
4495
4496
4497
4498
4499
4500
4501
4502
4503
4504
4505
4506
4507
4508
4509
4510
4511
4512
4513
4514
4515
4516
4517
0.001615590512751559 -0.006861896314008676 0.0003
0.001609393138109496 -0.005950000000000006 0.0003
0.001548396984605054 -0.005100267922423113 0.0003
0.001232758811471027 -0.004065247045012863 0.0003
0.0004425082455747998 -0.006244681376133173 0.0003
0.0004783610560920589 -0.005169223713510056 0.0003
0.0004945952457225286 -0.007246770596941666 0.0003
0.0007417146597273857 -0.003737839640481911 0.0003
0.0007514893318683598 -0.004229017872175752 0.0003
0.00125904004969422 -0.007567994220595897 0.0003
0.001103676551081292 -0.004512335562058747 0.0003
0.000673284040922149 -0.004677103730753968 0.0003
0.001043937845749347 -0.004996663024515698 0.0003
0.0008968334555896523 -0.005489563276679389 0.0003
0.0004660345456673551 -0.005745243708800542 0.0003
0.0008645901083859002 -0.005977221333889736 0.0003
0.0008595155186045426 -0.006456909813703438 0.0003
0.0004531113179512049 -0.006737664751585591 0.0003
0.0008872458299777755 -0.006912772085325581 0.0003
0.0015385908781756 -0.004380565035392975 0.0003
0.001610293583547976 -0.005512805094525802 0.0003
0.001612051796006368 -0.006405603247665471 0.0003
0.0004361754050345594 -0.003268094641164841 0.0003
0.0007679017813951387 -0.007625428425863061 0.0003
0.001617814865016203 -0.007316666666666669 0.0003
0.001248254726816112 -0.005737136502748881 0.0003
0.001255928443384718 -0.006638239366993147 0.0003
0.001241622288551189 -0.006194185044166779 0.0003
0.0004273753299439759 -0.003990750698294579 0.0003
0.00127068747149814 -0.007098122874964212 0.0003
0.001269543319261628 -0.005367287164178577 0.0003
0.0004009392564442657 -0.002840143686657943 0.0003
0.0003579569841565559 -0.004360365546564647 0.0003
0.001446920451922259 -0.00476018853110033 0.0003
0.0003660254037844392 -0.00763397459621556 0.0003
0.0002955932022048508 -0.004765320978163607 0.0003
0.001675370982942085 -0.007685821066341403 0.0003
0.001689545036961754 -0.004109274761400485 0.0003
0.000323288023355011 -0.003669198297464082 0.0003
0.0009877499891696438 -0.007303831141425243 0.0003
0.000673284040922149 -0.004677103730753968 0.00015
0.0004783610560920589 -0.005169223713510056 0.00015
0.001043937845749347 -0.004996663024515698 0.00015
0.000575822548507104 -0.004923163722132012 0.0003
0.0008586109433357478 -0.004836883377634833 0.0003
0.0007611494509207027 -0.005082943369012877 0.0003
0.0005758225485071039 -0.004923163722132013 0.00015
0.0008586109433357479 -0.004836883377634833 0.00015
0.0007611494509207029 -0.005082943369012877 0.00015
0.000673284040922149 -0.004677103730753968 0.00045
0.0004783610560920589 -0.005169223713510056 0.00045
0.001043937845749347 -0.004996663024515698 0.00045
0.000575822548507104 -0.004923163722132012 0.0004499999999999999
0.0008586109433357479 -0.004836883377634833 0.00045
0.0007611494509207027 -0.005082943369012877 0.0004499999999999999
0.0015385908781756 -0.004380565035392975 0.00015
0.001446920451922259 -0.00476018853110033 0.00015
0.0017692954390878 -0.004595838073252045 0.0003
0.001723460225961129 -0.004785649821105721 0.0003
0.001492755665048929 -0.004570376783246653 0.0003
0.0017692954390878 -0.004595838073252045 0.00015
0.001723460225961129 -0.004785649821105721 0.00015
0.001492755665048929 -0.004570376783246653 0.00015
0.0015385908781756 -0.004380565035392975 0.00045
0.001446920451922259 -0.00476018853110033 0.00045
0.0017692954390878 -0.004595838073252045 0.0004499999999999999
0.001723460225961129 -0.004785649821105721 0.00045
0.001492755665048929 -0.004570376783246653 0.0004499999999999999
0.0008968334555896523 -0.005489563276679389 0.00015
0.0009703856506694994 -0.005243113150597544 0.0003
0.0006875972558408555 -0.005329393495094722 0.0003
0.0009703856506694994 -0.005243113150597544 0.00015
0.0006875972558408555 -0.005329393495094723 0.00015
0.0008968334555896523 -0.005489563276679389 0.00045
0.0009703856506694994 -0.005243113150597544 0.00045
0.0006875972558408555 -0.005329393495094722 0.0004499999999999999
0.0017692954390878 -0.004368060295474265 0.0003
0.0017692954390878 -0.004368060295474266 0.00015
0.0017692954390878 -0.004368060295474266 0.0004499999999999999
0.0004361754050345594 -0.003268094641164841 0.00015
0.0004009392564442657 -0.002840143686657943 0.00015
0.0002180877025172797 -0.003134047320582419 0.0003
0.0002004696282221328 -0.00292007184332897 0.0003
0.0004185573307394125 -0.003054119163911392 0.0003
0.0002180877025172797 -0.003134047320582419 0.00015
0.0002004696282221328 -0.00292007184332897 0.00015
0.0004185573307394126 -0.003054119163911392 0.00015
0.0004361754050345594 -0.003268094641164841 0.00045
0.0004009392564442657 -0.002840143686657943 0.00045
0.0002180877025172797 -0.003134047320582419 0.0004499999999999999
0.0002004696282221328 -0.00292007184332897 0.00045
0.0004185573307394126 -0.003054119163911392 0.0004499999999999999
0.0005523481411106644 -0.00310035921664486 0.0003
0.0005347300668155175 -0.00288638373939141 0.0003
0.0005523481411106642 -0.00310035921664486 0.00015
0.0005347300668155175 -0.00288638373939141 0.00015
0.0005523481411106642 -0.00310035921664486 0.0004499999999999999
0.0005347300668155175 -0.00288638373939141 0.0004499999999999999
0.001548396984605054 -0.005100267922423113 0.00015
0.001774198492302527 -0.004955689516767113 0.0003
0.001497658718263656 -0.004930228226761721 0.0003
0.001774198492302527 -0.004955689516767113 0.00015
0.001497658718263656 -0.004930228226761721 0.00015
0.001548396984605054 -0.005100267922423113 0.00045
0.001774198492302527 -0.004955689516767113 0.0004499999999999999
0.001497658718263656 -0.004930228226761721 0.00045
0.001232758811471027 -0.004065247045012863 0.00015
0.0007417146597273857 -0.003737839640481911 0.00015
0.0007514893318683598 -0.004229017872175752 0.00015
0.0009872367355992064 -0.003901543342747387 0.0003
0.0009921240716696932 -0.004147132458594308 0.0003
0.0007466019957978727 -0.003983428756328832 0.0003
0.0009872367355992064 -0.003901543342747387 0.00015
0.0009921240716696932 -0.004147132458594308 0.00015
0.0007466019957978727 -0.003983428756328832 0.00015
0.001232758811471027 -0.004065247045012863 0.00045
0.0007417146597273857 -0.003737839640481911 0.00045
0.0007514893318683598 -0.004229017872175752 0.00045
0.0009872367355992064 -0.003901543342747387 0.0004499999999999999
0.0009921240716696932 -0.004147132458594308 0.00045
0.0007466019957978727 -0.003983428756328832 0.0004499999999999999
0.0002955932022048508 -0.004765320978163607 0.00015
0.0003869771291484548 -0.004967272345836831 0.0003
0.0004844386215634999 -0.004721212354458788 0.0003
0.0003869771291484549 -0.004967272345836831 0.00015
0.0004844386215634999 -0.004721212354458788 0.00015
0.0002955932022048508 -0.004765320978163607 0.00045
0.0003869771291484549 -0.004967272345836831 0.00045
0.0004844386215634999 -0.004721212354458788 0.0004499999999999999
0.001204929729130721 -0.00384893541856885 0.0003
0.0009594076532589001 -0.003685231716303374 0.0003
0.001204929729130721 -0.00384893541856885 0.00015
0.0009594076532589001 -0.003685231716303374 0.00015
0.001204929729130721 -0.00384893541856885 0.0004499999999999999
0.0009594076532589001 -0.003685231716303374 0.0004499999999999999
0.0012961674151772 -0.005048465473469405 0.0003
0.001245429148835803 -0.004878425777808014 0.0003
0.001296167415177201 -0.005048465473469405 0.00015
0.001245429148835803 -0.004878425777808014 0.00015
0.0012961674151772 -0.005048465473469405 0.0004499999999999999
0.001245429148835803 -0.004878425777808014 0.00045
0.001269543319261628 -0.005367287164178577 0.00015
0.001408970151933341 -0.005233777543300846 0.0003
0.001156740582505487 -0.005181975094347138 0.0003
0.001408970151933341 -0.005233777543300845 0.00015
0.001156740582505487 -0.005181975094347138 0.00015
0.001269543319261628 -0.005367287164178577 0.00045
0.001408970151933341 -0.005233777543300846 0.00045
0.001156740582505487 -0.005181975094347138 0.0004499999999999999
0.0008045454338011996 -0.003530369496845646 0.0003
0.0005889450323809725 -0.003502967140823376 0.0003
0.0006517758064547865 -0.003295496997187111 0.0003
0.0008045454338011996 -0.003530369496845646 0.00015
0.0005889450323809726 -0.003502967140823376 0.00015
0.0006517758064547865 -0.003295496997187111 0.00015
0.0008045454338011996 -0.003530369496845646 0.0004499999999999999
0.0005889450323809725 -0.003502967140823376 0.00045
0.0006517758064547865 -0.003295496997187111 0.0004499999999999999
0.001689545036961754 -0.004109274761400485 0.00015
0.001400067509672955 -0.003948363083913008 0.0003
0.001628460622418319 -0.003970376942106819 0.0003
0.00146115192421639 -0.004087260903206674 0.0003
0.001400067509672955 -0.003948363083913008 0.00015
0.001628460622418319 -0.003970376942106819 0.00015
0.00146115192421639 -0.004087260903206674 0.00015
0.001689545036961754 -0.004109274761400485 0.00045
0.001400067509672955 -0.003948363083913008 0.0004499999999999999
0.001628460622418319 -0.003970376942106819 0.00045
0.00146115192421639 -0.004087260903206674 0.0004499999999999999
0.001385674844823314 -0.004222906040202919 0.0003
0.001614067957568677 -0.00424491989839673 0.0003
0.001385674844823314 -0.004222906040202919 0.00015
0.001614067957568677 -0.00424491989839673 0.00015
0.001385674844823314 -0.004222906040202919 0.0004499999999999999
0.001614067957568677 -0.00424491989839673 0.0004499999999999999
0.0004660345456673551 -0.005745243708800542 0.00015
0.0002330172728336775 -0.005622621854400269 0.0003
0.0002330172728336775 -0.005872621854400269 0.0003
0.0002330172728336776 -0.005622621854400268 0.00015
0.0002330172728336776 -0.005872621854400269 0.00015
0.0004660345456673551 -0.005745243708800542 0.00045
0.0002330172728336776 -0.005622621854400268 0.00045
0.0002330172728336776 -0.005872621854400269 0.0004499999999999999
0.0008645901083859002 -0.005977221333889736 0.00015
0.0004425082455747998 -0.006244681376133173 0.00015
0.0008595155186045426 -0.006456909813703438 0.00015
0.0006535491769803501 -0.006110951355011454 0.0003
0.0008620528134952214 -0.006217065573796587 0.0003
0.0006510118820896712 -0.006350795594918305 0.0003
0.00065354917698035 -0.006110951355011454 0.00015
0.0008620528134952214 -0.006217065573796587 0.00015
0.0006510118820896712 -0.006350795594918306 0.00015
0.0008645901083859002 -0.005977221333889736 0.00045
0.0004425082455747998 -0.006244681376133173 0.00045
0.0008595155186045426 -0.006456909813703438 0.00045
0.0006535491769803501 -0.006110951355011454 0.0004499999999999999
0.0008620528134952214 -0.006217065573796587 0.00045
0.0006510118820896712 -0.006350795594918305 0.0004499999999999999
0.0006814340006285036 -0.005617403492739965 0.0003
0.000472197800879707 -0.005457233711155299 0.0003
0.0006814340006285036 -0.005617403492739965 0.00015
0.000472197800879707 -0.005457233711155299 0.00015
0.0006814340006285036 -0.005617403492739965 0.00045
0.000472197800879707 -0.005457233711155299 0.0004499999999999999
0.0004542713956210775 -0.005994962542466857 0.0003
0.0006653123270266277 -0.005861232521345139 0.0003
0.0004542713956210775 -0.005994962542466857 0.00015
0.0006653123270266276 -0.005861232521345139 0.00015
0.0004542713956210775 -0.005994962542466857 0.0004499999999999999
0.0006653123270266277 -0.005861232521345139 0.00045
0.0002212541227873999 -0.006122340688066583 0.0003
0.0002212541227874 -0.006122340688066584 0.00015
0.0002212541227874 -0.006122340688066584 0.0004499999999999999
0.0004531113179512049 -0.006737664751585591 0.00015
0.0004945952457225286 -0.007246770596941666 0.00015
0.0008872458299777755 -0.006912772085325581 0.00015
0.0004738532818368668 -0.006992217674263628 0.0003
0.0006701785739644902 -0.006825218418455585 0.0003
0.000690920537850152 -0.007079771341133623 0.0003
0.0004738532818368668 -0.006992217674263628 0.00015
0.0006701785739644902 -0.006825218418455585 0.00015
0.000690920537850152 -0.007079771341133623 0.00015
0.0004531113179512049 -0.006737664751585591 0.00045
0.0004945952457225286 -0.007246770596941666 0.00045
0.0008872458299777755 -0.006912772085325581 0.00045
0.0004738532818368668 -0.006992217674263628 0.0004499999999999999
0.0006701785739644902 -0.006825218418455585 0.00045
0.000690920537850152 -0.007079771341133623 0.0004499999999999999
0.0002472976228612643 -0.007123385298470832 0.0003
0.0002265556589756025 -0.006868832375792795 0.0003
0.0002472976228612644 -0.007123385298470831 0.00015
0.0002265556589756024 -0.006868832375792795 0.00015
0.0002472976228612644 -0.007123385298470831 0.0004499999999999999
0.0002265556589756024 -0.006868832375792795 0.00045
0.0002391805280460295 -0.005334611856755026 0.0003
0.0002391805280460295 -0.005334611856755025 0.00015
0.0002391805280460295 -0.005334611856755025 0.0004499999999999999
0.0005004696282221329 -0.002670071843328971 0.0003
0.0005004696282221329 -0.002670071843328971 0.00015
0.0005004696282221329 -0.002670071843328971 0.0004499999999999999
0.0002265556589756025 -0.006618832375792793 0.0003
0.0002265556589756024 -0.006618832375792793 0.00015
0.0002265556589756024 -0.006618832375792793 0.00045
0.0002180877025172797 -0.003384047320582417 0.0003
0.0002180877025172797 -0.003384047320582417 0.00015
0.0002180877025172797 -0.003384047320582417 0.0004499999999999999
0.000323288023355011 -0.003669198297464082 0.00015
0.0005325013415411983 -0.003703518968972997 0.0003
0.0003797317141947852 -0.003468646469314462 0.0003
0.0005325013415411983 -0.003703518968972997 0.00015
0.0003797317141947852 -0.003468646469314462 0.00015
0.000323288023355011 -0.003669198297464082 0.00045
0.0005325013415411983 -0.003703518968972997 0.00045
0.0003797317141947852 -0.003468646469314462 0.0004499999999999999
0.001103676551081292 -0.004512335562058747 0.00015
0.00116821768127616 -0.004288791303535805 0.0003
0.0009275829414748261 -0.00437067671711725 0.0003
0.00116821768127616 -0.004288791303535805 0.00015
0.0009275829414748262 -0.00437067671711725 0.00015
0.001103676551081292 -0.004512335562058747 0.00045
0.00116821768127616 -0.004288791303535805 0.00045
0.0009275829414748261 -0.00437067671711725 0.0004499999999999999
0.0009877499891696438 -0.007303831141425243 0.00015
0.0009374979095737096 -0.007108301613375412 0.0003
0.0007411726174460862 -0.007275300869183455 0.0003
0.0009374979095737096 -0.007108301613375412 0.00015
0.0007411726174460862 -0.007275300869183455 0.00015
0.0009877499891696438 -0.007303831141425243 0.00045
0.0009374979095737096 -0.007108301613375412 0.00045
0.0007411726174460862 -0.007275300869183455 0.0004499999999999999
0.0008807117819877762 -0.005733392305284562 0.0003
0.0008807117819877762 -0.005733392305284562 0.00015
0.0008807117819877762 -0.005733392305284562 0.00045
0.0002212541227873999 -0.006372340688066584 0.0003
0.0004478097817630024 -0.006491173063859382 0.0003
0.0002212541227874 -0.006372340688066584 0.00015
0.0004478097817630024 -0.006491173063859382 0.00015
0.0002212541227874 -0.006372340688066584 0.0004499999999999999
0.0004478097817630024 -0.006491173063859382 0.00045
0.00125904004969422 -0.007567994220595897 0.00015
0.00112952002484711 -0.007783997110297949 0.0003
0.00137952002484711 -0.007783997110297949 0.0003
0.00112952002484711 -0.007783997110297949 0.00015
0.00137952002484711 -0.007783997110297949 0.00015
0.00125904004969422 -0.007567994220595897 0.00045
0.00112952002484711 -0.007783997110297949 0.00045
0.00137952002484711 -0.007783997110297949 0.0004499999999999999
0.001321133714628446 -0.004446450298725861 0.0003
0.001321133714628446 -0.004446450298725861 0.00015
0.001321133714628446 -0.004446450298725861 0.0004499999999999999
0.0002391805280460295 -0.005084611856755024 0.0003
0.0002391805280460295 -0.005084611856755024 0.00015
0.0002391805280460295 -0.005084611856755024 0.00045
0.0006563134182778738 -0.006597287282644514 0.0003
0.0006563134182778738 -0.006597287282644514 0.00015
0.0006563134182778738 -0.006597287282644514 0.00045
0.0003579569841565559 -0.004360365546564647 0.00015
0.000178978492078278 -0.004180182773282319 0.0003
0.000178978492078278 -0.004430182773282319 0.0003
0.000178978492078278 -0.004180182773282319 0.00015
0.000178978492078278 -0.004430182773282319 0.00015
0.0003579569841565559 -0.004360365546564647 0.00045
0.000178978492078278 -0.004180182773282319 0.00045
0.000178978492078278 -0.004430182773282319 0.0004499999999999999
0.0002472976228612643 -0.007373385298470833 0.0003
0.0002472976228612644 -0.007373385298470833 0.00015
0.0002472976228612644 -0.007373385298470833 0.0004499999999999999
0.000873380674291159 -0.00668484094951451 0.0003
0.000873380674291159 -0.00668484094951451 0.00015
0.000873380674291159 -0.00668484094951451 0.00045
0.001609393138109496 -0.005950000000000006 0.00015
0.001804696569054748 -0.006063888888888895 0.0003
0.001804696569054748 -0.005836111111111117 0.0003
0.001804696569054748 -0.006063888888888895 0.00015
0.001804696569054748 -0.005836111111111117 0.00015
0.001609393138109496 -0.005950000000000006 0.00045
0.001804696569054748 -0.006063888888888895 0.00045
0.001804696569054748 -0.005836111111111117 0.0004499999999999999
0.001615590512751559 -0.006861896314008676 0.00015
0.00180779525637578 -0.006975392601448784 0.0003
0.00180779525637578 -0.006747614823671007 0.0003
0.00180779525637578 -0.006975392601448784 0.00015
0.00180779525637578 -0.006747614823671007 0.00015
0.001615590512751559 -0.006861896314008676 0.00045
0.00180779525637578 -0.006975392601448784 0.00045
0.00180779525637578 -0.006747614823671007 0.0004499999999999999
0.001610293583547976 -0.005512805094525802 0.00015
0.001805146791773988 -0.005617513658374014 0.0003
0.001805146791773988 -0.005389735880596236 0.0003
0.001805146791773988 -0.005617513658374014 0.00015
0.001805146791773988 -0.005389735880596236 0.00015
0.001610293583547976 -0.005512805094525802 0.00045
0.001805146791773988 -0.005617513658374014 0.00045
0.001805146791773988 -0.005389735880596236 0.0004499999999999999
0.001774198492302527 -0.005183467294544892 0.0003
0.001774198492302527 -0.005183467294544892 0.00015
0.001774198492302527 -0.005183467294544892 0.00045
0.001612051796006368 -0.006405603247665471 0.00015
0.001806025898003184 -0.006519468290499405 0.0003
0.001806025898003184 -0.006291690512721627 0.0003
0.001806025898003184 -0.006519468290499405 0.00015
0.001806025898003184 -0.006291690512721628 0.00015
0.001612051796006368 -0.006405603247665471 0.00045
0.001806025898003184 -0.006519468290499405 0.00045
0.001806025898003184 -0.006291690512721628 0.0004499999999999999
0.0008884802960017207 -0.004594719646406358 0.0003
0.00107380719841532 -0.004754499293287222 0.0003
0.0008884802960017208 -0.004594719646406358 0.00015
0.00107380719841532 -0.004754499293287222 0.00015
0.0008884802960017208 -0.004594719646406358 0.0004499999999999999
0.00107380719841532 -0.004754499293287222 0.00045
0.0004273753299439759 -0.003990750698294579 0.00015
0.000213687664971988 -0.003995375349147285 0.0003
0.0003926661570502659 -0.004175558122429613 0.0003
0.000213687664971988 -0.003995375349147285 0.00015
0.0003926661570502659 -0.004175558122429613 0.00015
0.0004273753299439759 -0.003990750698294579 0.00045
0.000213687664971988 -0.003995375349147285 0.0004499999999999999
0.0003926661570502659 -0.004175558122429613 0.00045
0.0007123866863952544 -0.00445306080146486 0.0003
0.0007123866863952544 -0.00445306080146486 0.00015
0.0007123866863952544 -0.00445306080146486 0.0004499999999999999
0.001241622288551189 -0.006194185044166779 0.00015
0.001053106198468545 -0.006085703189028258 0.0003
0.001050568903577866 -0.006325547428935109 0.0003
0.001053106198468545 -0.006085703189028258 0.00015
0.001050568903577866 -0.006325547428935109 0.00015
0.001241622288551189 -0.006194185044166779 0.00045
0.001053106198468545 -0.006085703189028258 0.00045
0.001050568903577866 -0.006325547428935109 0.0004499999999999999
0.001255928443384718 -0.006638239366993147 0.00015
0.001057721980994631 -0.006547574590348292 0.0003
0.001071587136681247 -0.006775505726159364 0.0003
0.00105772198099463 -0.006547574590348292 0.00015
0.001071587136681247 -0.006775505726159365 0.00015
0.001255928443384718 -0.006638239366993147 0.00045
0.00105772198099463 -0.006547574590348292 0.00045
0.001071587136681247 -0.006775505726159364 0.0004499999999999999
0.0007679017813951387 -0.007625428425863061 0.00015
0.0006339508906975692 -0.00781271421293153 0.0003
0.0008839508906975692 -0.00781271421293153 0.0003
0.0006339508906975692 -0.007812714212931532 0.00015
0.0008839508906975692 -0.00781271421293153 0.00015
0.0007679017813951387 -0.007625428425863061 0.00045
0.0006339508906975692 -0.007812714212931532 0.00045
0.0008839508906975692 -0.00781271421293153 0.0004499999999999999
0.001610722467057932 -0.006177801623832738 0.0003
0.001610722467057932 -0.006177801623832739 0.00015
0.001610722467057932 -0.006177801623832739 0.0004499999999999999
0.001609843360828736 -0.005731402547262903 0.0003
0.001609843360828736 -0.005731402547262903 0.00015
0.001609843360828736 -0.005731402547262903 0.00045
0.001613821154378963 -0.006633749780837073 0.0003
0.001613821154378963 -0.006633749780837073 0.00015
0.001613821154378963 -0.006633749780837073 0.00045
0.001579345284076515 -0.005306536508474458 0.0003
0.001579345284076515 -0.005306536508474458 0.00015
0.001579345284076515 -0.005306536508474458 0.0004499999999999999
0.0006312485135588336 -0.007436099511402363 0.0003
0.0008778258852823913 -0.007464629783644152 0.0003
0.0006312485135588336 -0.007436099511402364 0.00015
0.0008778258852823913 -0.007464629783644152 0.00015
0.0006312485135588336 -0.007436099511402363 0.0004499999999999999
0.0008778258852823913 -0.007464629783644152 0.0004499999999999999
0.00101347091554468 -0.007596711323229479 0.0003
0.00101347091554468 -0.007596711323229479 0.00015
0.00101347091554468 -0.007596711323229479 0.0004499999999999999
0.001617814865016203 -0.007316666666666669 0.00015
0.001808907432508102 -0.00720277777777778 0.0003
0.001616702688883881 -0.007089281490337673 0.0003
0.001808907432508102 -0.00720277777777778 0.00015
0.001616702688883881 -0.007089281490337673 0.00015
0.001617814865016203 -0.007316666666666669 0.00045
0.001808907432508102 -0.00720277777777778 0.00045
0.001616702688883881 -0.007089281490337673 0.0004499999999999999
0.001808907432508102 -0.007430555555555557 0.0003
0.001808907432508102 -0.007430555555555557 0.00015
0.001808907432508102 -0.007430555555555557 0.00045
0.00127068747149814 -0.007098122874964212 0.00015
0.001263307957441429 -0.006868181120978679 0.0003
0.001078966650737957 -0.007005447480144897 0.0003
0.001263307957441429 -0.006868181120978679 0.00015
0.001078966650737958 -0.007005447480144897 0.00015
0.00127068747149814 -0.007098122874964212 0.00045
0.001263307957441429 -0.006868181120978679 0.00045
0.001078966650737957 -0.007005447480144897 0.0004499999999999999
0.00108318838742564 -0.005428425220428983 0.0003
0.00108318838742564 -0.005428425220428983 0.00015
0.00108318838742564 -0.005428425220428983 0.0004499999999999999
0.001248775365967954 -0.006416212205579963 0.0003
0.001248775365967954 -0.006416212205579962 0.00015
0.001248775365967954 -0.006416212205579962 0.0004499999999999999
0.0003660254037844392 -0.00763397459621556 0.00015
0.0001830127018922196 -0.007816987298107781 0.0003
0.0004330127018922195 -0.007816987298107781 0.0003
0.0001830127018922196 -0.007816987298107779 0.00015
0.0004330127018922195 -0.007816987298107781 0.00015
0.0003660254037844392 -0.00763397459621556 0.00045
0.0001830127018922196 -0.007816987298107779 0.0004499999999999999
0.0004330127018922195 -0.007816987298107781 0.0004499999999999999
0.0001830127018922196 -0.00756698729810778 0.0003
0.0001830127018922196 -0.00756698729810778 0.00015
0.0001830127018922196 -0.00756698729810778 0.00045
0.001248254726816112 -0.005737136502748881 0.00015
0.001072544091202882 -0.005613349889714135 0.0003
0.001056422417601006 -0.005857178918319309 0.0003
0.001072544091202882 -0.005613349889714135 0.00015
0.001056422417601006 -0.005857178918319308 0.00015
0.001248254726816112 -0.005737136502748881 0.00045
0.001072544091202882 -0.005613349889714135 0.00045
0.001056422417601006 -0.005857178918319309 0.0004499999999999999
0.0001477966011024254 -0.0048826604890818 0.0003
0.0001477966011024254 -0.0048826604890818 0.00015
0.0001477966011024254 -0.0048826604890818 0.00045
0.001675370982942085 -0.007685821066341403 0.00015
0.001587685491471042 -0.007842910533170702 0.0003
0.001837685491471042 -0.007842910533170702 0.0003
0.001587685491471042 -0.0078429105331707 0.00015
0.001837685491471042 -0.007842910533170702 0.00015
0.001675370982942085 -0.007685821066341403 0.00045
0.001587685491471042 -0.0078429105331707 0.00045
0.001837685491471042 -0.007842910533170702 0.0004499999999999999
0.001275298501501776 -0.004636262046579538 0.0003
0.001275298501501776 -0.004636262046579538 0.00015
0.001275298501501776 -0.004636262046579538 0.00045
0.0005894323309061679 -0.004109884285235165 0.0003
0.0005845449948356808 -0.003864295169388245 0.0003
0.0005894323309061679 -0.004109884285235165 0.00015
0.0005845449948356808 -0.003864295169388245 0.00015
0.0005894323309061679 -0.004109884285235165 0.00045
0.0005845449948356808 -0.003864295169388245 0.0004499999999999999
0.001837685491471042 -0.007615132755392924 0.0003
0.001837685491471042 -0.007615132755392925 0.00015
0.001837685491471042 -0.007615132755392925 0.0004499999999999999
0.001439918451404802 -0.005440046129352189 0.0003
0.001439918451404802 -0.005440046129352189 0.00015
0.001439918451404802 -0.005440046129352189 0.00045
0.001244938507683651 -0.00596566077345783 0.0003
0.001244938507683651 -0.00596566077345783 0.00015
0.001244938507683651 -0.00596566077345783 0.00045
0.0001616440116775055 -0.003584599148732037 0.0003
0.0001616440116775055 -0.003834599148732036 0.0003
0.0001616440116775055 -0.003584599148732037 0.00015
0.0001616440116775055 -0.003834599148732036 0.00015
0.0001616440116775055 -0.003584599148732037 0.00045
0.0001616440116775055 -0.003834599148732036 0.0004499999999999999
0.001438427457355212 -0.007442330443631283 0.0003
0.00126486376059618 -0.007333058547780055 0.0003
0.001444251168257171 -0.007207394770815441 0.0003
0.001438427457355212 -0.007442330443631283 0.00015
0.00126486376059618 -0.007333058547780056 0.00015
0.001444251168257171 -0.007207394770815441 0.00015
0.001438427457355212 -0.007442330443631283 0.0004499999999999999
0.00126486376059618 -0.007333058547780056 0.00045
0.001444251168257171 -0.007207394770815441 0.0004499999999999999
0.001428823932462804 -0.005843568251374443 0.0003
0.001429274155182044 -0.005624970798637342 0.0003
0.001428823932462804 -0.005843568251374443 0.00015
0.001429274155182044 -0.005624970798637342 0.00015
0.001428823932462804 -0.005843568251374443 0.00045
0.001429274155182044 -0.005624970798637342 0.0004499999999999999
0.001435759478068139 -0.006750067840500911 0.0003
0.001433990119695543 -0.006521921307329309 0.0003
0.001435759478068139 -0.00675006784050091 0.00015
0.001433990119695543 -0.006521921307329309 0.00015
0.001435759478068139 -0.00675006784050091 0.00045
0.001433990119695543 -0.006521921307329309 0.0004499999999999999
0.001426837042278779 -0.006299894145916125 0.0003
0.001425507713330343 -0.006072092522083392 0.0003
0.001426837042278779 -0.006299894145916125 0.00015
0.001425507713330343 -0.006072092522083393 0.00015
0.001426837042278779 -0.006299894145916125 0.00045
0.001425507713330343 -0.006072092522083393 0.0004499999999999999
0.001443138992124849 -0.006980009594486444 0.0003
0.001443138992124849 -0.006980009594486445 0.00015
0.001443138992124849 -0.006980009594486445 0.00045
0.001467205516318153 -0.00762690764346865 0.0003
0.001467205516318153 -0.00762690764346865 0.00015
0.001467205516318153 -0.00762690764346865 0.00045
0.0005156205125393525 -0.004518734638659308 0.0003
0.0005547231580124578 -0.0042946917093702 0.0003
0.0005156205125393525 -0.004518734638659308 0.00015
0.0005547231580124578 -0.0042946917093702 0.00015
0.0005156205125393525 -0.004518734638659308 0.00045
0.0005547231580124578 -0.0042946917093702 0.0004499999999999999
0.000566963592589789 -0.007629701511039311 0.0003
0.000566963592589789 -0.007629701511039311 0.00015
0.000566963592589789 -0.007629701511039311 0.0004499999999999999
0.0003504696282221329 -0.002670071843328971 0.0003
0.0003504696282221329 -0.002670071843328971 0.00015
0.0003504696282221329 -0.002670071843328971 0.0004499999999999999
0.001844772518480877 -0.00423241515847802 0.0003
0.001844772518480752 -0.004004637380700242 0.0003
0.001844772518480877 -0.00423241515847802 0.00015
0.001844772518480752 -0.004004637380700242 0.00015
0.001844772518480877 -0.00423241515847802 0.00045
0.001844772518480752 -0.004004637380700242 0.0004499999999999999
0.0003753316766494935 -0.003829974497879331 0.0003
0.0003753316766494934 -0.003829974497879331 0.00015
0.0003753316766494934 -0.003829974497879331 0.0004499999999999999
0.0001477966011024254 -0.004632660489081798 0.0003
0.0001477966011024254 -0.004632660489081799 0.00015
0.0001477966011024254 -0.004632660489081799 0.00045
0.0004303103247534839 -0.007440372596578614 0.0003
0.0004303103247534839 -0.007440372596578614 0.00015
0.0004303103247534839 -0.007440372596578614 0.00045
0.00125889902303887 -0.005552211833463729 0.0003
0.00125889902303887 -0.005552211833463728 0.00015
0.00125889902303887 -0.005552211833463728 0.00045
0.001646592923979144 -0.007501243866504036 0.0003
0.001646592923979144 -0.007501243866504036 0.00015
0.001646592923979144 -0.007501243866504036 0.00045
0.001123395019431932 -0.00743591268101057 0.0003
0.001129218730333892 -0.007200977008194728 0.0003
0.001123395019431932 -0.00743591268101057 0.00015
0.001129218730333892 -0.007200977008194729 0.00015
0.001123395019431932 -0.00743591268101057 0.00045
0.001129218730333892 -0.007200977008194729 0.0004499999999999999
0.0003267750931807033 -0.004562843262364127 0.0003
0.0003267750931807033 -0.004562843262364127 0.00015
0.0003267750931807033 -0.004562843262364127 0.00045
0.00015 -0.002749999999999998 0.0003
0.00015 -0.002749999999999998 0.00015
0.00015 -0.002749999999999998 0.00045
3 5 0 564
4518
4519
4520
4521
4522
4523
4524
4525
4526
4527
4528
4529
4530
4531
4532
4533
4534
4535
4536
4537
4538
4539
4540
4541
4542
4543
4544
4545
4546
4547
4548
4549
4550
4551
4552
4553
4554
4555
4556
4557
4558
4559
4560
4561
4562
4563
4564
4565
4566
4567
4568
4569
4570
4571
4572
4573
4574
4575
4576
4577
4578
4579
4580
4581
4582
4583
4584
4585
4586
4587
4588
4589
4590
4591
4592
4593
4594
4595
4596
4597
4598
4599
4600
4601
4602
4603
4604
4605
4606
4607
4608
4609
4610
4611
4612
4613
4614
4615
4616
4617
4618
4619
4620
4621
4622
4623
4624
4625
4626
4627
4628
4629
4630
4631
4632
4633
4634
4635
4636
4637
4638
4639
4640
4641
4642
4643
4644
4645
4646
4647
4648
4649
4650
4651
4652
4653
4654
4655
4656
4657
4658
4659
4660
4661
4662
4663
4664
4665
4666
4667
4668
4669
4670
4671
4672
4673
4674
4675
4676
4677
4678
4679
4680
4681
4682
4683
4684
4685
4686
4687
4688
4689
4690
4691
4692
4693
4694
4695
4696
4697
4698
4699
4700
4701
4702
4703
4704
4705
4706
4707
4708
4709
4710
4711
4712
4713
4714
4715
4716
4717
4718
4719
4720
4721
4722
4723
4724
4725
4726
4727
4728
4729
4730
4731
4732
4733
4734
4735
4736
4737
4738
4739
4740
4741
4742
4743
4744
4745
4746
4747
4748
4749
4750
4751
4752
4753
4754
4755
4756
4757
4758
4759
4760
4761
4762
4763
4764
4765
4766
4767
4768
4769
4770
4771
4772
4773
4774
4775
4776
4777
4778
4779
4780
4781
4782
4783
4784
4785
4786
4787
4788
4789
4790
4791
4792
4793
4794
4795
4796
4797
4798
4799
4800
4801
4802
4803
4804
4805
4806
4807
4808
4809
4810
4811
4812
4813
4814
4815
4816
4817
4818
4819
4820
4821
4822
4823
4824
4825
4826
4827
4828
4829
4830
4831
4832
4833
4834
4835
4836
4837
4838
4839
4840
4841
4842
4843
4844
4845
4846
4847
4848
4849
4850
4851
4852
4853
4854
4855
4856
4857
4858
4859
4860
4861
4862
4863
4864
4865
4866
4867
4868
4869
4870
4871
4872
4873
4874
4875
4876
4877
4878
4879
4880
4881
4882
4883
4884
4885
4886
4887
4888
4889
4890
4891
4892
4893
4894
4895
4896
4897
4898
4899
4900
4901
4902
4903
4904
4905
4906
4907
4908
4909
4910
4911
4912
4913
4914
4915
4916
4917
4918
4919
4920
4921
4922
4923
4924
4925
4926
4927
4928
4929
4930
4931
4932
4933
4934
4935
4936
4937
4938
4939
4940
4941
4942
4943
4944
4945
4946
4947
4948
4949
4950
4951
4952
4953
4954
4955
4956
4957
4958
4959
4960
4961
4962
4963
4964
4965
4966
4967
4968
4969
4970
4971
4972
4973
4974
4975
4976
4977
4978
4979
4980
4981
4982
4983
4984
4985
4986
4987
4988
4989
4990
4991
4992
4993
4994
4995
4996
4997
4998
4999
5000
5001
5002
5003
5004
5005
5006
5007
5008
5009
5010
5011
5012
5013
5014
5015
5016
5017
5018
5019
5020
5021
5022
5023
5024
5025
5026
5027
5028
5029
5030
5031
5032
5033
5034
5035
5036
5037
5038
5039
5040
5041
5042
5043
5044
5045
5046
5047
5048
5049
5050
5051
5052
5053
5054
5055
5056
5057
5058
5059
5060
5061
5062
5063
5064
5065
5066
5067
5068
5069
5070
5071
5072
5073
5074
5075
5076
5077
5078
5079
5080
5081
-0.00161554874952719 0.006861897445058049 0.0003
-0.001609393138109497 0.005950000000000006 0.0003
-0.001548396984605067 0.005100267922423128 0.0003
-0.00123275881147106 0.004065247045012886 0.0003
-0.0004425074563828047 0.006244682850923818 0.0003
-0.0004783610560920742 0.005169223713510086 0.0003
-0.0007547850212576078 0.007620238587824813 0.0003
-0.0007417146597274019 0.003737839640481938 0.0003
-0.0007514893318683872 0.004229017872175786 0.0003
-0.001103676551081329 0.004512335562058773 0.0003
-0.000673284040922179 0.004677103730754003 0.0003
-0.001043937845749372 0.004996663024515728 0.0003
-0.000896833455589654 0.005489563276679417 0.0003
-0.0004660345456673431 0.00574524370880056 0.0003
-0.0008645899768538979 0.005977221579688189 0.0003
-0.0008594149424765433 0.00645674901500036 0.0003
-0.0004531046887384981 0.006737677139826868 0.0003
-0.0008755360213127338 0.006907727549481824 0.0003
-0.001538590878175641 0.004380565035392999 0.0003
-0.001255872493268108 0.007573834575530016 0.0003
-0.001612049259367375 0.006405603316363804 0.0003
-0.001610293583547979 0.005512805094525813 0.0003
-0.0004361754050345642 0.003268094641164857 0.0003
-0.0004725024787050594 0.007235392207586465 0.0003
-0.001617814865016203 0.007316666666666669 0.0003
-0.001248254704894111 0.005737136543715305 0.0003
-0.00125781543692059 0.006633333333333337 0.0003
-0.001241919576437002 0.006193340631350167 0.0003
-0.0004273753299439884 0.003990750698294613 0.0003
-0.001270196335979565 0.00709813617610484 0.0003
-0.001269543314877236 0.005367287172371878 0.0003
-0.0004009392564442672 0.002840143686657949 0.0003
-0.0003579569841565736 0.004360365546564679 0.0003
-0.001446920451922282 0.004760188531100348 0.0003
-0.0003660254037844398 0.007633974596215561 0.0003
-0.0002955932022048863 0.004765320978163658 0.0003
-0.001674737471656862 0.007686989137328226 0.0003
-0.001689545036961789 0.004109274761400497 0.0003
-0.0003232880233550148 0.003669198297464108 0.0003
-0.000963927701817663 0.007298848813088373 0.0003
-0.000673284040922179 0.004677103730754003 0.00015
-0.0004783610560920742 0.005169223713510086 0.00015
-0.001043937845749372 0.004996663024515728 0.00015
-0.0005758225485071266 0.004923163722132045 0.0003
-0.0008586109433357756 0.004836883377634866 0.0003
-0.0007611494509207232 0.005082943369012907 0.0003
-0.0005758225485071266 0.004923163722132045 0.00015
-0.0008586109433357755 0.004836883377634866 0.00015
-0.0007611494509207232 0.005082943369012907 0.00015
-0.000673284040922179 0.004677103730754003 0.00045
-0.0004783610560920742 0.005169223713510086 0.00045
-0.001043937845749372 0.004996663024515728 0.00045
-0.0005758225485071266 0.004923163722132045 0.0004499999999999999
-0.0008586109433357755 0.004836883377634866 0.00045
-0.0007611494509207232 0.005082943369012907 0.0004499999999999999
-0.001538590878175641 0.004380565035392999 0.00015
-0.001446920451922282 0.004760188531100348 0.00015
-0.001769295439087821 0.004595838073252056 0.0003
-0.001723460225961141 0.004785649821105731 0.0003
-0.001492755665048961 0.004570376783246673 0.0003
-0.001769295439087821 0.004595838073252056 0.00015
-0.001723460225961141 0.004785649821105731 0.00015
-0.001492755665048961 0.004570376783246673 0.00015
-0.001538590878175641 0.004380565035392999 0.00045
-0.001446920451922282 0.004760188531100348 0.00045
-0.001769295439087821 0.004595838073252056 0.0004499999999999999
-0.001723460225961141 0.004785649821105731 0.00045
-0.001492755665048961 0.004570376783246673 0.0004499999999999999
-0.000896833455589654 0.005489563276679417 0.00015
-0.0009703856506695131 0.005243113150597572 0.0003
-0.0006875972558408641 0.005329393495094752 0.0003
-0.0009703856506695131 0.005243113150597572 0.00015
-0.0006875972558408641 0.005329393495094751 0.00015
-0.000896833455589654 0.005489563276679417 0.00045
-0.0009703856506695131 0.005243113150597572 0.00045
-0.0006875972558408641 0.005329393495094752 0.0004499999999999999
-0.001769295439087821 0.004368060295474277 0.0003
-0.001769295439087821 0.004368060295474277 0.00015
-0.001769295439087821 0.004368060295474277 0.0004499999999999999
-0.0004361754050345642 0.003268094641164857 0.00015
-0.0004009392564442672 0.002840143686657949 0.00015
-0.0002180877025172821 0.003134047320582429 0.0003
-0.0002004696282221336 0.002920071843328975 0.0003
-0.0004185573307394157 0.003054119163911403 0.0003
-0.0002180877025172821 0.003134047320582429 0.00015
-0.0002004696282221336 0.002920071843328975 0.00015
-0.0004185573307394157 0.003054119163911403 0.00015
-0.0004361754050345642 0.003268094641164857 0.00045
-0.0004009392564442672 0.002840143686657949 0.00045
-0.0002180877025172821 0.003134047320582429 0.0004499999999999999
-0.0002004696282221336 0.002920071843328975 0.00045
-0.0004185573307394157 0.003054119163911403 0.0004499999999999999
-0.0005523481411106683 0.003100359216644873 0.0003
-0.0005347300668155199 0.002886383739391419 0.0003
-0.0005523481411106683 0.003100359216644873 0.00015
-0.0005347300668155199 0.002886383739391419 0.00015
-0.0005523481411106683 0.003100359216644873 0.0004499999999999999
-0.0005347300668155199 0.002886383739391419 0.0004499999999999999
-0.001548396984605067 0.005100267922423128 0.00015
-0.001774198492302533 0.004955689516767121 0.0003
-0.001497658718263674 0.004930228226761738 0.0003
-0.001774198492302533 0.004955689516767121 0.00015
-0.001497658718263674 0.004930228226761738 0.00015
-0.001548396984605067 0.005100267922423128 0.00045
-0.001774198492302533 0.004955689516767121 0.0004499999999999999
-0.001497658718263674 0.004930228226761738 0.00045
-0.00123275881147106 0.004065247045012886 0.00015
-0.0007417146597274019 0.003737839640481938 0.00015
-0.0007514893318683872 0.004229017872175786 0.00015
-0.0009872367355992307 0.003901543342747412 0.0003
-0.0009921240716697234 0.004147132458594336 0.0003
-0.0007466019957978946 0.003983428756328862 0.0003
-0.0009872367355992307 0.003901543342747412 0.00015
-0.0009921240716697236 0.004147132458594336 0.00015
-0.0007466019957978946 0.003983428756328861 0.00015
-0.00123275881147106 0.004065247045012886 0.00045
-0.0007417146597274019 0.003737839640481938 0.00045
-0.0007514893318683872 0.004229017872175786 0.00045
-0.0009872367355992307 0.003901543342747412 0.0004499999999999999
-0.0009921240716697236 0.004147132458594336 0.00045
-0.0007466019957978946 0.003983428756328862 0.0004499999999999999
-0.0002955932022048863 0.004765320978163658 0.00015
-0.0003869771291484803 0.004967272345836871 0.0003
-0.0004844386215635326 0.004721212354458831 0.0003
-0.0003869771291484803 0.004967272345836872 0.00015
-0.0004844386215635326 0.004721212354458831 0.00015
-0.0002955932022048863 0.004765320978163658 0.00045
-0.0003869771291484803 0.004967272345836871 0.00045
-0.0004844386215635326 0.004721212354458831 0.0004499999999999999
-0.001204929729130749 0.00384893541856887 0.0003
-0.0009594076532589202 0.003685231716303396 0.0003
-0.001204929729130749 0.00384893541856887 0.00015
-0.0009594076532589201 0.003685231716303396 0.00015
-0.001204929729130749 0.00384893541856887 0.0004499999999999999
-0.0009594076532589201 0.003685231716303396 0.0004499999999999999
-0.001296167415177219 0.005048465473469428 0.0003
-0.001245429148835827 0.004878425777808038 0.0003
-0.001296167415177219 0.005048465473469428 0.00015
-0.001245429148835827 0.004878425777808038 0.00015
-0.001296167415177219 0.005048465473469428 0.0004499999999999999
-0.001245429148835827 0.004878425777808038 0.00045
-0.001269543314877236 0.005367287172371878 0.00015
-0.001408970149741152 0.005233777547397503 0.0003
-0.001156740580313304 0.005181975098443804 0.0003
-0.001408970149741152 0.005233777547397503 0.00015
-0.001156740580313304 0.005181975098443803 0.00015
-0.001269543314877236 0.005367287172371878 0.00045
-0.001408970149741152 0.005233777547397503 0.00045
-0.001156740580313304 0.005181975098443804 0.0004499999999999999
-0.000804545433801214 0.003530369496845667 0.0003
-0.0005889450323809831 0.003502967140823397 0.0003
-0.0006517758064547951 0.003295496997187126 0.0003
-0.0008045454338012139 0.003530369496845667 0.00015
-0.0005889450323809831 0.003502967140823397 0.00015
-0.0006517758064547949 0.003295496997187127 0.00015
-0.0008045454338012139 0.003530369496845667 0.0004499999999999999
-0.0005889450323809831 0.003502967140823397 0.00045
-0.0006517758064547949 0.003295496997187127 0.0004499999999999999
-0.001689545036961789 0.004109274761400497 0.00015
-0.001400067509672989 0.003948363083913026 0.0003
-0.001628460622418353 0.003970376942106831 0.0003
-0.001461151924216424 0.004087260903206691 0.0003
-0.001400067509672989 0.003948363083913026 0.00015
-0.001628460622418353 0.003970376942106831 0.00015
-0.001461151924216424 0.004087260903206691 0.00015
-0.001689545036961789 0.004109274761400497 0.00045
-0.001400067509672989 0.003948363083913026 0.0004499999999999999
-0.001628460622418353 0.003970376942106831 0.00045
-0.001461151924216424 0.004087260903206691 0.0004499999999999999
-0.00138567484482335 0.004222906040202942 0.0003
-0.001614067957568715 0.004244919898396747 0.0003
-0.001385674844823351 0.004222906040202942 0.00015
-0.001614067957568715 0.004244919898396747 0.00015
-0.001385674844823351 0.004222906040202942 0.0004499999999999999
-0.001614067957568715 0.004244919898396747 0.0004499999999999999
-0.0004660345456673431 0.00574524370880056 0.00015
-0.0002330172728336715 0.005622621854400284 0.0003
-0.0002330172728336715 0.005872621854400285 0.0003
-0.0002330172728336715 0.005622621854400284 0.00015
-0.0002330172728336715 0.005872621854400285 0.00015
-0.0004660345456673431 0.00574524370880056 0.00045
-0.0002330172728336715 0.005622621854400284 0.00045
-0.0002330172728336715 0.005872621854400285 0.0004499999999999999
-0.0008645899768538979 0.005977221579688189 0.00015
-0.0004425074563828047 0.006244682850923818 0.00015
-0.0008594149424765433 0.00645674901500036 0.00015
-0.0006535487166183514 0.006110952215306003 0.0003
-0.0008620024596652206 0.006216985297344274 0.0003
-0.000650961199429674 0.006350715932962089 0.0003
-0.0006535487166183514 0.006110952215306003 0.00015
-0.0008620024596652206 0.006216985297344274 0.00015
-0.000650961199429674 0.006350715932962088 0.00015
-0.0008645899768538979 0.005977221579688189 0.00045
-0.0004425074563828047 0.006244682850923818 0.00045
-0.0008594149424765433 0.00645674901500036 0.00045
-0.0006535487166183514 0.006110952215306003 0.0004499999999999999
-0.0008620024596652206 0.006216985297344274 0.00045
-0.000650961199429674 0.006350715932962089 0.0004499999999999999
-0.0006814340006284985 0.005617403492739988 0.0003
-0.0004721978008797086 0.005457233711155323 0.0003
-0.0006814340006284985 0.005617403492739988 0.00015
-0.0004721978008797086 0.005457233711155323 0.00015
-0.0006814340006284985 0.005617403492739988 0.00045
-0.0004721978008797086 0.005457233711155323 0.0004499999999999999
-0.0004542710010250739 0.005994963279862189 0.0003
-0.0006653122612606205 0.005861232644244374 0.0003
-0.0004542710010250739 0.005994963279862189 0.00015
-0.0006653122612606205 0.005861232644244374 0.00015
-0.0004542710010250739 0.005994963279862189 0.0004499999999999999
-0.0006653122612606205 0.005861232644244374 0.00045
-0.0002212537281914023 0.006122341425461914 0.0003
-0.0002212537281914024 0.006122341425461914 0.00015
-0.0002212537281914024 0.006122341425461914 0.0004499999999999999
-0.0004531046887384981 0.006737677139826868 0.00015
-0.000226552344369249 0.00661883856991344 0.0003
-0.000226552344369249 0.006868838569913438 0.0003
-0.000226552344369249 0.00661883856991344 0.00015
-0.000226552344369249 0.006868838569913438 0.00015
-0.0004531046887384981 0.006737677139826868 0.00045
-0.000226552344369249 0.00661883856991344 0.00045
-0.000226552344369249 0.006868838569913438 0.0004499999999999999
-0.0002391805280460371 0.005334611856755047 0.0003
-0.0002391805280460371 0.005334611856755047 0.00015
-0.0002391805280460371 0.005334611856755047 0.0004499999999999999
-0.0005004696282221335 0.002670071843328975 0.0003
-0.0005004696282221335 0.002670071843328975 0.00015
-0.0005004696282221335 0.002670071843328975 0.0004499999999999999
-0.0002180877025172821 0.00338404732058243 0.0003
-0.0002180877025172821 0.00338404732058243 0.00015
-0.0002180877025172821 0.00338404732058243 0.0004499999999999999
-0.0003232880233550148 0.003669198297464108 0.00015
-0.0005325013415412084 0.003703518968973023 0.0003
-0.0003797317141947895 0.003468646469314482 0.0003
-0.0005325013415412084 0.003703518968973023 0.00015
-0.0003797317141947895 0.003468646469314482 0.00015
-0.0003232880233550148 0.003669198297464108 0.00045
-0.0005325013415412084 0.003703518968973023 0.00045
-0.0003797317141947895 0.003468646469314482 0.0004499999999999999
-0.0008755360213127338 0.006907727549481824 0.00015
-0.0004725024787050594 0.007235392207586465 0.00015
-0.000963927701817663 0.007298848813088373 0.00015
-0.0006740192500088966 0.007071559878534145 0.0003
-0.0009197318615651983 0.007103288181285098 0.0003
-0.0007182150902613612 0.007267120510337418 0.0003
-0.0006740192500088966 0.007071559878534145 0.00015
-0.0009197318615651983 0.007103288181285099 0.00015
-0.0007182150902613612 0.007267120510337418 0.00015
-0.0008755360213127338 0.006907727549481824 0.00045
-0.0004725024787050594 0.007235392207586465 0.00045
-0.000963927701817663 0.007298848813088373 0.00045
-0.0006740192500088966 0.007071559878534145 0.0004499999999999999
-0.0009197318615651983 0.007103288181285099 0.00045
-0.0007182150902613612 0.007267120510337418 0.0004499999999999999
-0.001103676551081329 0.004512335562058773 0.00015
-0.001168217681276194 0.004288791303535829 0.0003
-0.0009275829414748583 0.004370676717117279 0.0003
-0.001168217681276194 0.004288791303535829 0.00015
-0.0009275829414748581 0.004370676717117279 0.00015
-0.001103676551081329 0.004512335562058773 0.00045
-0.001168217681276194 0.004288791303535829 0.00045
-0.0009275829414748583 0.004370676717117279 0.0004499999999999999
-0.000880711716221776 0.005733392428183803 0.0003
-0.000880711716221776 0.005733392428183803 0.00015
-0.000880711716221776 0.005733392428183803 0.00045
-0.0002212537281914023 0.006372341425461914 0.0003
-0.0004478060725606514 0.006491179995375343 0.0003
-0.0002212537281914024 0.006372341425461914 0.00015
-0.0004478060725606513 0.006491179995375343 0.00015
-0.0002212537281914024 0.006372341425461914 0.0004499999999999999
-0.0004478060725606513 0.006491179995375343 0.00045
-0.0007547850212576078 0.007620238587824813 0.00015
-0.001255872493268108 0.007573834575530016 0.00015
-0.0008773925106288038 0.007810119293912406 0.0003
-0.001005328757262858 0.007597036581677414 0.0003
-0.001127936246634054 0.007786917287765008 0.0003
-0.0008773925106288038 0.007810119293912407 0.00015
-0.001005328757262858 0.007597036581677414 0.00015
-0.001127936246634054 0.007786917287765008 0.00015
-0.0007547850212576078 0.007620238587824813 0.00045
-0.001255872493268108 0.007573834575530016 0.00045
-0.0008773925106288038 0.007810119293912407 0.0004499999999999999
-0.001005328757262858 0.007597036581677414 0.00045
-0.001127936246634054 0.007786917287765008 0.0004499999999999999
-0.0006562598156075207 0.006597213077413614 0.0003
-0.0006562598156075207 0.006597213077413613 0.00015
-0.0006562598156075207 0.006597213077413613 0.00045
-0.001321133714628485 0.004446450298725885 0.0003
-0.001321133714628485 0.004446450298725885 0.00015
-0.001321133714628485 0.004446450298725885 0.0004499999999999999
-0.001377936246634054 0.007786917287765008 0.0003
-0.001377936246634054 0.007786917287765008 0.00015
-0.001377936246634054 0.007786917287765008 0.0004499999999999999
-0.0002391805280460371 0.005084611856755046 0.0003
-0.0002391805280460371 0.005084611856755046 0.00015
-0.0002391805280460371 0.005084611856755046 0.00045
-0.0006643203550256159 0.006822702344654346 0.0003
-0.0004628035837217787 0.006986534673706666 0.0003
-0.0006643203550256159 0.006822702344654347 0.00015
-0.0004628035837217787 0.006986534673706667 0.00015
-0.0006643203550256159 0.006822702344654346 0.0004499999999999999
-0.0004628035837217787 0.006986534673706666 0.0004499999999999999
-0.0003579569841565736 0.004360365546564679 0.00015
-0.0001789784920782868 0.004180182773282341 0.0003
-0.0001789784920782868 0.004430182773282342 0.0003
-0.0001789784920782868 0.004180182773282341 0.00015
-0.0001789784920782868 0.004430182773282341 0.00015
-0.0003579569841565736 0.004360365546564679 0.00045
-0.0001789784920782868 0.004180182773282341 0.00045
-0.0001789784920782868 0.004430182773282342 0.0004499999999999999
-0.0006273925106288038 0.007810119293912406 0.0003
-0.0006273925106288038 0.007810119293912407 0.00015
-0.0006273925106288038 0.007810119293912407 0.00045
-0.0008674754818946385 0.006682238282241092 0.0003
-0.0008674754818946385 0.006682238282241092 0.00015
-0.0008674754818946385 0.006682238282241092 0.00045
-0.0006136437499813336 0.007427815397705638 0.0003
-0.0008593563615376354 0.007459543700456593 0.0003
-0.0006136437499813336 0.007427815397705638 0.00015
-0.0008593563615376354 0.007459543700456593 0.00015
-0.0006136437499813336 0.007427815397705638 0.0004499999999999999
-0.0008593563615376354 0.007459543700456593 0.0004499999999999999
-0.0002362512393525297 0.007117696103793236 0.0003
-0.0002362512393525297 0.007117696103793236 0.00015
-0.0002362512393525297 0.007117696103793236 0.0004499999999999999
-0.0002362512393525297 0.007367696103793234 0.0003
-0.0002362512393525297 0.007367696103793234 0.00015
-0.0002362512393525297 0.007367696103793234 0.0004499999999999999
-0.00161554874952719 0.006861897445058049 0.00015
-0.001807774374763595 0.006975393166973471 0.0003
-0.001807774374763595 0.006747615389195693 0.0003
-0.001807774374763595 0.006975393166973471 0.00015
-0.001807774374763595 0.006747615389195693 0.00015
-0.00161554874952719 0.006861897445058049 0.00045
-0.001807774374763595 0.006975393166973471 0.00045
-0.001807774374763595 0.006747615389195693 0.0004499999999999999
-0.001609393138109497 0.005950000000000006 0.00015
-0.001804696569054748 0.006063888888888895 0.0003
-0.001804696569054748 0.005836111111111117 0.0003
-0.001804696569054748 0.006063888888888895 0.00015
-0.001804696569054748 0.005836111111111117 0.00015
-0.001609393138109497 0.005950000000000006 0.00045
-0.001804696569054748 0.006063888888888895 0.00045
-0.001804696569054748 0.005836111111111117 0.0004499999999999999
-0.001610293583547979 0.005512805094525813 0.00015
-0.001805146791773989 0.00561751365837402 0.0003
-0.001805146791773989 0.005389735880596241 0.0003
-0.001805146791773989 0.00561751365837402 0.00015
-0.001805146791773989 0.005389735880596242 0.00015
-0.001610293583547979 0.005512805094525813 0.00045
-0.001805146791773989 0.00561751365837402 0.00045
-0.001805146791773989 0.005389735880596241 0.0004499999999999999
-0.001774198492302533 0.0051834672945449 0.0003
-0.001774198492302533 0.005183467294544899 0.00015
-0.001774198492302533 0.0051834672945449 0.00045
-0.001612049259367375 0.006405603316363804 0.00015
-0.001806024629683688 0.00651946832484857 0.0003
-0.001806024629683688 0.006291690547070794 0.0003
-0.001806024629683687 0.006519468324848571 0.00015
-0.001806024629683688 0.006291690547070794 0.00015
-0.001612049259367375 0.006405603316363804 0.00045
-0.001806024629683687 0.00651946832484857 0.00045
-0.001806024629683688 0.006291690547070794 0.0004499999999999999
-0.0008884802960017541 0.004594719646406388 0.0003
-0.001073807198415351 0.004754499293287251 0.0003
-0.000888480296001754 0.004594719646406388 0.00015
-0.001073807198415351 0.00475449929328725 0.00015
-0.000888480296001754 0.004594719646406388 0.0004499999999999999
-0.001073807198415351 0.004754499293287251 0.00045
-0.0004273753299439884 0.003990750698294613 0.00015
-0.0002136876649719942 0.003995375349147308 0.0003
-0.000392666157050281 0.004175558122429646 0.0003
-0.0002136876649719942 0.003995375349147308 0.00015
-0.000392666157050281 0.004175558122429646 0.00015
-0.0004273753299439884 0.003990750698294613 0.00045
-0.0002136876649719942 0.003995375349147308 0.0004499999999999999
-0.000392666157050281 0.004175558122429646 0.00045
-0.000712386686395283 0.004453060801464894 0.0003
-0.000712386686395283 0.004453060801464894 0.00015
-0.000712386686395283 0.004453060801464894 0.0004499999999999999
-0.001241919576437002 0.006193340631350167 0.00015
-0.00105325477664545 0.006085281105519178 0.0003
-0.001050667259456773 0.006325044823175263 0.0003
-0.00105325477664545 0.006085281105519177 0.00015
-0.001050667259456773 0.006325044823175262 0.00015
-0.001241919576437002 0.006193340631350167 0.00045
-0.00105325477664545 0.006085281105519178 0.00045
-0.001050667259456773 0.006325044823175263 0.0004499999999999999
-0.001610721198738436 0.006177801658181905 0.0003
-0.001610721198738436 0.006177801658181905 0.00015
-0.001610721198738436 0.006177801658181905 0.0004499999999999999
-0.001613799004447283 0.006633750380710927 0.0003
-0.001613799004447283 0.006633750380710927 0.00015
-0.001613799004447283 0.006633750380710927 0.00045
-0.001609843360828738 0.005731402547262909 0.0003
-0.001609843360828738 0.005731402547262909 0.00015
-0.001609843360828738 0.005731402547262909 0.00045
-0.001579345284076523 0.005306536508474471 0.0003
-0.001579345284076523 0.00530653650847447 0.00015
-0.001579345284076523 0.00530653650847447 0.0004499999999999999
-0.00125781543692059 0.006633333333333337 0.00015
-0.001058615189698566 0.006545041174166849 0.0003
-0.001066675729116662 0.006770530441407581 0.0003
-0.001058615189698566 0.006545041174166849 0.00015
-0.001066675729116662 0.006770530441407581 0.00015
-0.00125781543692059 0.006633333333333337 0.00045
-0.001058615189698566 0.006545041174166849 0.00045
-0.001066675729116662 0.006770530441407581 0.0004499999999999999
-0.001617814865016203 0.007316666666666669 0.00015
-0.001808907432508102 0.00720277777777778 0.0003
-0.001616681807271697 0.007089282055862359 0.0003
-0.001808907432508102 0.00720277777777778 0.00015
-0.001616681807271697 0.007089282055862359 0.00015
-0.001617814865016203 0.007316666666666669 0.00045
-0.001808907432508102 0.00720277777777778 0.00045
-0.001616681807271697 0.007089282055862359 0.0004499999999999999
-0.001808907432508102 0.007430555555555557 0.0003
-0.001808907432508102 0.007430555555555557 0.00015
-0.001808907432508102 0.007430555555555557 0.00045
-0.001270196335979565 0.00709813617610484 0.00015
-0.001264005886450077 0.006865734754719089 0.0003
-0.001072866178646149 0.007002931862793332 0.0003
-0.001264005886450077 0.006865734754719089 0.00015
-0.001072866178646149 0.007002931862793332 0.00015
-0.001270196335979565 0.00709813617610484 0.00045
-0.001264005886450077 0.006865734754719089 0.00045
-0.001072866178646149 0.007002931862793332 0.0004499999999999999
-0.001083188385233445 0.005428425224525647 0.0003
-0.001083188385233445 0.005428425224525647 0.00015
-0.001083188385233445 0.005428425224525647 0.0004499999999999999
-0.001249867506678796 0.006413336982341752 0.0003
-0.001249867506678796 0.006413336982341752 0.00015
-0.001249867506678796 0.006413336982341752 0.0004499999999999999
-0.0003660254037844398 0.007633974596215561 0.00015
-0.0001830127018922199 0.007566987298107782 0.0003
-0.0001830127018922199 0.007816987298107781 0.0003
-0.0001830127018922199 0.007566987298107782 0.00015
-0.0001830127018922199 0.007816987298107781 0.00015
-0.0003660254037844398 0.007633974596215561 0.00045
-0.0001830127018922199 0.007566987298107782 0.00045
-0.0001830127018922199 0.007816987298107781 0.0004499999999999999
-0.0004330127018922198 0.007816987298107781 0.0003
-0.0004330127018922198 0.007816987298107781 0.00015
-0.0004330127018922198 0.007816987298107781 0.0004499999999999999
-0.001248254704894111 0.005737136543715305 0.00015
-0.001072544080241882 0.00561334991019736 0.0003
-0.001056422340874004 0.005857179061701747 0.0003
-0.001072544080241882 0.00561334991019736 0.00015
-0.001056422340874004 0.005857179061701747 0.00015
-0.001248254704894111 0.005737136543715305 0.00045
-0.001072544080241882 0.00561334991019736 0.00045
-0.001056422340874004 0.005857179061701747 0.0004499999999999999
-0.0001477966011024432 0.004882660489081832 0.0003
-0.0001477966011024432 0.004882660489081832 0.00015
-0.0001477966011024432 0.004882660489081832 0.00045
-0.001674737471656862 0.007686989137328226 0.00015
-0.001587368735828431 0.007843494568664114 0.0003
-0.001837368735828431 0.007843494568664114 0.0003
-0.001587368735828431 0.007843494568664112 0.00015
-0.001837368735828431 0.007843494568664114 0.00015
-0.001674737471656862 0.007686989137328226 0.00045
-0.001587368735828431 0.007843494568664112 0.00045
-0.001837368735828431 0.007843494568664114 0.0004499999999999999
-0.001275298501501806 0.00463626204657956 0.0003
-0.001275298501501806 0.00463626204657956 0.00015
-0.001275298501501806 0.00463626204657956 0.00045
-0.0005894323309061878 0.004109884285235199 0.0003
-0.0005845449948356952 0.003864295169388275 0.0003
-0.0005894323309061878 0.004109884285235199 0.00015
-0.0005845449948356952 0.003864295169388275 0.00015
-0.0005894323309061878 0.004109884285235199 0.00045
-0.0005845449948356952 0.003864295169388275 0.0004499999999999999
-0.001837368735828431 0.007615716790886335 0.0003
-0.001837368735828431 0.007615716790886336 0.00015
-0.001837368735828431 0.007615716790886336 0.0004499999999999999
-0.001439918449212608 0.005440046133448846 0.0003
-0.001439918449212608 0.005440046133448846 0.00015
-0.001439918449212608 0.005440046133448846 0.00045
-0.001245087140665556 0.005965238587532735 0.0003
-0.001245087140665556 0.005965238587532735 0.00015
-0.001245087140665556 0.005965238587532735 0.00045
-0.0001616440116775074 0.003584599148732055 0.0003
-0.0001616440116775074 0.003834599148732055 0.0003
-0.0001616440116775074 0.003584599148732055 0.00015
-0.0001616440116775074 0.003834599148732056 0.00015
-0.0001616440116775074 0.003584599148732055 0.00045
-0.0001616440116775074 0.003834599148732056 0.0004499999999999999
-0.001428823921501804 0.005843568271857655 0.0003
-0.001429274144221045 0.00562497081912056 0.0003
-0.001428823921501804 0.005843568271857655 0.00015
-0.001429274144221045 0.00562497081912056 0.00015
-0.001428823921501804 0.005843568271857655 0.00045
-0.001429274144221045 0.00562497081912056 0.0004499999999999999
-0.001436843679142156 0.007445250621098343 0.0003
-0.001263034414623836 0.007335985375817427 0.0003
-0.001444005600497884 0.007207401421385755 0.0003
-0.001436843679142155 0.007445250621098343 0.00015
-0.001263034414623836 0.007335985375817427 0.00015
-0.001444005600497884 0.007207401421385754 0.00015
-0.001436843679142155 0.007445250621098343 0.0004499999999999999
-0.001263034414623836 0.007335985375817427 0.00045
-0.001444005600497884 0.007207401421385755 0.0004499999999999999
-0.00143668209322389 0.006747615389195693 0.0003
-0.001434932348143982 0.00651946832484857 0.0003
-0.00143668209322389 0.006747615389195693 0.00015
-0.001434932348143982 0.006519468324848571 0.00015
-0.00143668209322389 0.006747615389195693 0.00045
-0.001434932348143982 0.00651946832484857 0.0004499999999999999
-0.001426984417902189 0.006299471973856986 0.0003
-0.00142565635727325 0.006071670315675086 0.0003
-0.001426984417902189 0.006299471973856986 0.00015
-0.00142565635727325 0.006071670315675086 0.00015
-0.001426984417902189 0.006299471973856986 0.00045
-0.00142565635727325 0.006071670315675086 0.0004499999999999999
-0.001442872542753378 0.006980016810581444 0.0003
-0.001442872542753378 0.006980016810581444 0.00015
-0.001442872542753378 0.006980016810581444 0.00045
-0.0004192639412447496 0.007434683401901013 0.0003
-0.0004192639412447496 0.007434683401901013 0.00015
-0.0004192639412447496 0.007434683401901013 0.00045
-0.001465304982462485 0.00763041185642912 0.0003
-0.001465304982462485 0.00763041185642912 0.00015
-0.001465304982462485 0.00763041185642912 0.00045
-0.0005156205125393762 0.004518734638659341 0.0003
-0.0005547231580124804 0.004294691709370232 0.0003
-0.0005156205125393762 0.004518734638659341 0.00015
-0.0005547231580124804 0.004294691709370232 0.00015
-0.0005156205125393762 0.004518734638659341 0.00045
-0.0005547231580124804 0.004294691709370232 0.0004499999999999999
-0.0003504696282221336 0.002670071843328975 0.0003
-0.0003504696282221336 0.002670071843328975 0.00015
-0.0003504696282221336 0.002670071843328975 0.0004499999999999999
-0.001844772518480894 0.004232415158478026 0.0003
-0.001844772518480792 0.004004637380700248 0.0003
-0.001844772518480895 0.004232415158478026 0.00015
-0.001844772518480792 0.004004637380700248 0.00015
-0.001844772518480895 0.004232415158478026 0.00045
-0.001844772518480792 0.004004637380700248 0.0004499999999999999
-0.0003753316766495016 0.00382997449787936 0.0003
-0.0003753316766495016 0.00382997449787936 0.00015
-0.0003753316766495016 0.00382997449787936 0.0004499999999999999
-0.0001477966011024432 0.004632660489081831 0.0003
-0.0001477966011024432 0.004632660489081831 0.00015
-0.0001477966011024432 0.004632660489081831 0.00045
-0.0005604052125210237 0.007627106592020187 0.0003
-0.0005604052125210237 0.007627106592020188 0.00015
-0.0005604052125210237 0.007627106592020188 0.0004499999999999999
-0.001109900097542885 0.007436341694309194 0.0003
-0.001109900097542885 0.007436341694309194 0.00015
-0.001109900097542885 0.007436341694309194 0.0004499999999999999
-0.001258899009885673 0.005552211858043592 0.0003
-0.001258899009885674 0.005552211858043592 0.00015
-0.001258899009885673 0.005552211858043592 0.00045
-0.001646276168336533 0.007501827901997448 0.0003
-0.001646276168336533 0.007501827901997447 0.00015
-0.001646276168336533 0.007501827901997448 0.00045
-0.001117062018898614 0.007198492494596606 0.0003
-0.001117062018898614 0.007198492494596606 0.00015
-0.001117062018898614 0.007198492494596606 0.0004499999999999999
-0.00032677509318073 0.004562843262364168 0.0003
-0.0003267750931807299 0.004562843262364168 0.00015
-0.0003267750931807299 0.004562843262364168 0.00045
-0.00015 0.002750000000000001 0.0003
-0.00015 0.002750000000000001 0.00015
-0.00015 0.002750000000000001 0.0004499999999999999
3 6 0 564
5082
5083
5084
5085
5086
5087
5088
5089
5090
5091
5092
5093
5094
5095
5096
5097
5098
5099
5100
5101
5102
5103
5104
5105
5106
5107
5108
5109
5110
5111
5112
5113
5114
5115
5116
5117
5118
5119
5120
5121
5122
5123
5124
5125
5126
5127
5128
5129
5130
5131
5132
5133
5134
5135
5136
5137
5138
5139
5140
5141
5142
5143
5144
5145
5146
5147
5148
5149
5150
5151
5152
5153
5154
5155
5156
5157
5158
5159
5160
5161
5162
5163
5164
5165
5166
5167
5168
5169
5170
5171
5172
5173
5174
5175
5176
5177
5178
5179
5180
5181
5182
5183
5184
5185
5186
5187
5188
5189
5190
5191
5192
5193
5194
5195
5196
5197
5198
5199
5200
5201
5202
5203
5204
5205
5206
5207
5208
5209
5210
5211
5212
5213
5214
5215
5216
5217
5218
5219
5220
5221
5222
5223
5224
5225
5226
5227
5228
5229
5230
5231
5232
5233
5234
5235
5236
5237
5238
5239
5240
5241
5242
5243
5244
5245
5246
5247
5248
5249
5250
5251
5252
5253
5254
5255
5256
5257
5258
5259
5260
5261
5262
5263
5264
5265
5266
5267
5268
5269
5270
5271
5272
5273
5274
5275
5276
5277
5278
5279
5280
5281
5282
5283
5284
5285
5286
5287
5288
5289
5290
5291
5292
5293
5294
5295
5296
5297
5298
5299
5300
5301
5302
5303
5304
5305
5306
5307
5308
5309
5310
5311
5312
5313
5314
5315
5316
5317
5318
5319
5320
5321
5322
5323
5324
5325
5326
5327
5328
5329
5330
5331
5332
5333
5334
5335
5336
5337
5338
5339
5340
5341
5342
5343
5344
5345
5346
5347
5348
5349
5350
5351
5352
5353
5354
5355
5356
5357
5358
5359
5360
5361
5362
5363
5364
5365
5366
5367
5368
5369
5370
5371
5372
5373
5374
5375
5376
5377
5378
5379
5380
5381
5382
5383
5384
5385
5386
5387
5388
5389
5390
5391
5392
5393
5394
5395
5396
5397
5398
5399
5400
5401
5402
5403
5404
5405
5406
5407
5408
5409
5410
5411
5412
5413
5414
5415
5416
5417
5418
5419
5420
5421
5422
5423
5424
5425
5426
5427
5428
5429
5430
5431
5432
5433
5434
5435
5436
5437
5438
5439
5440
5441
5442
5443
5444
5445
5446
5447
5448
5449
5450
5451
5452
5453
5454
5455
5456
5457
5458
5459
5460
5461
5462
5463
5464
5465
5466
5467
5468
5469
5470
5471
5472
5473
5474
5475
5476
5477
5478
5479
5480
5481
5482
5483
5484
5485
5486
5487
5488
5489
5490
5491
5492
5493
5494
5495
5496
5497
5498
5499
5500
5501
5502
5503
5504
5505
5506
5507
5508
5509
5510
5511
5512
5513
5514
5515
5516
5517
5518
5519
5520
5521
5522
5523
5524
5525
5526
5527
5528
5529
5530
5531
5532
5533
5534
5535
5536
5537
5538
5539
5540
5541
5542
5543
5544
5545
5546
5547
5548
5549
5550
5551
5552
5553
5554
5555
5556
5557
5558
5559
5560
5561
5562
5563
5564
5565
5566
5567
5568
5569
5570
5571
5572
5573
5574
5575
5576
5577
5578
5579
5580
5581
5582
5583
5584
5585
5586
5587
5588
5589
5590
5591
5592
5593
5594
5595
5596
5597
5598
5599
5600
5601
5602
5603
5604
5605
5606
5607
5608
5609
5610
5611
5612
5613
5614
5615
5616
5617
5618
5619
5620
5621
5622
5623
5624
5625
5626
5627
5628
5629
5630
5631
5632
5633
5634
5635
5636
5637
5638
5639
5640
5641
5642
5643
5644
5645
0.001619176422529955 0.006862121221832472 0.0003
0.001608586186755605 0.005949999999999994 0.0003
0.001614532391685076 0.005051572955502796 0.0003
0.001198840277083492 0.004073706690783593 0.0003
0.0004345325920500406 0.006240823849878043 0.0003
0.0004248499445568717 0.005262990912633996 0.0003
0.000754188716586423 0.007619294896063366 0.0003
0.0008105326429091039 0.003862455110618166 0.0003
0.0008291849927207629 0.004322658368933702 0.0003
0.001228033101387087 0.004497087290445319 0.0003
0.0008149379469777708 0.004724130302691041 0.0003
0.0004284253655419332 0.005748503402577669 0.0003
0.0008253260791314951 0.005521669700537082 0.0003
0.0008379440438849582 0.005981091548338461 0.0003
0.0008513780547256154 0.006454928410881154 0.0003
0.0004554767222584788 0.006735771757752781 0.0003
0.0008738280646235015 0.006905900731826932 0.0003
0.001255338147443633 0.007572884600384009 0.0003
0.0004245616548968176 0.003621264610758616 0.0003
0.00162037639797451 0.006405723907342445 0.0003
0.001614203618311244 0.005496558455546758 0.0003
0.0004725102457132672 0.007233960021815459 0.0003
0.00158949760539926 0.004247949939031145 0.0003
0.001616856034423949 0.007316666666666666 0.0003
0.00047306435304404 0.004531980638016952 0.0003
0.0004309613679445992 0.004114836776753157 0.0003
0.00122181584634392 0.00530510182909472 0.0003
0.001224705770969394 0.005738699885215798 0.0003
0.001232854563580407 0.00619396284751853 0.0003
0.001247500981157166 0.006647620349803556 0.0003
0.00127146611307255 0.007097373818948346 0.0003
0.001623338718537616 0.004644438868453235 0.0003
0.0003829998114296857 0.002804032536523352 0.0003
0.0003905764252313964 0.003196803382102732 0.0003
0.001214122181974665 0.004894123133608192 0.0003
0.00036602540378444 0.007633974596215561 0.0003
0.001674438836373517 0.007686799142299024 0.0003
0.000782075086916521 0.005142407555462042 0.0003
0.0009675912257408358 0.007296869907803574 0.0003
0.0003677948254635223 0.004892288318159312 0.0003
0.0004245616548968176 0.003621264610758616 0.00015
0.0004309613679445992 0.004114836776753157 0.00015
0.0002122808274484088 0.00381063230537931 0.0003
0.0002154806839722996 0.00405741838837658 0.0003
0.0004277615114207084 0.003868050693755887 0.0003
0.0002122808274484088 0.00381063230537931 0.00015
0.0002154806839722996 0.00405741838837658 0.00015
0.0004277615114207083 0.003868050693755887 0.00015
0.0004245616548968176 0.003621264610758616 0.00045
0.0004309613679445992 0.004114836776753157 0.00045
0.0002122808274484088 0.00381063230537931 0.0004499999999999999
0.0002154806839722996 0.00405741838837658 0.00045
0.0004277615114207083 0.003868050693755887 0.0004499999999999999
0.0002122808274484088 0.003560632305379309 0.0003
0.0002122808274484088 0.003560632305379309 0.00015
0.0002122808274484088 0.003560632305379309 0.0004499999999999999
0.0003905764252313964 0.003196803382102732 0.00015
0.0006459689313859521 0.003472081981984048 0.0003
0.0006289763165532415 0.003259851367656106 0.0003
0.000407569040064107 0.003409033996430674 0.0003
0.0006459689313859519 0.003472081981984048 0.00015
0.0006289763165532416 0.003259851367656106 0.00015
0.000407569040064107 0.003409033996430674 0.00015
0.0003905764252313964 0.003196803382102732 0.00045
0.0006459689313859519 0.003472081981984048 0.0004499999999999999
0.0006289763165532416 0.003259851367656106 0.00045
0.000407569040064107 0.003409033996430674 0.0004499999999999999
0.0005295486512090925 0.003064713587113834 0.0003
0.0005295486512090924 0.003064713587113834 0.00015
0.0005295486512090924 0.003064713587113834 0.00045
0.0008105326429091039 0.003862455110618166 0.00015
0.0008389544253920952 0.003592677231913823 0.0003
0.0009938166448498341 0.003747539451371556 0.0003
0.0008389544253920953 0.003592677231913823 0.00015
0.0009938166448498341 0.003747539451371556 0.00015
0.0008105326429091039 0.003862455110618166 0.00045
0.0008389544253920953 0.003592677231913823 0.00045
0.0009938166448498341 0.003747539451371556 0.0004499999999999999
0.0006175471489029607 0.003741859860688391 0.0003
0.0006175471489029607 0.003741859860688391 0.00015
0.0006175471489029607 0.003741859860688391 0.0004499999999999999
0.00158949760539926 0.004247949939031145 0.00015
0.001578436906637189 0.004039714530922187 0.0003
0.001794748802699659 0.004073974969515573 0.0003
0.001578436906637189 0.004039714530922188 0.00015
0.001794748802699645 0.004073974969515573 0.00015
0.00158949760539926 0.004247949939031145 0.00045
0.001578436906637189 0.004039714530922188 0.00045
0.001794748802699645 0.004073974969515573 0.0004499999999999999
0.00179474880269963 0.004301752747293349 0.0003
0.00179474880269963 0.004301752747293349 0.00015
0.00179474880269963 0.004301752747293349 0.0004499999999999999
0.0006207470054268515 0.003988645943685662 0.0003
0.0006207470054268515 0.003988645943685661 0.00015
0.0006207470054268515 0.003988645943685662 0.0004499999999999999
0.0002154806839722996 0.004307418388376581 0.0003
0.0002154806839722996 0.00430741838837658 0.00015
0.0002154806839722996 0.004307418388376581 0.00045
0.00047306435304404 0.004531980638016952 0.00015
0.00023653217652202 0.004515990319008479 0.0003
0.0004520128604943196 0.004323408707385054 0.0003
0.00023653217652202 0.004515990319008479 0.00015
0.0004520128604943196 0.004323408707385054 0.00015
0.00047306435304404 0.004531980638016952 0.00045
0.00023653217652202 0.004515990319008479 0.0004499999999999999
0.0004520128604943196 0.004323408707385054 0.00045
0.0001952882126156982 0.003348401691051367 0.0003
0.0001952882126156982 0.003348401691051367 0.00015
0.0001952882126156982 0.003348401691051367 0.0004499999999999999
0.0004554767222584788 0.006735771757752781 0.00015
0.0002277383611292394 0.006867885878876394 0.0003
0.0002277383611292394 0.006617885878876396 0.0003
0.0002277383611292394 0.006867885878876394 0.00015
0.0002277383611292394 0.006617885878876396 0.00015
0.0004554767222584788 0.006735771757752781 0.00045
0.0002277383611292394 0.006867885878876394 0.00045
0.0002277383611292394 0.006617885878876396 0.0004499999999999999
0.0003829998114296857 0.002804032536523352 0.00015
0.0004914999057148428 0.002652016268261676 0.0003
0.0005257603443082372 0.002868328164324144 0.0003
0.0004914999057148428 0.002652016268261676 0.00015
0.000525760344308237 0.002868328164324144 0.00015
0.0003829998114296857 0.002804032536523352 0.00045
0.0004914999057148428 0.002652016268261676 0.0004499999999999999
0.000525760344308237 0.002868328164324144 0.0004499999999999999
0.0004725102457132672 0.007233960021815459 0.00015
0.0008738280646235015 0.006905900731826932 0.00015
0.0009675912257408358 0.007296869907803574 0.00015
0.0006731691551683844 0.007069930376821195 0.0003
0.0007200507357270515 0.007265414964809517 0.0003
0.0009207096451821687 0.007101385319815252 0.0003
0.0006731691551683844 0.007069930376821196 0.00015
0.0007200507357270514 0.007265414964809517 0.00015
0.0009207096451821687 0.007101385319815252 0.00015
0.0004725102457132672 0.007233960021815459 0.00045
0.0008738280646235015 0.006905900731826932 0.00045
0.0009675912257408358 0.007296869907803574 0.00045
0.0006731691551683844 0.007069930376821196 0.0004499999999999999
0.0007200507357270515 0.007265414964809517 0.00045
0.0009207096451821687 0.007101385319815252 0.0004499999999999999
0.0004345325920500406 0.006240823849878043 0.00015
0.0004284253655419332 0.005748503402577669 0.00015
0.0008379440438849582 0.005981091548338461 0.00015
0.0004314789787959869 0.005994663626227857 0.0003
0.0006362383179674995 0.006110957699108252 0.0003
0.0006331847047134458 0.005864797475458065 0.0003
0.0004314789787959869 0.005994663626227857 0.00015
0.0006362383179674994 0.006110957699108252 0.00015
0.0006331847047134458 0.005864797475458065 0.00015
0.0004345325920500406 0.006240823849878043 0.00045
0.0004284253655419332 0.005748503402577669 0.00045
0.0008379440438849582 0.005981091548338461 0.00045
0.0004314789787959869 0.005994663626227857 0.0004499999999999999
0.0006362383179674995 0.006110957699108252 0.00045
0.0006331847047134458 0.005864797475458065 0.0004499999999999999
0.0002172662960250203 0.006120411924939026 0.0003
0.0002142126827709666 0.00587425170128884 0.0003
0.0002172662960250203 0.006120411924939026 0.00015
0.0002142126827709666 0.00587425170128884 0.00015
0.0002172662960250203 0.006120411924939026 0.0004499999999999999
0.0002142126827709666 0.00587425170128884 0.0004499999999999999
0.0008513780547256154 0.006454928410881154 0.00015
0.000642955323387828 0.006347876130379598 0.0003
0.0008446610493052869 0.006218009979609807 0.0003
0.000642955323387828 0.006347876130379599 0.00015
0.0008446610493052868 0.006218009979609808 0.00015
0.0008513780547256154 0.006454928410881154 0.00045
0.000642955323387828 0.006347876130379598 0.00045
0.0008446610493052869 0.006218009979609808 0.0004499999999999999
0.0002172662960250203 0.006370411924939028 0.0003
0.0004450046571542597 0.006488297803815412 0.0003
0.0002172662960250203 0.006370411924939028 0.00015
0.0004450046571542598 0.006488297803815412 0.00015
0.0002172662960250203 0.006370411924939027 0.0004499999999999999
0.0004450046571542598 0.006488297803815412 0.0004499999999999999
0.0004248499445568717 0.005262990912633996 0.00015
0.0008253260791314951 0.005521669700537082 0.00015
0.0004266376550494024 0.005505747157605833 0.0003
0.0006268757223367141 0.005635086551557375 0.0003
0.0006250880118441834 0.005392330306585539 0.0003
0.0004266376550494024 0.005505747157605832 0.00015
0.0006268757223367141 0.005635086551557375 0.00015
0.0006250880118441834 0.005392330306585539 0.00015
0.0004248499445568717 0.005262990912633996 0.00045
0.0008253260791314951 0.005521669700537082 0.00045
0.0004266376550494024 0.005505747157605833 0.0004499999999999999
0.0006268757223367141 0.005635086551557375 0.00045
0.0006250880118441834 0.005392330306585539 0.0004499999999999999
0.0006646523934409902 0.006820836244789857 0.0003
0.000463993483985873 0.006984865889784119 0.0003
0.0006646523934409902 0.006820836244789857 0.00015
0.0004639934839858731 0.00698486588978412 0.00015
0.0006646523934409902 0.006820836244789857 0.0004499999999999999
0.0004639934839858731 0.006984865889784119 0.00045
0.0008316350615082267 0.005751380624437771 0.0003
0.0008316350615082266 0.005751380624437771 0.00015
0.0008316350615082267 0.005751380624437771 0.0004499999999999999
0.0002124249722784358 0.005381495456317002 0.0003
0.0002142126827709666 0.005624251701288839 0.0003
0.0002124249722784358 0.005381495456317002 0.00015
0.0002142126827709666 0.00562425170128884 0.00015
0.0002124249722784358 0.005381495456317002 0.0004499999999999999
0.0002142126827709666 0.00562425170128884 0.00045
0.000754188716586423 0.007619294896063366 0.00015
0.001255338147443633 0.007572884600384009 0.00015
0.0008770943582932116 0.007809647448031683 0.0003
0.001127669073721817 0.007786442300192004 0.0003
0.001004763432015028 0.007596089748223688 0.0003
0.0008770943582932116 0.007809647448031683 0.00015
0.001127669073721817 0.007786442300192004 0.00015
0.001004763432015028 0.007596089748223688 0.00015
0.000754188716586423 0.007619294896063366 0.00045
0.001255338147443633 0.007572884600384009 0.00045
0.0008770943582932116 0.007809647448031683 0.0004499999999999999
0.001127669073721817 0.007786442300192004 0.00045
0.001004763432015028 0.007596089748223688 0.0004499999999999999
0.0002124249722784358 0.005131495456317001 0.0003
0.0002124249722784358 0.005131495456317 0.00015
0.0002124249722784358 0.005131495456317001 0.0004499999999999999
0.001377669073721817 0.007786442300192004 0.0003
0.001377669073721817 0.007786442300192004 0.00015
0.001377669073721817 0.007786442300192004 0.00045
0.001214122181974665 0.004894123133608192 0.00015
0.00122181584634392 0.00530510182909472 0.00015
0.000782075086916521 0.005142407555462042 0.00015
0.001217969014159293 0.005099612481351457 0.0003
0.0009980986344455931 0.005018265344535117 0.0003
0.001001945466630221 0.005223754692278381 0.0003
0.001217969014159293 0.005099612481351456 0.00015
0.0009980986344455931 0.005018265344535117 0.00015
0.001001945466630221 0.005223754692278381 0.00015
0.001214122181974665 0.004894123133608192 0.00045
0.00122181584634392 0.00530510182909472 0.00045
0.000782075086916521 0.005142407555462042 0.00045
0.001217969014159293 0.005099612481351457 0.0004499999999999999
0.0009980986344455931 0.005018265344535117 0.00045
0.001001945466630221 0.005223754692278381 0.0004499999999999999
0.0006270943582932115 0.007809647448031683 0.0003
0.0006270943582932115 0.007809647448031683 0.00015
0.0006270943582932115 0.007809647448031683 0.0004499999999999999
0.0002362551228566336 0.007116980010907733 0.0003
0.0002362551228566336 0.007116980010907733 0.00015
0.0002362551228566336 0.007116980010907733 0.00045
0.0006534273884920472 0.006595350084316968 0.0003
0.0008626030596745585 0.006680414571354043 0.0003
0.0006534273884920472 0.006595350084316968 0.00015
0.0008626030596745585 0.006680414571354043 0.00015
0.0006534273884920472 0.006595350084316968 0.0004499999999999999
0.0008626030596745585 0.006680414571354043 0.0004499999999999999
0.0002362551228566336 0.007366980010907731 0.0003
0.0002362551228566336 0.007366980010907732 0.00015
0.0002362551228566336 0.007366980010907732 0.00045
0.0001914999057148428 0.002902016268261676 0.0003
0.0001952882126156982 0.003098401691051366 0.0003
0.0003867881183305411 0.003000417959313042 0.0003
0.0001914999057148429 0.002902016268261676 0.00015
0.0001952882126156982 0.003098401691051366 0.00015
0.000386788118330541 0.003000417959313042 0.00015
0.0001914999057148429 0.002902016268261676 0.0004499999999999999
0.0001952882126156982 0.003098401691051366 0.00045
0.000386788118330541 0.003000417959313042 0.0004499999999999999
0.00162037639797451 0.006405723907342445 0.00015
0.001810188198987255 0.006291750842560108 0.0003
0.001810188198987255 0.006519528620337887 0.0003
0.001810188198987255 0.006291750842560107 0.00015
0.001810188198987255 0.006519528620337887 0.00015
0.00162037639797451 0.006405723907342445 0.00045
0.001810188198987255 0.006291750842560107 0.00045
0.001810188198987255 0.006519528620337887 0.0004499999999999999
0.001619176422529955 0.006862121221832472 0.00015
0.001809588211264978 0.006747727277582901 0.0003
0.001809588211264978 0.006975505055360679 0.0003
0.001809588211264978 0.006747727277582901 0.00015
0.001809588211264978 0.006975505055360679 0.00015
0.001619176422529955 0.006862121221832472 0.00045
0.001809588211264978 0.006747727277582901 0.00045
0.001809588211264978 0.006975505055360679 0.0004499999999999999
0.001614532391685076 0.005051572955502796 0.00015
0.001807266195842538 0.004931342033306952 0.0003
0.001807266195842538 0.005159119811084729 0.0003
0.001807266195842538 0.004931342033306952 0.00015
0.001807266195842538 0.005159119811084729 0.00015
0.001614532391685076 0.005051572955502796 0.00045
0.001807266195842538 0.004931342033306952 0.00045
0.001807266195842538 0.005159119811084729 0.0004499999999999999
0.001614203618311244 0.005496558455546758 0.00015
0.001807101809155622 0.005381612561106711 0.0003
0.001807101809155622 0.005609390338884487 0.0003
0.001807101809155622 0.00538161256110671 0.00015
0.001807101809155622 0.005609390338884487 0.00015
0.001614203618311244 0.005496558455546758 0.00045
0.001807101809155622 0.00538161256110671 0.00045
0.001807101809155622 0.005609390338884487 0.0004499999999999999
0.001608586186755605 0.005949999999999994 0.00015
0.001804293093377803 0.005836111111111106 0.0003
0.001804293093377803 0.006063888888888883 0.0003
0.001804293093377803 0.005836111111111106 0.00015
0.001804293093377803 0.006063888888888883 0.00015
0.001608586186755605 0.005949999999999994 0.00045
0.001804293093377803 0.005836111111111106 0.00045
0.001804293093377803 0.006063888888888883 0.0004499999999999999
0.0006133494811498451 0.007426627458939412 0.0003
0.0008608899711636294 0.00745808240193347 0.0003
0.0006133494811498451 0.007426627458939412 0.00015
0.0008608899711636294 0.00745808240193347 0.00015
0.0006133494811498451 0.007426627458939412 0.0004499999999999999
0.0008608899711636294 0.00745808240193347 0.00045
0.0008291849927207629 0.004322658368933702 0.00015
0.001198840277083492 0.004073706690783593 0.00015
0.001228033101387087 0.004497087290445319 0.00015
0.001014012634902128 0.004198182529858647 0.0003
0.001028609047053925 0.00440987282968951 0.0003
0.00121343668923529 0.004285396990614455 0.0003
0.001014012634902128 0.004198182529858647 0.00015
0.001028609047053925 0.00440987282968951 0.00015
0.00121343668923529 0.004285396990614455 0.00015
0.0008291849927207629 0.004322658368933702 0.00045
0.001198840277083492 0.004073706690783593 0.00045
0.001228033101387087 0.004497087290445319 0.00045
0.001014012634902128 0.004198182529858647 0.0004499999999999999
0.001028609047053925 0.00440987282968951 0.00045
0.00121343668923529 0.004285396990614455 0.0004499999999999999
0.001187970461937028 0.003853165241454269 0.0003
0.001383108242479305 0.003952592906798411 0.0003
0.001187970461937028 0.003853165241454269 0.00015
0.001383108242479305 0.003952592906798411 0.00015
0.001187970461937028 0.003853165241454269 0.00045
0.001383108242479305 0.003952592906798411 0.0004499999999999999
0.0008149379469777708 0.004724130302691041 0.00015
0.0003677948254635223 0.004892288318159312 0.00015
0.0007985065169471459 0.004933268929076541 0.0003
0.0005913663862206465 0.004808209310425176 0.0003
0.0005749349561900216 0.005017347936810677 0.0003
0.0007985065169471459 0.004933268929076541 0.00015
0.0005913663862206465 0.004808209310425176 0.00015
0.0005749349561900216 0.005017347936810677 0.00015
0.0008149379469777708 0.004724130302691041 0.00045
0.0003677948254635223 0.004892288318159312 0.00045
0.0007985065169471459 0.004933268929076541 0.0004499999999999999
0.0005913663862206465 0.004808209310425176 0.00045
0.0005749349561900216 0.005017347936810677 0.0004499999999999999
0.001014530064476218 0.004809126718149617 0.0003
0.001014530064476218 0.004809126718149617 0.00015
0.001014530064476218 0.004809126718149617 0.0004499999999999999
0.001611394902533425 0.005723279227773376 0.0003
0.001611394902533425 0.005723279227773376 0.00015
0.001611394902533425 0.005723279227773376 0.0004499999999999999
0.001614481292365058 0.00617786195367122 0.0003
0.001614481292365058 0.00617786195367122 0.00015
0.001614481292365058 0.00617786195367122 0.00045
0.001619776410252233 0.006633922564587459 0.0003
0.001619776410252233 0.006633922564587459 0.00015
0.001619776410252233 0.006633922564587459 0.0004499999999999999
0.00161436800499816 0.005274065705524777 0.0003
0.00161436800499816 0.005274065705524776 0.00015
0.00161436800499816 0.005274065705524777 0.00045
0.0008220614698492668 0.004523394335812371 0.0003
0.001021485524182429 0.00461060879656818 0.0003
0.0008220614698492668 0.004523394335812371 0.00015
0.001021485524182429 0.00461060879656818 0.00015
0.0008220614698492668 0.004523394335812371 0.00045
0.001021485524182429 0.00461060879656818 0.0004499999999999999
0.001004686459996298 0.003968080900700879 0.0003
0.001004686459996298 0.003968080900700879 0.00015
0.001004686459996298 0.003968080900700879 0.0004499999999999999
0.0008198588178149333 0.004092556739775934 0.0003
0.0008198588178149333 0.004092556739775934 0.00015
0.0008198588178149333 0.004092556739775934 0.00045
0.001232854563580407 0.00619396284751853 0.00015
0.001042116309153011 0.006324445629199842 0.0003
0.001035399303732683 0.006087527197928495 0.0003
0.001042116309153011 0.006324445629199841 0.00015
0.001035399303732682 0.006087527197928495 0.00015
0.001232854563580407 0.00619396284751853 0.00045
0.001042116309153011 0.006324445629199841 0.00045
0.001035399303732683 0.006087527197928495 0.0004499999999999999
0.001247500981157166 0.006647620349803556 0.00015
0.001060664522890334 0.006776760540815244 0.0003
0.001049439517941391 0.006551274380342355 0.0003
0.001060664522890334 0.006776760540815245 0.00015
0.001049439517941391 0.006551274380342355 0.00015
0.001247500981157166 0.006647620349803556 0.00045
0.001060664522890334 0.006776760540815245 0.00045
0.001049439517941391 0.006551274380342355 0.0004499999999999999
0.001616856034423949 0.007316666666666666 0.00015
0.001618016228476952 0.007089393944249569 0.0003
0.001808428017211975 0.007202777777777777 0.0003
0.001618016228476952 0.007089393944249569 0.00015
0.001808428017211975 0.007202777777777777 0.00015
0.001616856034423949 0.007316666666666666 0.00045
0.001618016228476952 0.007089393944249569 0.00045
0.001808428017211975 0.007202777777777777 0.0004499999999999999
0.001808428017211975 0.007430555555555555 0.0003
0.001808428017211975 0.007430555555555555 0.00015
0.001808428017211975 0.007430555555555555 0.0004499999999999999
0.001408765353393173 0.004372518614738232 0.0003
0.001394168941241376 0.004160828314907369 0.0003
0.001408765353393173 0.004372518614738232 0.00015
0.001394168941241376 0.004160828314907369 0.00015
0.001408765353393173 0.004372518614738232 0.00045
0.001394168941241376 0.004160828314907369 0.0004499999999999999
0.001224705770969394 0.005738699885215798 0.00015
0.001031324907427176 0.005859895716777129 0.0003
0.001025015925050445 0.00563018479287644 0.0003
0.001031324907427176 0.005859895716777129 0.00015
0.001025015925050445 0.00563018479287644 0.00015
0.001224705770969394 0.005738699885215798 0.00045
0.001031324907427176 0.005859895716777129 0.00045
0.001025015925050445 0.00563018479287644 0.0004499999999999999
0.001623338718537616 0.004644438868453235 0.00015
0.001811669359268808 0.004499997212004395 0.0003
0.001811669359268808 0.004727774989782172 0.0003
0.001811669359268808 0.004499997212004394 0.00015
0.001811669359268808 0.004727774989782172 0.00015
0.001623338718537616 0.004644438868453235 0.00045
0.001811669359268808 0.004499997212004394 0.00045
0.001811669359268808 0.004727774989782172 0.0004499999999999999
0.0006511246728824014 0.004427319503475327 0.0003
0.0006440011500109053 0.004628055470353996 0.0003
0.0006511246728824014 0.004427319503475327 0.00015
0.0006440011500109053 0.004628055470353996 0.00015
0.0006511246728824014 0.004427319503475327 0.00045
0.0006440011500109053 0.004628055470353996 0.0004499999999999999
0.0001838974127317611 0.004946144159079659 0.0003
0.0001838974127317611 0.004696144159079658 0.0003
0.0001838974127317611 0.004946144159079659 0.00015
0.0001838974127317611 0.004696144159079658 0.00015
0.0001838974127317611 0.004946144159079659 0.00045
0.0001838974127317611 0.004696144159079658 0.0004499999999999999
0.00127146611307255 0.007097373818948346 0.00015
0.001072647088848026 0.00700163727538764 0.0003
0.001259483547114858 0.006872497084375951 0.0003
0.001072647088848026 0.007001637275387639 0.00015
0.001259483547114858 0.006872497084375951 0.00015
0.00127146611307255 0.007097373818948346 0.00045
0.001072647088848026 0.00700163727538764 0.00045
0.001259483547114858 0.006872497084375951 0.0004499999999999999
0.0004204295892537811 0.004712134478088132 0.0003
0.0004204295892537811 0.004712134478088132 0.00015
0.0004204295892537811 0.004712134478088132 0.00045
0.00036602540378444 0.007633974596215561 0.00015
0.00018301270189222 0.007816987298107781 0.0003
0.00018301270189222 0.007566987298107782 0.0003
0.00018301270189222 0.007816987298107781 0.00015
0.00018301270189222 0.007566987298107782 0.00015
0.00036602540378444 0.007633974596215561 0.00045
0.00018301270189222 0.007816987298107781 0.0004499999999999999
0.00018301270189222 0.007566987298107782 0.0004499999999999999
0.00043301270189222 0.007816987298107781 0.0003
0.00043301270189222 0.007816987298107781 0.00015
0.00043301270189222 0.007816987298107781 0.00045
0.000630073180332681 0.004218747572843429 0.0003
0.000630073180332681 0.004218747572843429 0.00015
0.000630073180332681 0.004218747572843429 0.0004499999999999999
0.001418174119014498 0.005178337392298758 0.0003
0.001418009732327582 0.005400830142320739 0.0003
0.001418174119014498 0.005178337392298758 0.00015
0.001418009732327582 0.005400830142320739 0.00015
0.001418174119014498 0.005178337392298758 0.00045
0.001418009732327582 0.005400830142320739 0.0004499999999999999
0.001240177772368787 0.006420791598661043 0.0003
0.001240177772368787 0.006420791598661043 0.00015
0.001240177772368787 0.006420791598661043 0.0004499999999999999
0.001419454694640319 0.005617629170381278 0.0003
0.0014166459788625 0.005844349942607897 0.0003
0.001419454694640319 0.005617629170381278 0.00015
0.0014166459788625 0.005844349942607897 0.00015
0.001419454694640319 0.005617629170381278 0.00045
0.0014166459788625 0.005844349942607897 0.0004499999999999999
0.001674438836373517 0.007686799142299024 0.00015
0.001837219418186758 0.007843399571149512 0.0003
0.001587219418186758 0.007843399571149512 0.0003
0.001837219418186758 0.007843399571149512 0.00015
0.001587219418186758 0.007843399571149512 0.00015
0.001674438836373517 0.007686799142299024 0.00045
0.001837219418186758 0.007843399571149512 0.0004499999999999999
0.001587219418186758 0.007843399571149512 0.0004499999999999999
0.001228780167274901 0.005966331366367164 0.0003
0.001228780167274901 0.005966331366367164 0.00015
0.001228780167274901 0.005966331366367164 0.0004499999999999999
0.001223260808656657 0.00552190085715526 0.0003
0.001223260808656657 0.005521900857155259 0.00015
0.001223260808656657 0.00552190085715526 0.00045
0.001606418161968438 0.00444619440374219 0.0003
0.001606418161968438 0.00444619440374219 0.00015
0.001606418161968438 0.00444619440374219 0.00045
0.001420720375168006 0.006071981423759263 0.0003
0.001426615480777459 0.006299843377430487 0.0003
0.001420720375168006 0.006071981423759263 0.00015
0.001426615480777459 0.006299843377430487 0.00015
0.001420720375168006 0.006071981423759263 0.00045
0.001426615480777459 0.006299843377430487 0.0004499999999999999
0.001837219418186758 0.007615621793371734 0.0003
0.001837219418186758 0.007615621793371734 0.00015
0.001837219418186758 0.007615621793371734 0.00045
0.001023570962737708 0.005413385764815901 0.0003
0.001023570962737708 0.005413385764815901 0.00015
0.001023570962737708 0.005413385764815901 0.0004499999999999999
0.001433938689565839 0.006526672128573 0.0003
0.001433938689565839 0.006526672128573 0.00015
0.001433938689565839 0.006526672128573 0.0004499999999999999
0.001433338701843561 0.006754870785818014 0.0003
0.001433338701843561 0.006754870785818014 0.00015
0.001433338701843561 0.006754870785818014 0.0004499999999999999
0.001436097090933791 0.007444775633525337 0.0003
0.00144416107374825 0.007207020242807506 0.0003
0.001263402130258092 0.007335129209666178 0.0003
0.001436097090933791 0.007444775633525337 0.00015
0.00144416107374825 0.007207020242807506 0.00015
0.001263402130258092 0.007335129209666178 0.00015
0.001436097090933791 0.007444775633525337 0.0004499999999999999
0.00144416107374825 0.007207020242807506 0.00045
0.001263402130258092 0.007335129209666178 0.0004499999999999999
0.001425685909962352 0.004570763079449277 0.0003
0.001425685909962352 0.004570763079449277 0.00015
0.001425685909962352 0.004570763079449277 0.00045
0.001445321267801253 0.006979747520390409 0.0003
0.001445321267801253 0.006979747520390409 0.00015
0.001445321267801253 0.006979747520390409 0.0004499999999999999
0.0004192678247488536 0.00743396730901551 0.0003
0.0004192678247488536 0.007433967309015511 0.00015
0.0004192678247488536 0.007433967309015511 0.0004499999999999999
0.001221077641680876 0.004695605212026756 0.0003
0.001418730450256141 0.004769281001030714 0.0003
0.001221077641680876 0.004695605212026756 0.00015
0.001418730450256141 0.004769281001030714 0.00015
0.001221077641680876 0.004695605212026756 0.00045
0.001418730450256141 0.004769281001030714 0.0004499999999999999
0.001618935555111346 0.004848005911978016 0.0003
0.001618935555111346 0.004848005911978016 0.00015
0.001618935555111346 0.004848005911978016 0.0004499999999999999
0.001464888491908575 0.007629841871341516 0.0003
0.001464888491908575 0.007629841871341516 0.00015
0.001464888491908575 0.007629841871341516 0.0004499999999999999
0.0008037005830240081 0.005332038627999562 0.0003
0.0008037005830240081 0.005332038627999562 0.00015
0.0008037005830240081 0.005332038627999562 0.0004499999999999999
0.0003414999057148427 0.002652016268261676 0.0003
0.0003414999057148426 0.002652016268261676 0.00015
0.0003414999057148426 0.002652016268261676 0.00045
0.001414327286829871 0.004972848044555494 0.0003
0.001414327286829871 0.004972848044555494 0.00015
0.001414327286829871 0.004972848044555494 0.0004499999999999999
0.0006034625157366963 0.005202699234048019 0.0003
0.000396322385010197 0.005077639615396654 0.0003
0.0006034625157366963 0.005202699234048019 0.00015
0.000396322385010197 0.005077639615396654 0.00015
0.0006034625157366963 0.005202699234048019 0.0004499999999999999
0.000396322385010197 0.005077639615396654 0.0004499999999999999
0.0005601070601854315 0.007626634746139464 0.0003
0.0005601070601854315 0.007626634746139464 0.00015
0.0005601070601854315 0.007626634746139464 0.00045
0.001111464686592234 0.007434877254093791 0.0003
0.001111464686592234 0.007434877254093791 0.00015
0.001111464686592234 0.007434877254093791 0.00045
0.001645647435398733 0.007501732904482845 0.0003
0.001645647435398733 0.007501732904482845 0.00015
0.001645647435398733 0.007501732904482845 0.0004499999999999999
0.001119528669406693 0.00719712186337596 0.0003
0.001119528669406693 0.00719712186337596 0.00015
0.001119528669406693 0.00719712186337596 0.00045
0.0001499999999999999 0.002750000000000001 0.0003
0.0001499999999999999 0.002750000000000001 0.00015
0.0001499999999999999 0.002750000000000001 0.0004499999999999999
$EndNodes
$Elements
10 1068 1 1068
2 34 10 8
1 10 170 1907 366 173 1910 1911 367 1912 
2 366 1907 419 24 1911 1913 422 368 1914 
3 170 171 1908 1907 174 1915 1916 1910 1917 
4 1907 1908 420 419 1916 1918 423 1913 1919 
5 171 172 1909 1908 175 1920 1921 1915 1922 
6 1908 1909 421 420 1921 1923 424 1918 1924 
7 172 3 395 1909 176 396 1925 1920 1926 
8 1909 395 25 421 1925 397 425 1923 1927 
2 38 10 8
9 3 203 2190 395 206 2193 2194 396 2195 
10 395 2190 458 25 2194 2196 461 397 2197 
11 203 204 2191 2190 207 2198 2199 2193 2200 
12 2190 2191 459 458 2199 2201 462 2196 2202 
13 204 205 2192 2191 208 2203 2204 2198 2205 
14 2191 2192 460 459 2204 2206 463 2201 2207 
15 205 12 438 2192 209 439 2208 2203 2209 
16 2192 438 27 460 2208 440 464 2206 2210 
2 42 10 8
17 4 236 2477 497 239 2480 2481 498 2482 
18 497 2477 500 30 2481 2483 503 499 2484 
19 236 237 2478 2477 240 2485 2486 2480 2487 
20 2477 2478 501 500 2486 2488 504 2483 2489 
21 237 238 2479 2478 241 2490 2491 2485 2492 
22 2478 2479 502 501 2491 2493 505 2488 2494 
23 238 14 477 2479 242 478 2495 2490 2496 
24 2479 477 29 502 2495 479 506 2493 2497 
2 45 10 8
25 15 243 2749 528 246 2752 2753 529 2754 
26 528 2749 531 31 2753 2755 534 530 2756 
27 243 244 2750 2749 247 2757 2758 2752 2759 
28 2749 2750 532 531 2758 2760 535 2755 2761 
29 244 245 2751 2750 248 2762 2763 2757 2764 
30 2750 2751 533 532 2763 2765 536 2760 2766 
31 245 4 497 2751 249 498 2767 2762 2768 
32 2751 497 30 533 2767 499 537 2765 2769 
3 1 13 84
33 135 1 571 1560 307 3040 137 578 1561 577 308 3046 1566 3047 3048 1567 3049 3050 
34 1560 307 3040 329 20 1573 1566 3047 1564 3048 309 3051 331 1580 1579 1568 3052 3053 
35 7 135 571 276 1560 3040 136 579 277 578 1561 3046 1562 3054 3047 1563 3055 3049 
36 276 1560 3040 17 329 1573 1562 3054 278 3047 1564 3051 330 1581 1580 1565 3056 3052 
37 2 132 568 301 1494 3037 133 581 302 580 1495 3057 1496 3058 3059 1497 3060 3061 
38 301 1494 3037 19 304 1570 1496 3058 303 3059 1498 3062 305 1583 1582 1499 3063 3064 
39 132 8 568 1494 279 3037 134 580 1495 582 280 3057 1500 3059 3065 1501 3061 3066 
40 1494 279 3037 304 18 1570 1500 3059 1498 3065 281 3062 306 1582 1584 1502 3064 3067 
41 1 33 571 307 1503 3040 42 577 308 583 1512 3046 1513 3048 3068 1514 3050 3069 
42 307 1503 3040 20 310 1573 1513 3048 309 3068 1515 3051 319 1579 1585 1516 3053 3070 
43 8 121 568 279 1445 3037 131 582 280 584 1487 3057 1491 3065 3071 1492 3066 3072 
44 279 1445 3037 18 290 1570 1491 3065 281 3071 1489 3062 300 1584 1586 1493 3067 3073 
45 41 2 568 1511 301 3037 51 585 1552 581 302 3057 1557 3074 3058 1558 3075 3060 
46 1511 301 3037 318 19 1570 1557 3074 1555 3058 303 3062 328 1587 1583 1559 3076 3063 
47 113 7 571 1437 276 3040 122 586 1447 579 277 3046 1446 3077 3054 1448 3078 3055 
48 1437 276 3040 282 17 1573 1446 3077 1449 3054 278 3051 291 1588 1581 1450 3079 3056 
49 35 569 573 1505 3038 3042 589 588 1522 587 3080 3081 3082 3083 3084 3085 3086 3087 
50 1505 3038 3042 312 1571 1575 3082 3083 1525 3084 3088 3089 1591 1590 1589 3090 3091 3092 
51 40 41 567 1510 1511 3036 50 591 1547 590 1552 3093 1553 3094 3095 1554 3096 3097 
52 1510 1511 3036 317 318 1569 1553 3094 1550 3095 1555 3098 327 1593 1592 1556 3099 3100 
53 115 114 573 1439 1438 3042 124 593 1457 592 1452 3081 1456 3101 3102 1458 3103 3104 
54 1439 1438 3042 284 283 1575 1456 3101 1459 3102 1454 3089 293 1595 1594 1460 3105 3106 
55 121 120 567 1445 1444 3036 130 595 1487 594 1482 3093 1486 3107 3108 1488 3109 3110 
56 1445 1444 3036 290 289 1569 1486 3107 1489 3108 1484 3098 299 1597 1596 1490 3111 3112 
57 37 38 572 1507 1508 3041 47 597 1532 596 1537 3113 1538 3114 3115 1539 3116 3117 
58 1507 1508 3041 314 315 1574 1538 3114 1535 3115 1540 3118 324 1599 1598 1541 3119 3120 
59 569 115 573 3038 1439 3042 598 587 3080 593 1457 3081 3121 3084 3101 3122 3087 3103 
60 3038 1439 3042 1571 284 1575 3121 3084 3088 3101 1459 3089 1600 1589 1595 3123 3092 3105 
61 118 117 572 1442 1441 3041 127 600 1472 599 1467 3113 1471 3124 3125 1473 3126 3127 
62 1442 1441 3041 287 286 1574 1471 3124 1474 3125 1469 3118 296 1602 1601 1475 3128 3129 
63 118 572 575 1442 3041 3044 600 602 1472 601 3113 3130 3124 3131 3132 3126 3133 3134 
64 1442 3041 3044 287 1574 1577 3124 3131 1474 3132 3118 3135 1602 1604 1603 3128 3136 3137 
65 33 34 570 1503 1504 3039 43 604 1512 603 1517 3138 1518 3139 3140 1519 3141 3142 
66 1503 1504 3039 310 311 1572 1518 3139 1515 3140 1520 3143 320 1606 1605 1521 3144 3145 
67 572 38 575 3041 1508 3044 596 601 3113 605 1537 3130 3115 3132 3146 3117 3134 3147 
68 3041 1508 3044 1574 315 1577 3115 3132 3118 3146 1540 3135 1598 1603 1607 3120 3137 3148 
69 575 39 576 3044 1509 3045 608 607 3130 606 1542 3149 3150 3151 3152 3153 3154 3155 
70 3044 1509 3045 1577 316 1578 3150 3151 3135 3152 1545 3156 1610 1609 1608 3157 3158 3159 
71 34 35 573 1504 1505 3042 44 609 1517 588 1522 3081 1523 3160 3083 1524 3161 3086 
72 1504 1505 3042 311 312 1575 1523 3160 1520 3083 1525 3089 321 1611 1590 1526 3162 3091 
73 35 36 569 1505 1506 3038 45 589 1522 610 1527 3080 1528 3082 3163 1529 3085 3164 
74 1505 1506 3038 312 313 1571 1528 3082 1525 3163 1530 3088 322 1591 1612 1531 3090 3165 
75 36 37 574 1506 1507 3043 46 612 1527 611 1532 3166 1533 3167 3168 1534 3169 3170 
76 1506 1507 3043 313 314 1576 1533 3167 1530 3168 1535 3171 323 1614 1613 1536 3172 3173 
77 569 36 574 3038 1506 3043 610 613 3080 612 1527 3166 3163 3174 3167 3164 3175 3169 
78 3038 1506 3043 1571 313 1576 3163 3174 3088 3167 1530 3171 1612 1615 1614 3165 3176 3172 
79 37 572 574 1507 3041 3043 597 611 1532 614 3113 3166 3114 3168 3177 3116 3170 3178 
80 1507 3041 3043 314 1574 1576 3114 3168 1535 3177 3118 3171 1599 1613 1616 3119 3173 3179 
81 40 567 576 1510 3036 3045 591 616 1547 615 3093 3149 3094 3180 3181 3096 3182 3183 
82 1510 3036 3045 317 1569 1578 3094 3180 1550 3181 3098 3156 1593 1618 1617 3099 3184 3185 
83 114 113 570 1438 1437 3039 123 618 1452 617 1447 3138 1451 3186 3187 1453 3188 3189 
84 1438 1437 3039 283 282 1572 1451 3186 1454 3187 1449 3143 292 1620 1619 1455 3190 3191 
85 116 115 569 1440 1439 3038 125 619 1462 598 1457 3080 1461 3192 3121 1463 3193 3122 
86 1440 1439 3038 285 284 1571 1461 3192 1464 3121 1459 3088 294 1621 1600 1465 3194 3123 
87 117 116 574 1441 1440 3043 126 621 1467 620 1462 3166 1466 3195 3196 1468 3197 3198 
88 1441 1440 3043 286 285 1576 1466 3195 1469 3196 1464 3171 295 1623 1622 1470 3199 3200 
89 116 569 574 1440 3038 3043 619 620 1462 613 3080 3166 3192 3196 3174 3193 3198 3175 
90 1440 3038 3043 285 1571 1576 3192 3196 1464 3174 3088 3171 1621 1622 1615 3194 3200 3176 
91 572 117 574 3041 1441 3043 599 614 3113 621 1467 3166 3125 3177 3195 3127 3178 3197 
92 3041 1441 3043 1574 286 1576 3125 3177 3118 3195 1469 3171 1601 1616 1623 3129 3179 3199 
93 567 120 576 3036 1444 3045 594 615 3093 622 1482 3149 3108 3181 3201 3110 3183 3202 
94 3036 1444 3045 1569 289 1578 3108 3181 3098 3201 1484 3156 1596 1617 1624 3112 3185 3203 
95 38 39 575 1508 1509 3044 48 605 1537 608 1542 3130 1543 3146 3150 1544 3147 3153 
96 1508 1509 3044 315 316 1577 1543 3146 1540 3150 1545 3135 325 1607 1610 1546 3148 3157 
97 39 40 576 1509 1510 3045 49 606 1542 616 1547 3149 1548 3152 3180 1549 3155 3182 
98 1509 1510 3045 316 317 1578 1548 3152 1545 3180 1550 3156 326 1608 1618 1551 3159 3184 
99 120 119 576 1444 1443 3045 129 622 1482 623 1477 3149 1481 3201 3204 1483 3202 3205 
100 1444 1443 3045 289 288 1578 1481 3201 1484 3204 1479 3156 298 1624 1625 1485 3203 3206 
101 570 34 573 3039 1504 3042 603 624 3138 609 1517 3081 3140 3207 3160 3142 3208 3161 
102 3039 1504 3042 1572 311 1575 3140 3207 3143 3160 1520 3089 1605 1626 1611 3145 3209 3162 
103 119 118 575 1443 1442 3044 128 625 1477 602 1472 3130 1476 3210 3131 1478 3211 3133 
104 1443 1442 3044 288 287 1577 1476 3210 1479 3131 1474 3135 297 1627 1604 1480 3212 3136 
105 119 575 576 1443 3044 3045 625 623 1477 607 3130 3149 3210 3204 3151 3211 3205 3154 
106 1443 3044 3045 288 1577 1578 3210 3204 1479 3151 3135 3156 1627 1625 1609 3212 3206 3158 
107 114 570 573 1438 3039 3042 618 592 1452 624 3138 3081 3186 3102 3207 3188 3104 3208 
108 1438 3039 3042 283 1572 1575 3186 3102 1454 3207 3143 3089 1620 1594 1626 3190 3106 3209 
109 33 570 571 1503 3039 3040 604 583 1512 626 3138 3046 3139 3068 3213 3141 3069 3214 
110 1503 3039 3040 310 1572 1573 3139 3068 1515 3213 3143 3051 1606 1585 1628 3144 3070 3215 
111 121 567 568 1445 3036 3037 595 584 1487 627 3093 3057 3107 3071 3216 3109 3072 3217 
112 1445 3036 3037 290 1569 1570 3107 3071 1489 3216 3098 3062 1597 1586 1629 3111 3073 3218 
113 567 41 568 3036 1511 3037 590 627 3093 585 1552 3057 3095 3216 3074 3097 3217 3075 
114 3036 1511 3037 1569 318 1570 3095 3216 3098 3074 1555 3062 1592 1629 1587 3100 3218 3076 
115 570 113 571 3039 1437 3040 617 626 3138 586 1447 3046 3187 3213 3077 3189 3214 3078 
116 3039 1437 3040 1572 282 1573 3187 3213 3143 3077 1449 3051 1619 1628 1588 3191 3215 3079 
3 2 13 84
117 138 2 633 1630 301 3224 140 639 1631 638 302 3229 1636 3230 3231 1637 3232 3233 
118 1630 301 3224 335 19 1710 1636 3230 1634 3231 303 3234 337 1716 1715 1638 3235 3236 
119 1 141 631 307 1696 3222 142 641 308 640 1697 3237 1698 3238 3239 1699 3240 3241 
120 307 1696 3222 20 360 1708 1698 3238 309 3239 1700 3242 361 1718 1717 1701 3243 3244 
121 6 138 633 332 1630 3224 139 642 333 639 1631 3229 1632 3245 3230 1633 3246 3232 
122 332 1630 3224 21 335 1710 1632 3245 334 3230 1634 3234 336 1719 1716 1635 3247 3235 
123 141 5 631 1696 338 3222 143 640 1697 643 339 3237 1702 3239 3248 1703 3241 3249 
124 1696 338 3222 360 22 1708 1702 3239 1700 3248 340 3242 362 1717 1720 1704 3244 3250 
125 2 41 633 301 1511 3224 51 638 302 644 1552 3229 1557 3231 3251 1558 3233 3252 
126 301 1511 3224 19 318 1710 1557 3231 303 3251 1555 3234 328 1715 1721 1559 3236 3253 
127 33 1 631 1503 307 3222 42 645 1512 641 308 3237 1513 3254 3238 1514 3255 3240 
128 1503 307 3222 310 20 1708 1513 3254 1515 3238 309 3242 319 1722 1718 1516 3256 3243 
129 5 102 631 338 1647 3222 112 643 339 646 1689 3237 1693 3248 3257 1694 3249 3258 
130 338 1647 3222 22 349 1708 1693 3248 340 3257 1691 3242 359 1720 1723 1695 3250 3259 
131 94 6 633 1639 332 3224 103 647 1649 642 333 3229 1648 3260 3245 1650 3261 3246 
132 1639 332 3224 341 21 1710 1648 3260 1651 3245 334 3234 350 1724 1719 1652 3262 3247 
133 37 636 637 1507 3227 3228 650 649 1532 648 3263 3264 3265 3266 3267 3268 3269 3270 
134 1507 3227 3228 314 1713 1714 3265 3266 1535 3267 3271 3272 1727 1726 1725 3273 3274 3275 
135 636 98 637 3227 1643 3228 652 648 3263 651 1669 3264 3276 3267 3277 3278 3270 3279 
136 3227 1643 3228 1713 345 1714 3276 3267 3271 3277 1671 3272 1729 1725 1728 3280 3275 3281 
137 35 34 628 1505 1504 3219 44 654 1522 653 1517 3282 1523 3283 3284 1524 3285 3286 
138 1505 1504 3219 312 311 1705 1523 3283 1525 3284 1520 3287 321 1731 1730 1526 3288 3289 
139 38 37 637 1508 1507 3228 47 655 1537 649 1532 3264 1538 3290 3266 1539 3291 3269 
140 1508 1507 3228 315 314 1714 1538 3290 1540 3266 1535 3272 324 1732 1726 1541 3292 3274 
141 41 40 632 1511 1510 3223 50 657 1552 656 1547 3293 1553 3294 3295 1554 3296 3297 
142 1511 1510 3223 318 317 1709 1553 3294 1555 3295 1550 3298 327 1734 1733 1556 3299 3300 
143 96 95 629 1641 1640 3220 105 659 1659 658 1654 3301 1658 3302 3303 1660 3304 3305 
144 1641 1640 3220 343 342 1706 1658 3302 1661 3303 1656 3306 352 1736 1735 1662 3307 3308 
145 102 101 630 1647 1646 3221 111 661 1689 660 1684 3309 1688 3310 3311 1690 3312 3313 
146 1647 1646 3221 349 348 1707 1688 3310 1691 3311 1686 3314 358 1738 1737 1692 3315 3316 
147 99 98 636 1644 1643 3227 108 662 1674 652 1669 3263 1673 3317 3276 1675 3318 3278 
148 1644 1643 3227 346 345 1713 1673 3317 1676 3276 1671 3271 355 1739 1729 1677 3319 3280 
149 34 33 630 1504 1503 3221 43 664 1517 663 1512 3309 1518 3320 3321 1519 3322 3323 
150 1504 1503 3221 311 310 1707 1518 3320 1520 3321 1515 3314 320 1741 1740 1521 3324 3325 
151 629 39 635 3220 1509 3226 667 666 3301 665 1542 3326 3327 3328 3329 3330 3331 3332 
152 3220 1509 3226 1706 316 1712 3327 3328 3306 3329 1545 3333 1744 1743 1742 3334 3335 3336 
153 95 94 632 1640 1639 3223 104 669 1654 668 1649 3293 1653 3337 3338 1655 3339 3340 
154 1640 1639 3223 342 341 1709 1653 3337 1656 3338 1651 3298 351 1746 1745 1657 3341 3342 
155 628 100 634 3219 1645 3225 672 671 3282 670 1679 3343 3344 3345 3346 3347 3348 3349 
156 3219 1645 3225 1705 347 1711 3344 3345 3287 3346 1681 3350 1749 1748 1747 3351 3352 3353 
157 36 634 636 1506 3225 3227 675 674 1527 673 3343 3263 3354 3355 3356 3357 3358 3359 
158 1506 3225 3227 313 1711 1713 3354 3355 1530 3356 3350 3271 1752 1751 1750 3360 3361 3362 
159 36 35 634 1506 1505 3225 45 675 1527 676 1522 3343 1528 3354 3363 1529 3357 3364 
160 1506 1505 3225 313 312 1711 1528 3354 1530 3363 1525 3350 322 1752 1753 1531 3360 3365 
161 35 628 634 1505 3219 3225 654 676 1522 671 3282 3343 3283 3363 3345 3285 3364 3348 
162 1505 3219 3225 312 1705 1711 3283 3363 1525 3345 3287 3350 1731 1753 1748 3288 3365 3352 
163 39 38 635 1509 1508 3226 48 665 1542 677 1537 3326 1543 3329 3366 1544 3332 3367 
164 1509 1508 3226 316 315 1712 1543 3329 1545 3366 1540 3333 325 1742 1754 1546 3336 3368 
165 635 38 637 3226 1508 3228 677 678 3326 655 1537 3264 3366 3369 3290 3367 3370 3291 
166 3226 1508 3228 1712 315 1714 3366 3369 3333 3290 1540 3272 1754 1755 1732 3368 3371 3292 
167 97 96 635 1642 1641 3226 106 680 1664 679 1659 3326 1663 3372 3373 1665 3374 3375 
168 1642 1641 3226 344 343 1712 1663 3372 1666 3373 1661 3333 353 1757 1756 1667 3376 3377 
169 96 629 635 1641 3220 3226 659 679 1659 666 3301 3326 3302 3373 3328 3304 3375 3331 
170 1641 3220 3226 343 1706 1712 3302 3373 1661 3328 3306 3333 1736 1756 1743 3307 3377 3335 
171 100 99 634 1645 1644 3225 109 670 1679 681 1674 3343 1678 3346 3378 1680 3349 3379 
172 1645 1644 3225 347 346 1711 1678 3346 1681 3378 1676 3350 356 1747 1758 1682 3353 3380 
173 37 36 636 1507 1506 3227 46 650 1532 674 1527 3263 1533 3265 3355 1534 3268 3358 
174 1507 1506 3227 314 313 1713 1533 3265 1535 3355 1530 3271 323 1727 1751 1536 3273 3361 
175 40 39 629 1510 1509 3220 49 682 1547 667 1542 3301 1548 3381 3327 1549 3382 3330 
176 1510 1509 3220 317 316 1706 1548 3381 1550 3327 1545 3306 326 1759 1744 1551 3383 3334 
177 98 97 637 1643 1642 3228 107 651 1669 683 1664 3264 1668 3277 3384 1670 3279 3385 
178 1643 1642 3228 345 344 1714 1668 3277 1671 3384 1666 3272 354 1728 1760 1672 3281 3386 
179 634 99 636 3225 1644 3227 681 673 3343 662 1674 3263 3378 3356 3317 3379 3359 3318 
180 3225 1644 3227 1711 346 1713 3378 3356 3350 3317 1676 3271 1758 1750 1739 3380 3362 3319 
181 101 100 628 1646 1645 3219 110 684 1684 672 1679 3282 1683 3387 3344 1685 3388 3347 
182 1646 1645 3219 348 347 1705 1683 3387 1686 3344 1681 3287 357 1761 1749 1687 3389 3351 
183 97 635 637 1642 3226 3228 680 683 1664 678 3326 3264 3372 3384 3369 3374 3385 3370 
184 1642 3226 3228 344 1712 1714 3372 3384 1666 3369 3333 3272 1757 1760 1755 3376 3386 3371 
185 101 628 630 1646 3219 3221 684 660 1684 685 3282 3309 3387 3311 3390 3388 3313 3391 
186 1646 3219 3221 348 1705 1707 3387 3311 1686 3390 3287 3314 1761 1737 1762 3389 3316 3392 
187 628 34 630 3219 1504 3221 653 685 3282 664 1517 3309 3284 3390 3320 3286 3391 3322 
188 3219 1504 3221 1705 311 1707 3284 3390 3287 3320 1520 3314 1730 1762 1741 3289 3392 3324 
189 629 95 632 3220 1640 3223 658 686 3301 669 1654 3293 3303 3393 3337 3305 3394 3339 
190 3220 1640 3223 1706 342 1709 3303 3393 3306 3337 1656 3298 1735 1763 1746 3308 3395 3341 
191 40 629 632 1510 3220 3223 682 656 1547 686 3301 3293 3381 3295 3393 3382 3297 3394 
192 1510 3220 3223 317 1706 1709 3381 3295 1550 3393 3306 3298 1759 1733 1763 3383 3300 3395 
193 632 94 633 3223 1639 3224 668 687 3293 647 1649 3229 3338 3396 3260 3340 3397 3261 
194 3223 1639 3224 1709 341 1710 3338 3396 3298 3260 1651 3234 1745 1764 1724 3342 3398 3262 
195 630 33 631 3221 1503 3222 663 688 3309 645 1512 3237 3321 3399 3254 3323 3400 3255 
196 3221 1503 3222 1707 310 1708 3321 3399 3314 3254 1515 3242 1740 1765 1722 3325 3401 3256 
197 41 632 633 1511 3223 3224 657 644 1552 687 3293 3229 3294 3251 3396 3296 3252 3397 
198 1511 3223 3224 318 1709 1710 3294 3251 1555 3396 3298 3234 1734 1721 1764 3299 3253 3398 
199 102 630 631 1647 3221 3222 661 646 1689 688 3309 3237 3310 3257 3399 3312 3258 3400 
200 1647 3221 3222 349 1707 1708 3310 3257 1691 3399 3314 3242 1738 1723 1765 3315 3259 3401 
3 3 13 214
201 698 706 719 3411 3419 3432 730 729 3441 728 3442 3443 3444 3445 3446 3447 3448 3449 
202 3411 3419 3432 1937 1945 1958 3444 3445 3450 3446 3451 3452 1969 1968 1967 3453 3454 3455 
203 706 698 710 3419 3411 3423 730 732 3442 731 3441 3456 3444 3457 3458 3447 3459 3460 
204 3419 3411 3423 1945 1937 1949 3444 3457 3451 3458 3450 3461 1969 1971 1970 3453 3462 3463 
205 59 707 714 1851 3420 3427 735 734 1889 733 3464 3465 3466 3467 3468 3469 3470 3471 
206 1851 3420 3427 405 1946 1953 3466 3467 1892 3468 3472 3473 1974 1973 1972 3474 3475 3476 
207 59 60 707 1851 1852 3420 70 735 1889 736 1894 3464 1895 3466 3477 1896 3469 3478 
208 1851 1852 3420 405 406 1946 1895 3466 1892 3477 1897 3472 416 1974 1975 1898 3474 3479 
209 163 707 722 1819 3420 3435 739 738 1832 737 3464 3480 3481 3482 3483 3484 3485 3486 
210 1819 3420 3435 388 1946 1961 3481 3482 1834 3483 3472 3487 1978 1977 1976 3488 3489 3490 
211 164 163 722 1820 1819 3435 168 740 1837 738 1832 3480 1836 3491 3482 1838 3492 3485 
212 1820 1819 3435 389 388 1961 1836 3491 1839 3482 1834 3487 393 1979 1977 1840 3493 3489 
213 163 162 696 1819 1818 3409 167 742 1832 741 1827 3494 1831 3495 3496 1833 3497 3498 
214 1819 1818 3409 388 387 1935 1831 3495 1834 3496 1829 3499 392 1981 1980 1835 3500 3501 
215 163 696 707 1819 3409 3420 742 739 1832 743 3494 3464 3495 3481 3502 3497 3484 3503 
216 1819 3409 3420 388 1935 1946 3495 3481 1834 3502 3499 3472 1981 1978 1982 3500 3488 3504 
217 161 9 712 1817 363 3425 165 745 1822 744 364 3505 1821 3506 3507 1823 3508 3509 
218 1817 363 3425 386 23 1951 1821 3506 1824 3507 365 3510 390 1984 1983 1825 3511 3512 
219 9 144 712 363 1766 3425 152 744 364 746 1774 3505 1775 3507 3513 1776 3509 3514 
220 363 1766 3425 23 369 1951 1775 3507 365 3513 1777 3510 377 1983 1985 1778 3512 3515 
221 695 706 710 3408 3419 3423 748 747 3516 732 3442 3456 3517 3518 3457 3519 3520 3459 
222 3408 3419 3423 1934 1945 1949 3517 3518 3521 3457 3451 3461 1987 1986 1971 3522 3523 3462 
223 707 696 714 3420 3409 3427 743 733 3464 749 3494 3465 3502 3468 3524 3503 3471 3525 
224 3420 3409 3427 1946 1935 1953 3502 3468 3472 3524 3499 3473 1982 1972 1988 3504 3476 3526 
225 706 704 718 3419 3417 3431 752 751 3442 750 3527 3528 3529 3530 3531 3532 3533 3534 
226 3419 3417 3431 1945 1943 1957 3529 3530 3451 3531 3535 3536 1991 1990 1989 3537 3538 3539 
227 58 59 714 1850 1851 3427 69 753 1884 734 1889 3465 1890 3540 3467 1891 3541 3470 
228 1850 1851 3427 404 405 1953 1890 3540 1887 3467 1892 3473 415 1992 1973 1893 3542 3475 
229 713 58 714 3426 1850 3427 755 754 3543 753 1884 3465 3544 3545 3540 3546 3547 3541 
230 3426 1850 3427 1952 404 1953 3544 3545 3548 3540 1887 3473 1994 1993 1992 3549 3550 3542 
231 705 704 706 3418 3417 3419 757 756 3551 752 3527 3442 3552 3553 3529 3554 3555 3532 
232 3418 3417 3419 1944 1943 1945 3552 3553 3556 3529 3535 3451 1996 1995 1991 3557 3558 3537 
233 707 60 722 3420 1852 3435 736 737 3464 758 1894 3480 3477 3483 3559 3478 3486 3560 
234 3420 1852 3435 1946 406 1961 3477 3483 3472 3559 1897 3487 1975 1976 1997 3479 3490 3561 
235 695 53 705 3408 1845 3418 761 760 3516 759 1859 3551 3562 3563 3564 3565 3566 3567 
236 3408 1845 3418 1934 399 1944 3562 3563 3521 3564 1862 3556 2000 1999 1998 3568 3569 3570 
237 53 54 705 1845 1846 3418 64 759 1859 762 1864 3551 1865 3564 3571 1866 3567 3572 
238 1845 1846 3418 399 400 1944 1865 3564 1862 3571 1867 3556 410 1998 2001 1868 3570 3573 
239 7 164 721 276 1820 3434 169 764 277 763 1837 3574 1841 3575 3576 1842 3577 3578 
240 276 1820 3434 17 389 1960 1841 3575 278 3576 1839 3579 394 2003 2002 1843 3580 3581 
241 695 705 706 3408 3418 3419 760 748 3516 756 3551 3442 3563 3517 3553 3566 3519 3555 
242 3408 3418 3419 1934 1944 1945 3563 3517 3521 3553 3556 3451 1999 1987 1995 3569 3522 3558 
243 693 701 703 3406 3414 3416 767 766 3582 765 3583 3584 3585 3586 3587 3588 3589 3590 
244 3406 3414 3416 1932 1940 1942 3585 3586 3591 3587 3592 3593 2006 2005 2004 3594 3595 3596 
245 693 55 701 3406 1847 3414 769 767 3582 768 1869 3583 3597 3585 3598 3599 3588 3600 
246 3406 1847 3414 1932 401 1940 3597 3585 3591 3598 1872 3592 2008 2006 2007 3601 3594 3602 
247 693 703 704 3406 3416 3417 766 771 3582 770 3584 3527 3586 3603 3604 3589 3605 3606 
248 3406 3416 3417 1932 1942 1943 3586 3603 3591 3604 3593 3535 2005 2010 2009 3595 3607 3608 
249 701 694 702 3414 3407 3415 774 773 3583 772 3609 3610 3611 3612 3613 3614 3615 3616 
250 3414 3407 3415 1940 1933 1941 3611 3612 3592 3613 3617 3618 2013 2012 2011 3619 3620 3621 
251 54 693 705 1846 3406 3418 776 762 1864 775 3582 3551 3622 3571 3623 3624 3572 3625 
252 1846 3406 3418 400 1932 1944 3622 3571 1867 3623 3591 3556 2015 2001 2014 3626 3573 3627 
253 701 702 703 3414 3415 3416 773 765 3583 777 3610 3584 3612 3587 3628 3615 3590 3629 
254 3414 3415 3416 1940 1941 1942 3612 3587 3592 3628 3618 3593 2012 2004 2016 3620 3596 3630 
255 170 171 698 1907 1908 3411 174 779 1910 778 1915 3441 1916 3631 3632 1917 3633 3634 
256 1907 1908 3411 419 420 1937 1916 3631 1913 3632 1918 3450 423 2018 2017 1919 3635 3636 
257 56 694 701 1848 3407 3414 781 780 1874 774 3609 3583 3637 3638 3611 3639 3640 3614 
258 1848 3407 3414 402 1933 1940 3637 3638 1877 3611 3617 3592 2020 2019 2013 3641 3642 3619 
259 56 57 694 1848 1849 3407 67 781 1874 782 1879 3609 1880 3637 3643 1881 3639 3644 
260 1848 1849 3407 402 403 1933 1880 3637 1877 3643 1882 3617 413 2020 2021 1883 3641 3645 
261 54 55 693 1846 1847 3406 65 776 1864 769 1869 3582 1870 3622 3597 1871 3624 3599 
262 1846 1847 3406 400 401 1932 1870 3622 1867 3597 1872 3591 411 2015 2008 1873 3626 3601 
263 723 715 726 3436 3428 3439 785 784 3646 783 3647 3648 3649 3650 3651 3652 3653 3654 
264 3436 3428 3439 1962 1954 1965 3649 3650 3655 3651 3656 3657 2024 2023 2022 3658 3659 3660 
265 706 718 719 3419 3431 3432 751 728 3442 786 3528 3443 3530 3446 3661 3533 3449 3662 
266 3419 3431 3432 1945 1957 1958 3530 3446 3451 3661 3536 3452 1990 1967 2025 3538 3455 3663 
267 55 56 701 1847 1848 3414 66 768 1869 780 1874 3583 1875 3598 3638 1876 3600 3640 
268 1847 1848 3414 401 402 1940 1875 3598 1872 3638 1877 3592 412 2007 2019 1878 3602 3642 
269 52 53 695 1844 1845 3408 63 787 1854 761 1859 3516 1860 3664 3562 1861 3665 3565 
270 1844 1845 3408 398 399 1934 1860 3664 1857 3562 1862 3521 409 2026 2000 1863 3666 3568 
271 693 704 705 3406 3417 3418 771 775 3582 757 3527 3551 3603 3623 3552 3605 3625 3554 
272 3406 3417 3418 1932 1943 1944 3603 3623 3591 3552 3535 3556 2010 2014 1996 3607 3627 3557 
273 61 721 722 1853 3434 3435 790 789 1899 788 3574 3480 3667 3668 3669 3670 3671 3672 
274 1853 3434 3435 407 1960 1961 3667 3668 1902 3669 3579 3487 2029 2028 2027 3673 3674 3675 
275 148 149 708 1770 1771 3421 157 792 1794 791 1799 3676 1800 3677 3678 1801 3679 3680 
276 1770 1771 3421 373 374 1947 1800 3677 1797 3678 1802 3681 382 2031 2030 1803 3682 3683 
277 145 146 691 1767 1768 3404 154 794 1779 793 1784 3684 1785 3685 3686 1786 3687 3688 
278 1767 1768 3404 370 371 1930 1785 3685 1782 3686 1787 3689 379 2033 2032 1788 3690 3691 
279 147 148 690 1769 1770 3403 156 796 1789 795 1794 3692 1795 3693 3694 1796 3695 3696 
280 1769 1770 3403 372 373 1929 1795 3693 1792 3694 1797 3697 381 2035 2034 1798 3698 3699 
281 146 147 709 1768 1769 3422 155 798 1784 797 1789 3700 1790 3701 3702 1791 3703 3704 
282 1768 1769 3422 371 372 1948 1790 3701 1787 3702 1792 3705 380 2037 2036 1793 3706 3707 
283 149 150 689 1771 1772 3402 158 800 1799 799 1804 3708 1805 3709 3710 1806 3711 3712 
284 1771 1772 3402 374 375 1928 1805 3709 1802 3710 1807 3713 383 2039 2038 1808 3714 3715 
285 697 692 699 3410 3405 3412 803 802 3716 801 3717 3718 3719 3720 3721 3722 3723 3724 
286 3410 3405 3412 1936 1931 1938 3719 3720 3725 3721 3726 3727 2042 2041 2040 3728 3729 3730 
287 162 161 692 1818 1817 3405 166 805 1827 804 1822 3717 1826 3731 3732 1828 3733 3734 
288 1818 1817 3405 387 386 1931 1826 3731 1829 3732 1824 3726 391 2044 2043 1830 3735 3736 
289 700 726 727 3413 3439 3440 808 807 3737 806 3648 3738 3739 3740 3741 3742 3743 3744 
290 3413 3439 3440 1939 1965 1966 3739 3740 3745 3741 3657 3746 2047 2046 2045 3747 3748 3749 
291 700 723 726 3413 3436 3439 809 808 3737 784 3646 3648 3750 3739 3650 3751 3742 3653 
292 3413 3436 3439 1939 1962 1965 3750 3739 3745 3650 3655 3657 2048 2047 2023 3752 3747 3659 
293 171 172 710 1908 1909 3423 175 811 1915 810 1920 3456 1921 3753 3754 1922 3755 3756 
294 1908 1909 3423 420 421 1949 1921 3753 1918 3754 1923 3461 424 2050 2049 1924 3757 3758 
295 147 690 709 1769 3403 3422 796 797 1789 812 3692 3700 3693 3702 3759 3695 3704 3760 
296 1769 3403 3422 372 1929 1948 3693 3702 1792 3759 3697 3705 2035 2036 2051 3698 3707 3761 
297 690 148 708 3403 1770 3421 795 813 3692 792 1794 3676 3694 3762 3677 3696 3763 3679 
298 3403 1770 3421 1929 373 1947 3694 3762 3697 3677 1797 3681 2034 2052 2031 3699 3764 3682 
299 149 689 708 1771 3402 3421 800 791 1799 814 3708 3676 3709 3678 3765 3711 3680 3766 
300 1771 3402 3421 374 1928 1947 3709 3678 1802 3765 3713 3681 2039 2030 2053 3714 3683 3767 
301 691 146 709 3404 1768 3422 793 815 3684 798 1784 3700 3686 3768 3701 3688 3769 3703 
302 3404 1768 3422 1930 371 1948 3686 3768 3689 3701 1787 3705 2032 2054 2037 3691 3770 3706 
303 697 699 700 3410 3412 3413 802 817 3716 816 3718 3737 3720 3771 3772 3723 3773 3774 
304 3410 3412 3413 1936 1938 1939 3720 3771 3725 3772 3727 3745 2041 2056 2055 3729 3775 3776 
305 162 692 696 1818 3405 3409 805 741 1827 818 3717 3494 3731 3496 3777 3733 3498 3778 
306 1818 3405 3409 387 1931 1935 3731 3496 1829 3777 3726 3499 2044 1980 2057 3735 3501 3779 
307 60 61 722 1852 1853 3435 71 758 1894 789 1899 3480 1900 3559 3668 1901 3560 3671 
308 1852 1853 3435 406 407 1961 1900 3559 1897 3668 1902 3487 417 1997 2028 1903 3561 3674 
309 698 171 710 3411 1908 3423 778 731 3441 811 1915 3456 3632 3458 3753 3634 3460 3755 
310 3411 1908 3423 1937 420 1949 3632 3458 3450 3753 1918 3461 2017 1970 2050 3636 3463 3757 
311 696 692 697 3409 3405 3410 818 819 3494 803 3717 3716 3777 3780 3719 3778 3781 3722 
312 3409 3405 3410 1935 1931 1936 3777 3780 3499 3719 3726 3725 2057 2058 2042 3779 3782 3728 
313 704 703 717 3417 3416 3430 770 821 3527 820 3584 3783 3604 3784 3785 3606 3786 3787 
314 3417 3416 3430 1943 1942 1956 3604 3784 3535 3785 3593 3788 2009 2060 2059 3608 3789 3790 
315 689 150 711 3402 1772 3424 799 823 3708 822 1804 3791 3710 3792 3793 3712 3794 3795 
316 3402 1772 3424 1928 375 1950 3710 3792 3713 3793 1807 3796 2038 2062 2061 3715 3797 3798 
317 150 151 711 1772 1773 3424 159 822 1804 824 1809 3791 1810 3793 3799 1811 3795 3800 
318 1772 1773 3424 375 376 1950 1810 3793 1807 3799 1812 3796 384 2061 2063 1813 3798 3801 
319 699 692 712 3412 3405 3425 801 826 3718 825 3717 3505 3721 3802 3803 3724 3804 3805 
320 3412 3405 3425 1938 1931 1951 3721 3802 3727 3803 3726 3510 2040 2065 2064 3730 3806 3807 
321 703 702 716 3416 3415 3429 777 828 3584 827 3610 3808 3628 3809 3810 3629 3811 3812 
322 3416 3415 3429 1942 1941 1955 3628 3809 3593 3810 3618 3813 2016 2067 2066 3630 3814 3815 
323 692 161 712 3405 1817 3425 804 825 3717 745 1822 3505 3732 3803 3506 3734 3805 3508 
324 3405 1817 3425 1931 386 1951 3732 3803 3726 3506 1824 3510 2043 2064 1984 3736 3807 3511 
325 144 145 720 1766 1767 3433 153 830 1774 829 1779 3816 1780 3817 3818 1781 3819 3820 
326 1766 1767 3433 369 370 1959 1780 3817 1777 3818 1782 3821 378 2069 2068 1783 3822 3823 
327 697 700 713 3410 3413 3426 817 832 3716 831 3737 3543 3771 3824 3825 3773 3826 3827 
328 3410 3413 3426 1936 1939 1952 3771 3824 3725 3825 3745 3548 2056 2071 2070 3775 3828 3829 
329 57 58 727 1849 1850 3440 68 834 1879 833 1884 3738 1885 3830 3831 1886 3832 3833 
330 1849 1850 3440 403 404 1966 1885 3830 1882 3831 1887 3746 414 2073 2072 1888 3834 3835 
331 713 700 727 3426 3413 3440 831 835 3543 807 3737 3738 3825 3836 3740 3827 3837 3743 
332 3426 3413 3440 1952 1939 1966 3825 3836 3548 3740 3745 3746 2070 2074 2046 3829 3838 3748 
333 172 3 724 1909 395 3437 176 837 1920 836 396 3839 1925 3840 3841 1926 3842 3843 
334 1909 395 3437 421 25 1963 1925 3840 1923 3841 397 3844 425 2076 2075 1927 3845 3846 
335 3 52 724 395 1844 3437 62 836 396 838 1854 3839 1855 3841 3847 1856 3843 3848 
336 395 1844 3437 25 398 1963 1855 3841 397 3847 1857 3844 408 2075 2077 1858 3846 3849 
337 696 697 714 3409 3410 3427 819 749 3494 839 3716 3465 3780 3524 3850 3781 3525 3851 
338 3409 3410 3427 1935 1936 1953 3780 3524 3499 3850 3725 3473 2058 1988 2078 3782 3526 3852 
339 691 709 715 3404 3422 3428 815 841 3684 840 3700 3647 3768 3853 3854 3769 3855 3856 
340 3404 3422 3428 1930 1948 1954 3768 3853 3689 3854 3705 3656 2054 2080 2079 3770 3857 3858 
341 704 717 718 3417 3430 3431 821 750 3527 842 3783 3528 3784 3531 3859 3786 3534 3860 
342 3417 3430 3431 1943 1956 1957 3784 3531 3535 3859 3788 3536 2060 1989 2081 3789 3539 3861 
343 697 713 714 3410 3426 3427 832 839 3716 754 3543 3465 3824 3850 3545 3826 3851 3547 
344 3410 3426 3427 1936 1952 1953 3824 3850 3725 3545 3548 3473 2071 2078 1993 3828 3852 3550 
345 709 690 716 3422 3403 3429 812 844 3700 843 3692 3808 3759 3862 3863 3760 3864 3865 
346 3422 3403 3429 1948 1929 1955 3759 3862 3705 3863 3697 3813 2051 2083 2082 3761 3866 3867 
347 58 713 727 1850 3426 3440 755 833 1884 835 3543 3738 3544 3831 3836 3546 3833 3837 
348 1850 3426 3440 404 1952 1966 3544 3831 1887 3836 3548 3746 1994 2072 2074 3549 3835 3838 
349 10 170 725 366 1907 3438 173 846 367 845 1910 3868 1911 3869 3870 1912 3871 3872 
350 366 1907 3438 24 419 1964 1911 3869 368 3870 1913 3873 422 2085 2084 1914 3874 3875 
351 703 716 717 3416 3429 3430 828 820 3584 847 3808 3783 3809 3785 3876 3811 3787 3877 
352 3416 3429 3430 1942 1955 1956 3809 3785 3593 3876 3813 3788 2067 2059 2086 3814 3790 3878 
353 715 709 716 3428 3422 3429 840 848 3647 844 3700 3808 3854 3879 3862 3856 3880 3864 
354 3428 3422 3429 1954 1948 1955 3854 3879 3656 3862 3705 3813 2079 2087 2083 3858 3881 3866 
355 712 144 720 3425 1766 3433 746 849 3505 830 1774 3816 3513 3882 3817 3514 3883 3819 
356 3425 1766 3433 1951 369 1959 3513 3882 3510 3817 1777 3821 1985 2088 2069 3515 3884 3822 
357 690 708 717 3403 3421 3430 813 851 3692 850 3676 3783 3762 3885 3886 3763 3887 3888 
358 3403 3421 3430 1929 1947 1956 3762 3885 3697 3886 3681 3788 2052 2090 2089 3764 3889 3890 
359 716 690 717 3429 3403 3430 843 847 3808 851 3692 3783 3863 3876 3885 3865 3877 3887 
360 3429 3403 3430 1955 1929 1956 3863 3876 3813 3885 3697 3788 2082 2086 2090 3867 3878 3889 
361 151 10 725 1773 366 3438 160 852 1809 846 367 3868 1814 3891 3869 1815 3892 3871 
362 1773 366 3438 376 24 1964 1814 3891 1812 3869 368 3873 385 2091 2085 1816 3893 3874 
363 702 715 716 3415 3428 3429 853 827 3610 848 3647 3808 3894 3810 3879 3895 3812 3880 
364 3415 3428 3429 1941 1954 1955 3894 3810 3618 3879 3656 3813 2092 2066 2087 3896 3815 3881 
365 717 708 718 3430 3421 3431 850 842 3783 854 3676 3528 3886 3859 3897 3888 3860 3898 
366 3430 3421 3431 1956 1947 1957 3886 3859 3788 3897 3681 3536 2089 2081 2093 3890 3861 3899 
367 711 698 719 3424 3411 3432 856 855 3791 729 3441 3443 3900 3901 3445 3902 3903 3448 
368 3424 3411 3432 1950 1937 1958 3900 3901 3796 3445 3450 3452 2095 2094 1968 3904 3905 3454 
369 708 689 718 3421 3402 3431 814 854 3676 857 3708 3528 3765 3897 3906 3766 3898 3907 
370 3421 3402 3431 1947 1928 1957 3765 3897 3681 3906 3713 3536 2053 2093 2096 3767 3899 3908 
371 718 689 719 3431 3402 3432 857 786 3528 858 3708 3443 3906 3661 3909 3907 3662 3910 
372 3431 3402 3432 1957 1928 1958 3906 3661 3536 3909 3713 3452 2096 2025 2097 3908 3663 3911 
373 699 712 720 3412 3425 3433 826 859 3718 849 3505 3816 3802 3912 3882 3804 3913 3883 
374 3412 3425 3433 1938 1951 1959 3802 3912 3727 3882 3510 3821 2065 2098 2088 3806 3914 3884 
375 699 720 723 3412 3433 3436 859 861 3718 860 3816 3646 3912 3915 3916 3913 3917 3918 
376 3412 3433 3436 1938 1959 1962 3912 3915 3727 3916 3821 3655 2098 2100 2099 3914 3919 3920 
377 145 691 720 1767 3404 3433 794 829 1779 862 3684 3816 3685 3818 3921 3687 3820 3922 
378 1767 3404 3433 370 1930 1959 3685 3818 1782 3921 3689 3821 2033 2068 2101 3690 3823 3923 
379 700 699 723 3413 3412 3436 816 809 3737 861 3718 3646 3772 3750 3915 3774 3751 3917 
380 3413 3412 3436 1939 1938 1962 3772 3750 3745 3915 3727 3655 2055 2048 2100 3776 3752 3919 
381 689 711 719 3402 3424 3432 823 858 3708 855 3791 3443 3792 3909 3901 3794 3910 3903 
382 3402 3424 3432 1928 1950 1958 3792 3909 3713 3901 3796 3452 2062 2097 2094 3797 3911 3905 
383 170 698 725 1907 3411 3438 779 845 1910 863 3441 3868 3631 3870 3924 3633 3872 3925 
384 1907 3411 3438 419 1937 1964 3631 3870 1913 3924 3450 3873 2018 2084 2102 3635 3875 3926 
385 715 702 726 3428 3415 3439 853 783 3647 864 3610 3648 3894 3651 3927 3895 3654 3928 
386 3428 3415 3439 1954 1941 1965 3894 3651 3656 3927 3618 3657 2092 2022 2103 3896 3660 3929 
387 710 172 724 3423 1909 3437 810 865 3456 837 1920 3839 3754 3930 3840 3756 3931 3842 
388 3423 1909 3437 1949 421 1963 3754 3930 3461 3840 1923 3844 2049 2104 2076 3758 3932 3845 
389 135 7 721 1560 276 3434 136 866 1561 764 277 3574 1562 3933 3575 1563 3934 3577 
390 1560 276 3434 329 17 1960 1562 3933 1564 3575 278 3579 330 2105 2003 1565 3935 3580 
391 720 691 723 3433 3404 3436 862 860 3816 867 3684 3646 3921 3916 3936 3922 3918 3937 
392 3433 3404 3436 1959 1930 1962 3921 3916 3821 3936 3689 3655 2101 2099 2106 3923 3920 3938 
393 726 694 727 3439 3407 3440 869 806 3648 868 3609 3738 3939 3741 3940 3941 3744 3942 
394 3439 3407 3440 1965 1933 1966 3939 3741 3657 3940 3617 3746 2108 2045 2107 3943 3749 3944 
395 702 694 726 3415 3407 3439 772 864 3610 869 3609 3648 3613 3927 3939 3616 3928 3941 
396 3415 3407 3439 1941 1933 1965 3613 3927 3618 3939 3617 3657 2011 2103 2108 3621 3929 3943 
397 52 695 724 1844 3408 3437 787 838 1854 870 3516 3839 3664 3847 3945 3665 3848 3946 
398 1844 3408 3437 398 1934 1963 3664 3847 1857 3945 3521 3844 2026 2077 2109 3666 3849 3947 
399 694 57 727 3407 1849 3440 782 868 3609 834 1879 3738 3643 3940 3830 3644 3942 3832 
400 3407 1849 3440 1933 403 1966 3643 3940 3617 3830 1882 3746 2021 2107 2073 3645 3944 3834 
401 695 710 724 3408 3423 3437 747 870 3516 865 3456 3839 3518 3945 3930 3520 3946 3931 
402 3408 3423 3437 1934 1949 1963 3518 3945 3521 3930 3461 3844 1986 2109 2104 3523 3947 3932 
403 698 711 725 3411 3424 3438 856 863 3441 871 3791 3868 3900 3924 3948 3902 3925 3949 
404 3411 3424 3438 1937 1950 1964 3900 3924 3450 3948 3796 3873 2095 2102 2110 3904 3926 3950 
405 691 715 723 3404 3428 3436 841 867 3684 785 3647 3646 3853 3936 3649 3855 3937 3652 
406 3404 3428 3436 1930 1954 1962 3853 3936 3689 3649 3656 3655 2080 2106 2024 3857 3938 3658 
407 711 151 725 3424 1773 3438 824 871 3791 852 1809 3868 3799 3948 3891 3800 3949 3892 
408 3424 1773 3438 1950 376 1964 3799 3948 3796 3891 1812 3873 2063 2110 2091 3801 3950 3893 
409 721 164 722 3434 1820 3435 763 788 3574 740 1837 3480 3576 3669 3491 3578 3672 3492 
410 3434 1820 3435 1960 389 1961 3576 3669 3579 3491 1839 3487 2002 2027 1979 3581 3675 3493 
411 61 1 135 1853 307 1560 72 872 1899 137 308 1561 1904 3951 1566 1905 3952 1567 
412 1853 307 1560 407 20 329 1904 3951 1902 1566 309 1564 418 2111 331 1906 3953 1568 
413 61 135 721 1853 1560 3434 872 790 1899 866 1561 3574 3951 3667 3933 3952 3670 3934 
414 1853 1560 3434 407 329 1960 3951 3667 1902 3933 1564 3579 2111 2029 2105 3953 3673 3935 
3 4 13 218
415 884 878 885 3965 3959 3966 915 914 3994 913 3995 3996 3997 3998 3999 4000 4001 4002 
416 3965 3959 3966 2222 2216 2223 3997 3998 4003 3999 4004 4005 2253 2252 2251 4006 4007 4008 
417 192 892 906 2145 3973 3987 918 917 2177 916 4009 4010 4011 4012 4013 4014 4015 4016 
418 2145 3973 3987 447 2230 2244 4011 4012 2180 4013 4017 4018 2256 2255 2254 4019 4020 4021 
419 885 878 886 3966 3959 3967 913 920 3996 919 3995 4022 3999 4023 4024 4002 4025 4026 
420 3966 3959 3967 2223 2216 2224 3999 4023 4005 4024 4004 4027 2251 2258 2257 4008 4028 4029 
421 192 193 892 2145 2146 3973 201 918 2177 921 2182 4009 2183 4011 4030 2184 4014 4031 
422 2145 2146 3973 447 448 2230 2183 4011 2180 4030 2185 4017 456 2256 2259 2186 4019 4032 
423 61 895 904 1853 3976 3985 924 923 1899 922 4033 4034 4035 4036 4037 4038 4039 4040 
424 1853 3976 3985 407 2233 2242 4035 4036 1902 4037 4041 4042 2262 2261 2260 4043 4044 4045 
425 895 177 904 3976 2112 3985 926 922 4033 925 2117 4034 4046 4037 4047 4048 4040 4049 
426 3976 2112 3985 2233 429 2242 4046 4037 4041 4047 2119 4042 2264 2260 2263 4050 4045 4051 
427 875 192 906 3956 2145 3987 928 927 4052 917 2177 4010 4053 4054 4012 4055 4056 4015 
428 3956 2145 3987 2213 447 2244 4053 4054 4057 4012 2180 4018 2266 2265 2255 4058 4059 4020 
429 876 880 881 3957 3961 3962 931 930 4060 929 4061 4062 4063 4064 4065 4066 4067 4068 
430 3957 3961 3962 2214 2218 2219 4063 4064 4069 4065 4070 4071 2269 2268 2267 4072 4073 4074 
431 878 884 908 3959 3965 3989 915 933 3995 932 3994 4075 3997 4076 4077 4000 4078 4079 
432 3959 3965 3989 2216 2222 2246 3997 4076 4004 4077 4003 4080 2253 2271 2270 4006 4081 4082 
433 876 179 880 3957 2114 3961 935 931 4060 934 2127 4061 4083 4063 4084 4085 4066 4086 
434 3957 2114 3961 2214 431 2218 4083 4063 4069 4084 2129 4070 2273 2269 2272 4087 4072 4088 
435 885 875 906 3966 3956 3987 937 936 3996 927 4052 4010 4089 4090 4054 4091 4092 4056 
436 3966 3956 3987 2223 2213 2244 4089 4090 4005 4054 4057 4018 2275 2274 2265 4093 4094 4059 
437 875 885 903 3956 3966 3984 937 939 4052 938 3996 4095 4089 4096 4097 4091 4098 4099 
438 3956 3966 3984 2213 2223 2241 4089 4096 4057 4097 4005 4100 2275 2277 2276 4093 4101 4102 
439 880 178 895 3961 2113 3976 942 941 4061 940 2122 4033 4103 4104 4105 4106 4107 4108 
440 3961 2113 3976 2218 430 2233 4103 4104 4070 4105 2124 4041 2280 2279 2278 4109 4110 4111 
441 180 876 910 2115 3957 3991 945 944 2132 943 4060 4112 4113 4114 4115 4116 4117 4118 
442 2115 3957 3991 432 2214 2248 4113 4114 2134 4115 4069 4119 2283 2282 2281 4120 4121 4122 
443 876 892 910 3957 3973 3991 947 943 4060 946 4009 4112 4123 4115 4124 4125 4118 4126 
444 3957 3973 3991 2214 2230 2248 4123 4115 4069 4124 4017 4119 2285 2281 2284 4127 4122 4128 
445 56 55 887 1848 1847 3968 66 949 1874 948 1869 4129 1875 4130 4131 1876 4132 4133 
446 1848 1847 3968 402 401 2225 1875 4130 1877 4131 1872 4134 412 2287 2286 1878 4135 4136 
447 888 877 889 3969 3958 3970 952 951 4137 950 4138 4139 4140 4141 4142 4143 4144 4145 
448 3969 3958 3970 2226 2215 2227 4140 4141 4146 4142 4147 4148 2290 2289 2288 4149 4150 4151 
449 886 878 887 3967 3959 3968 919 954 4022 953 3995 4129 4024 4152 4153 4026 4154 4155 
450 3967 3959 3968 2224 2216 2225 4024 4152 4027 4153 4004 4134 2257 2292 2291 4029 4156 4157 
451 887 877 888 3968 3958 3969 956 955 4129 952 4138 4137 4158 4159 4140 4160 4161 4143 
452 3968 3958 3969 2225 2215 2226 4158 4159 4134 4140 4147 4146 2294 2293 2290 4162 4163 4149 
453 55 877 887 1847 3958 3968 957 948 1869 956 4138 4129 4164 4131 4158 4165 4133 4160 
454 1847 3958 3968 401 2215 2225 4164 4131 1872 4158 4147 4134 2295 2286 2294 4166 4136 4162 
455 890 879 891 3971 3960 3972 960 959 4167 958 4168 4169 4170 4171 4172 4173 4174 4175 
456 3971 3960 3972 2228 2217 2229 4170 4171 4176 4172 4177 4178 2298 2297 2296 4179 4180 4181 
457 53 879 890 1845 3960 3971 962 961 1859 960 4168 4167 4182 4183 4170 4184 4185 4173 
458 1845 3960 3971 399 2217 2228 4182 4183 1862 4170 4177 4176 2300 2299 2298 4186 4187 4179 
459 878 56 887 3959 1848 3968 963 953 3995 949 1874 4129 4188 4153 4130 4189 4155 4132 
460 3959 1848 3968 2216 402 2225 4188 4153 4004 4130 1877 4134 2301 2291 2287 4190 4157 4135 
461 177 5 904 2112 338 3985 181 925 2117 964 339 4034 2116 4047 4191 2118 4049 4192 
462 2112 338 3985 429 22 2242 2116 4047 2119 4191 340 4042 433 2263 2302 2120 4051 4193 
463 54 53 890 1846 1845 3971 64 965 1864 961 1859 4167 1865 4194 4183 1866 4195 4185 
464 1846 1845 3971 400 399 2228 1865 4194 1867 4183 1862 4176 410 2303 2299 1868 4196 4187 
465 61 60 895 1853 1852 3976 71 924 1899 966 1894 4033 1900 4035 4197 1901 4038 4198 
466 1853 1852 3976 407 406 2233 1900 4035 1902 4197 1897 4041 417 2262 2304 1903 4043 4199 
467 880 895 911 3961 3976 3992 941 968 4061 967 4033 4200 4104 4201 4202 4107 4203 4204 
468 3961 3976 3992 2218 2233 2249 4104 4201 4070 4202 4041 4205 2279 2306 2305 4110 4206 4207 
469 876 881 883 3957 3962 3964 930 970 4060 969 4062 4208 4064 4209 4210 4067 4211 4212 
470 3957 3962 3964 2214 2219 2221 4064 4209 4069 4210 4071 4213 2268 2308 2307 4073 4214 4215 
471 891 879 912 3972 3960 3993 958 972 4169 971 4168 4216 4172 4217 4218 4175 4219 4220 
472 3972 3960 3993 2229 2217 2250 4172 4217 4178 4218 4177 4221 2296 2310 2309 4181 4222 4223 
473 886 887 888 3967 3968 3969 954 973 4022 955 4129 4137 4152 4224 4159 4154 4225 4161 
474 3967 3968 3969 2224 2225 2226 4152 4224 4027 4159 4134 4146 2292 2311 2293 4156 4226 4163 
475 877 54 890 3958 1846 3971 975 974 4138 965 1864 4167 4227 4228 4194 4229 4230 4195 
476 3958 1846 3971 2215 400 2228 4227 4228 4147 4194 1867 4176 2313 2312 2303 4231 4232 4196 
477 204 205 882 2191 2192 3963 208 977 2198 976 2203 4233 2204 4234 4235 2205 4236 4237 
478 2191 2192 3963 459 460 2220 2204 4234 2201 4235 2206 4238 463 2315 2314 2207 4239 4240 
479 876 883 892 3957 3964 3973 970 947 4060 978 4208 4009 4209 4123 4241 4211 4125 4242 
480 3957 3964 3973 2214 2221 2230 4209 4123 4069 4241 4213 4017 2308 2285 2316 4214 4127 4243 
481 55 54 877 1847 1846 3958 65 957 1869 975 1864 4138 1870 4164 4227 1871 4165 4229 
482 1847 1846 3958 401 400 2215 1870 4164 1872 4227 1867 4147 411 2295 2313 1873 4166 4231 
483 57 56 878 1849 1848 3959 67 979 1879 963 1874 3995 1880 4244 4188 1881 4245 4189 
484 1849 1848 3959 403 402 2216 1880 4244 1882 4188 1877 4004 413 2317 2301 1883 4246 4190 
485 889 877 890 3970 3958 3971 950 980 4139 974 4138 4167 4142 4247 4228 4145 4248 4230 
486 3970 3958 3971 2227 2215 2228 4142 4247 4148 4228 4147 4176 2288 2318 2312 4151 4249 4232 
487 59 58 905 1851 1850 3986 69 982 1889 981 1884 4250 1890 4251 4252 1891 4253 4254 
488 1851 1850 3986 405 404 2243 1890 4251 1892 4252 1887 4255 415 2320 2319 1893 4256 4257 
489 53 52 879 1845 1844 3960 63 962 1859 983 1854 4168 1860 4182 4258 1861 4184 4259 
490 1845 1844 3960 399 398 2217 1860 4182 1862 4258 1857 4177 409 2300 2321 1863 4186 4260 
491 889 890 891 3970 3971 3972 980 984 4139 959 4167 4169 4247 4261 4171 4248 4262 4174 
492 3970 3971 3972 2227 2228 2229 4247 4261 4148 4171 4176 4178 2318 2322 2297 4249 4263 4180 
493 189 190 874 2142 2143 3955 198 986 2162 985 2167 4264 2168 4265 4266 2169 4267 4268 
494 2142 2143 3955 444 445 2212 2168 4265 2165 4266 2170 4269 453 2324 2323 2171 4270 4271 
495 187 188 873 2140 2141 3954 196 988 2152 987 2157 4272 2158 4273 4274 2159 4275 4276 
496 2140 2141 3954 442 443 2211 2158 4273 2155 4274 2160 4277 451 2326 2325 2161 4278 4279 
497 190 191 893 2143 2144 3974 199 990 2167 989 2172 4280 2173 4281 4282 2174 4283 4284 
498 2143 2144 3974 445 446 2231 2173 4281 2170 4282 2175 4285 454 2328 2327 2176 4286 4287 
499 191 192 875 2144 2145 3956 200 991 2172 928 2177 4052 2178 4288 4053 2179 4289 4055 
500 2144 2145 3956 446 447 2213 2178 4288 2175 4053 2180 4057 455 2329 2266 2181 4290 4058 
501 188 189 894 2141 2142 3975 197 993 2157 992 2162 4291 2163 4292 4293 2164 4294 4295 
502 2141 2142 3975 443 444 2232 2163 4292 2160 4293 2165 4296 452 2331 2330 2166 4297 4298 
503 883 884 885 3964 3965 3966 995 994 4208 914 3994 3996 4299 4300 3998 4301 4302 4001 
504 3964 3965 3966 2221 2222 2223 4299 4300 4213 3998 4003 4005 2333 2332 2252 4303 4304 4007 
505 901 59 905 3982 1851 3986 997 996 4305 982 1889 4250 4306 4307 4251 4308 4309 4253 
506 3982 1851 3986 2239 405 2243 4306 4307 4310 4251 1892 4255 2335 2334 2320 4311 4312 4256 
507 180 179 876 2115 2114 3957 184 945 2132 935 2127 4060 2131 4113 4083 2133 4116 4085 
508 2115 2114 3957 432 431 2214 2131 4113 2134 4083 2129 4069 436 2283 2273 2135 4120 4087 
509 883 881 884 3964 3962 3965 969 995 4208 998 4062 3994 4210 4299 4313 4212 4301 4314 
510 3964 3962 3965 2221 2219 2222 4210 4299 4213 4313 4071 4003 2307 2333 2336 4215 4303 4315 
511 888 889 900 3969 3970 3981 951 1000 4137 999 4139 4316 4141 4317 4318 4144 4319 4320 
512 3969 3970 3981 2226 2227 2238 4141 4317 4146 4318 4148 4321 2289 2338 2337 4150 4322 4323 
513 889 891 899 3970 3972 3980 984 1002 4139 1001 4169 4324 4261 4325 4326 4262 4327 4328 
514 3970 3972 3980 2227 2229 2237 4261 4325 4148 4326 4178 4329 2322 2340 2339 4263 4330 4331 
515 203 204 896 2190 2191 3977 207 1004 2193 1003 2198 4332 2199 4333 4334 2200 4335 4336 
516 2190 2191 3977 458 459 2234 2199 4333 2196 4334 2201 4337 462 2342 2341 2202 4338 4339 
517 189 874 894 2142 3955 3975 986 992 2162 1005 4264 4291 4265 4293 4340 4267 4295 4341 
518 2142 3955 3975 444 2212 2232 4265 4293 2165 4340 4269 4296 2324 2330 2343 4270 4298 4342 
519 874 190 893 3955 2143 3974 985 1006 4264 990 2167 4280 4266 4343 4281 4268 4344 4283 
520 3955 2143 3974 2212 445 2231 4266 4343 4269 4281 2170 4285 2323 2344 2328 4271 4345 4286 
521 873 188 894 3954 2141 3975 987 1007 4272 993 2157 4291 4274 4346 4292 4276 4347 4294 
522 3954 2141 3975 2211 443 2232 4274 4346 4277 4292 2160 4296 2325 2345 2331 4279 4348 4297 
523 191 875 893 2144 3956 3974 991 989 2172 1008 4052 4280 4288 4282 4349 4289 4284 4350 
524 2144 3956 3974 446 2213 2231 4288 4282 2175 4349 4057 4285 2329 2327 2346 4290 4287 4351 
525 879 896 912 3960 3977 3993 1010 971 4168 1009 4332 4216 4352 4218 4353 4354 4220 4355 
526 3960 3977 3993 2217 2234 2250 4352 4218 4177 4353 4337 4221 2348 2309 2347 4356 4223 4357 
527 179 178 880 2114 2113 3961 183 934 2127 942 2122 4061 2126 4084 4103 2128 4086 4106 
528 2114 2113 3961 431 430 2218 2126 4084 2129 4103 2124 4070 435 2272 2280 2130 4088 4109 
529 204 882 896 2191 3963 3977 977 1003 2198 1011 4233 4332 4234 4334 4358 4236 4336 4359 
530 2191 3963 3977 459 2220 2234 4234 4334 2201 4358 4238 4337 2315 2341 2349 4239 4339 4360 
531 178 177 895 2113 2112 3976 182 940 2122 926 2117 4033 2121 4105 4046 2123 4108 4048 
532 2113 2112 3976 430 429 2233 2121 4105 2124 4046 2119 4041 434 2278 2264 2125 4111 4050 
533 187 873 897 2140 3954 3978 988 1013 2152 1012 4272 4361 4273 4362 4363 4275 4364 4365 
534 2140 3954 3978 442 2211 2235 4273 4362 2155 4363 4277 4366 2326 2351 2350 4278 4367 4368 
535 186 187 897 2139 2140 3978 195 1014 2147 1013 2152 4361 2153 4369 4362 2154 4370 4364 
536 2139 2140 3978 441 442 2235 2153 4369 2150 4362 2155 4366 450 2352 2351 2156 4371 4367 
537 899 891 902 3980 3972 3983 1001 1016 4324 1015 4169 4372 4326 4373 4374 4328 4375 4376 
538 3980 3972 3983 2237 2229 2240 4326 4373 4329 4374 4178 4377 2339 2354 2353 4331 4378 4379 
539 885 886 903 3966 3967 3984 920 938 3996 1017 4022 4095 4023 4097 4380 4025 4099 4381 
540 3966 3967 3984 2223 2224 2241 4023 4097 4005 4380 4027 4100 2258 2276 2355 4028 4102 4382 
541 889 899 900 3970 3980 3981 1002 999 4139 1018 4324 4316 4325 4318 4383 4327 4320 4384 
542 3970 3980 3981 2227 2237 2238 4325 4318 4148 4383 4329 4321 2340 2337 2356 4330 4323 4385 
543 3 203 907 395 2190 3988 206 1020 396 1019 2193 4386 2194 4387 4388 2195 4389 4390 
544 395 2190 3988 25 458 2245 2194 4387 397 4388 2196 4391 461 2358 2357 2197 4392 4393 
545 52 3 907 1844 395 3988 62 1021 1854 1020 396 4386 1855 4394 4387 1856 4395 4389 
546 1844 395 3988 398 25 2245 1855 4394 1857 4387 397 4391 408 2359 2358 1858 4396 4392 
547 886 888 898 3967 3969 3979 973 1023 4022 1022 4137 4397 4224 4398 4399 4225 4400 4401 
548 3967 3969 3979 2224 2226 2236 4224 4398 4027 4399 4146 4402 2311 2361 2360 4226 4403 4404 
549 57 878 908 1849 3959 3989 979 1024 1879 933 3995 4075 4244 4405 4076 4245 4406 4078 
550 1849 3959 3989 403 2216 2246 4244 4405 1882 4076 4004 4080 2317 2362 2271 4246 4407 4081 
551 205 12 909 2192 438 3990 209 1026 2203 1025 439 4408 2208 4409 4410 2209 4411 4412 
552 2192 438 3990 460 27 2247 2208 4409 2206 4410 440 4413 464 2364 2363 2210 4414 4415 
553 883 885 906 3964 3966 3987 994 1027 4208 936 3996 4010 4300 4416 4090 4302 4417 4092 
554 3964 3966 3987 2221 2223 2244 4300 4416 4213 4090 4005 4018 2332 2365 2274 4304 4418 4094 
555 881 880 901 3962 3961 3982 929 1029 4062 1028 4061 4305 4065 4419 4420 4068 4421 4422 
556 3962 3961 3982 2219 2218 2239 4065 4419 4071 4420 4070 4310 2267 2367 2366 4074 4423 4424 
557 12 186 909 438 2139 3990 194 1025 439 1030 2147 4408 2148 4410 4425 2149 4412 4426 
558 438 2139 3990 27 441 2247 2148 4410 440 4425 2150 4413 449 2363 2368 2151 4415 4427 
559 893 875 903 3974 3956 3984 1008 1031 4280 939 4052 4095 4349 4428 4096 4350 4429 4098 
560 3974 3956 3984 2231 2213 2241 4349 4428 4285 4096 4057 4100 2346 2369 2277 4351 4430 4101 
561 898 888 900 3979 3969 3981 1022 1032 4397 1000 4137 4316 4399 4431 4317 4401 4432 4319 
562 3979 3969 3981 2236 2226 2238 4399 4431 4402 4317 4146 4321 2360 2370 2338 4404 4433 4322 
563 60 59 911 1852 1851 3992 70 1034 1894 1033 1889 4200 1895 4434 4435 1896 4436 4437 
564 1852 1851 3992 406 405 2249 1895 4434 1897 4435 1892 4205 416 2372 2371 1898 4438 4439 
565 882 897 902 3963 3978 3983 1037 1036 4233 1035 4361 4372 4440 4441 4442 4443 4444 4445 
566 3963 3978 3983 2220 2235 2240 4440 4441 4238 4442 4366 4377 2375 2374 2373 4446 4447 4448 
567 874 893 898 3955 3974 3979 1006 1039 4264 1038 4280 4397 4343 4449 4450 4344 4451 4452 
568 3955 3974 3979 2212 2231 2236 4343 4449 4269 4450 4285 4402 2344 2377 2376 4345 4453 4454 
569 873 894 899 3954 3975 3980 1007 1041 4272 1040 4291 4324 4346 4455 4456 4347 4457 4458 
570 3954 3975 3980 2211 2232 2237 4346 4455 4277 4456 4296 4329 2345 2379 2378 4348 4459 4460 
571 894 874 900 3975 3955 3981 1005 1043 4291 1042 4264 4316 4340 4461 4462 4341 4463 4464 
572 3975 3955 3981 2232 2212 2238 4340 4461 4296 4462 4269 4321 2343 2381 2380 4342 4465 4466 
573 874 898 900 3955 3979 3981 1039 1042 4264 1032 4397 4316 4449 4462 4431 4451 4464 4432 
574 3955 3979 3981 2212 2236 2238 4449 4462 4269 4431 4402 4321 2377 2380 2370 4453 4466 4433 
575 873 899 902 3954 3980 3983 1041 1044 4272 1016 4324 4372 4455 4467 4373 4457 4468 4375 
576 3954 3980 3983 2211 2237 2240 4455 4467 4277 4373 4329 4377 2379 2382 2354 4459 4469 4378 
577 899 894 900 3980 3975 3981 1040 1018 4324 1043 4291 4316 4456 4383 4461 4458 4384 4463 
578 3980 3975 3981 2237 2232 2238 4456 4383 4329 4461 4296 4321 2378 2356 2381 4460 4385 4465 
579 897 873 902 3978 3954 3983 1012 1035 4361 1044 4272 4372 4363 4442 4467 4365 4445 4468 
580 3978 3954 3983 2235 2211 2240 4363 4442 4366 4467 4277 4377 2350 2373 2382 4368 4448 4469 
581 882 205 909 3963 2192 3990 976 1045 4233 1026 2203 4408 4235 4470 4409 4237 4471 4411 
582 3963 2192 3990 2220 460 2247 4235 4470 4238 4409 2206 4413 2314 2383 2364 4240 4472 4414 
583 884 881 905 3965 3962 3986 998 1047 3994 1046 4062 4250 4313 4473 4474 4314 4475 4476 
584 3965 3962 3986 2222 2219 2243 4313 4473 4003 4474 4071 4255 2336 2385 2384 4315 4477 4478 
585 203 896 907 2190 3977 3988 1004 1019 2193 1048 4332 4386 4333 4388 4479 4335 4390 4480 
586 2190 3977 3988 458 2234 2245 4333 4388 2196 4479 4337 4391 2342 2357 2386 4338 4393 4481 
587 5 141 904 338 1696 3985 143 964 339 1049 1697 4034 1702 4191 4482 1703 4192 4483 
588 338 1696 3985 22 360 2242 1702 4191 340 4482 1700 4042 362 2302 2387 1704 4193 4484 
589 193 11 910 2146 426 3991 202 1051 2182 1050 427 4112 2187 4485 4486 2188 4487 4488 
590 2146 426 3991 448 26 2248 2187 4485 2185 4486 428 4119 457 2389 2388 2189 4489 4490 
591 59 901 911 1851 3982 3992 997 1033 1889 1052 4305 4200 4306 4435 4491 4308 4437 4492 
592 1851 3982 3992 405 2239 2249 4306 4435 1892 4491 4310 4205 2335 2371 2390 4311 4439 4493 
593 892 193 910 3973 2146 3991 921 946 4009 1051 2182 4112 4030 4124 4485 4031 4126 4487 
594 3973 2146 3991 2230 448 2248 4030 4124 4017 4485 2185 4119 2259 2284 2389 4032 4128 4489 
595 58 57 908 1850 1849 3989 68 1053 1884 1024 1879 4075 1885 4494 4405 1886 4495 4406 
596 1850 1849 3989 404 403 2246 1885 4494 1887 4405 1882 4080 414 2391 2362 1888 4496 4407 
597 879 52 907 3960 1844 3988 983 1054 4168 1021 1854 4386 4258 4497 4394 4259 4498 4395 
598 3960 1844 3988 2217 398 2245 4258 4497 4177 4394 1857 4391 2321 2392 2359 4260 4499 4396 
599 892 883 906 3973 3964 3987 978 916 4009 1027 4208 4010 4241 4013 4416 4242 4016 4417 
600 3973 3964 3987 2230 2221 2244 4241 4013 4017 4416 4213 4018 2316 2254 2365 4243 4021 4418 
601 898 893 903 3979 3974 3984 1038 1055 4397 1031 4280 4095 4450 4500 4428 4452 4501 4429 
602 3979 3974 3984 2236 2231 2241 4450 4500 4402 4428 4285 4100 2376 2393 2369 4454 4502 4430 
603 11 180 910 426 2115 3991 185 1050 427 944 2132 4112 2136 4486 4114 2137 4488 4117 
604 426 2115 3991 26 432 2248 2136 4486 428 4114 2134 4119 437 2388 2282 2138 4490 4121 
605 896 879 907 3977 3960 3988 1010 1048 4332 1054 4168 4386 4352 4479 4497 4354 4480 4498 
606 3977 3960 3988 2234 2217 2245 4352 4479 4337 4497 4177 4391 2348 2386 2392 4356 4481 4499 
607 897 882 909 3978 3963 3990 1037 1056 4361 1045 4233 4408 4440 4503 4470 4443 4504 4471 
608 3978 3963 3990 2235 2220 2247 4440 4503 4366 4470 4238 4413 2375 2394 2383 4446 4505 4472 
609 901 880 911 3982 3961 3992 1028 1052 4305 968 4061 4200 4420 4491 4201 4422 4492 4203 
610 3982 3961 3992 2239 2218 2249 4420 4491 4310 4201 4070 4205 2366 2390 2306 4424 4493 4206 
611 881 901 905 3962 3982 3986 1029 1046 4062 996 4305 4250 4419 4474 4307 4421 4476 4309 
612 3962 3982 3986 2219 2239 2243 4419 4474 4071 4307 4310 4255 2367 2384 2334 4423 4478 4312 
613 886 898 903 3967 3979 3984 1023 1017 4022 1055 4397 4095 4398 4380 4500 4400 4381 4501 
614 3967 3979 3984 2224 2236 2241 4398 4380 4027 4500 4402 4100 2361 2355 2393 4403 4382 4502 
615 895 60 911 3976 1852 3992 966 967 4033 1034 1894 4200 4197 4202 4434 4198 4204 4436 
616 3976 1852 3992 2233 406 2249 4197 4202 4041 4434 1897 4205 2304 2305 2372 4199 4207 4438 
617 882 902 912 3963 3983 3993 1036 1058 4233 1057 4372 4216 4441 4506 4507 4444 4508 4509 
618 3963 3983 3993 2220 2240 2250 4441 4506 4238 4507 4377 4221 2374 2396 2395 4447 4510 4511 
619 896 882 912 3977 3963 3993 1011 1009 4332 1058 4233 4216 4358 4353 4506 4359 4355 4508 
620 3977 3963 3993 2234 2220 2250 4358 4353 4337 4506 4238 4221 2349 2347 2396 4360 4357 4510 
621 186 897 909 2139 3978 3990 1014 1030 2147 1056 4361 4408 4369 4425 4503 4370 4426 4504 
622 2139 3978 3990 441 2235 2247 4369 4425 2150 4503 4366 4413 2352 2368 2394 4371 4427 4505 
623 905 58 908 3986 1850 3989 981 1059 4250 1053 1884 4075 4252 4512 4494 4254 4513 4495 
624 3986 1850 3989 2243 404 2246 4252 4512 4255 4494 1887 4080 2319 2397 2391 4257 4514 4496 
625 884 905 908 3965 3986 3989 1047 932 3994 1059 4250 4075 4473 4077 4512 4475 4079 4513 
626 3965 3986 3989 2222 2243 2246 4473 4077 4003 4512 4255 4080 2385 2270 2397 4477 4082 4514 
627 902 891 912 3983 3972 3993 1015 1057 4372 972 4169 4216 4374 4507 4217 4376 4509 4219 
628 3983 3972 3993 2240 2229 2250 4374 4507 4377 4217 4178 4221 2353 2395 2310 4379 4511 4222 
629 141 1 61 1696 307 1853 142 1060 1697 72 308 1899 1698 4515 1904 1699 4516 1905 
630 1696 307 1853 360 20 407 1698 4515 1700 1904 309 1902 361 2398 418 1701 4517 1906 
631 141 61 904 1696 1853 3985 1060 1049 1697 923 1899 4034 4515 4482 4036 4516 4483 4039 
632 1696 1853 3985 360 407 2242 4515 4482 1700 4036 1902 4042 2398 2387 2261 4517 4484 4044 
3 5 13 218
633 1071 1066 1072 4528 4523 4529 1103 1102 4558 1101 4559 4560 4561 4562 4563 4564 4565 4566 
634 4528 4523 4529 2571 2566 2572 4561 4562 4567 4563 4568 4569 2603 2602 2601 4570 4571 4572 
635 225 1079 1094 2432 4536 4551 1106 1105 2464 1104 4573 4574 4575 4576 4577 4578 4579 4580 
636 2432 4536 4551 486 2579 2594 4575 4576 2467 4577 4581 4582 2606 2605 2604 4583 4584 4585 
637 1072 1066 1073 4529 4523 4530 1101 1108 4560 1107 4559 4586 4563 4587 4588 4566 4589 4590 
638 4529 4523 4530 2572 2566 2573 4563 4587 4569 4588 4568 4591 2601 2608 2607 4572 4592 4593 
639 225 226 1079 2432 2433 4536 234 1106 2464 1109 2469 4573 2470 4575 4594 2471 4578 4595 
640 2432 2433 4536 486 487 2579 2470 4575 2467 4594 2472 4581 495 2606 2609 2473 4583 4596 
641 73 1083 1092 2498 4540 4549 1112 1111 2508 1110 4597 4598 4599 4600 4601 4602 4603 4604 
642 2498 4540 4549 507 2583 2592 4599 4600 2511 4601 4605 4606 2612 2611 2610 4607 4608 4609 
643 1083 210 1092 4540 2399 4549 1114 1110 4597 1113 2404 4598 4610 4601 4611 4612 4604 4613 
644 4540 2399 4549 2583 468 2592 4610 4601 4605 4611 2406 4606 2614 2610 2613 4614 4609 4615 
645 1063 225 1094 4520 2432 4551 1116 1115 4616 1105 2464 4574 4617 4618 4576 4619 4620 4579 
646 4520 2432 4551 2563 486 2594 4617 4618 4621 4576 2467 4582 2616 2615 2605 4622 4623 4584 
647 1064 1068 1069 4521 4525 4526 1119 1118 4624 1117 4625 4626 4627 4628 4629 4630 4631 4632 
648 4521 4525 4526 2564 2568 2569 4627 4628 4633 4629 4634 4635 2619 2618 2617 4636 4637 4638 
649 1066 1071 1096 4523 4528 4553 1103 1121 4559 1120 4558 4639 4561 4640 4641 4564 4642 4643 
650 4523 4528 4553 2566 2571 2596 4561 4640 4568 4641 4567 4644 2603 2621 2620 4570 4645 4646 
651 1064 212 1068 4521 2401 4525 1123 1119 4624 1122 2414 4625 4647 4627 4648 4649 4630 4650 
652 4521 2401 4525 2564 470 2568 4647 4627 4633 4648 2416 4634 2623 2619 2622 4651 4636 4652 
653 1072 1063 1094 4529 4520 4551 1125 1124 4560 1115 4616 4574 4653 4654 4618 4655 4656 4620 
654 4529 4520 4551 2572 2563 2594 4653 4654 4569 4618 4621 4582 2625 2624 2615 4657 4658 4623 
655 1063 1072 1091 4520 4529 4548 1125 1127 4616 1126 4560 4659 4653 4660 4661 4655 4662 4663 
656 4520 4529 4548 2563 2572 2591 4653 4660 4621 4661 4569 4664 2625 2627 2626 4657 4665 4666 
657 1068 211 1083 4525 2400 4540 1130 1129 4625 1128 2409 4597 4667 4668 4669 4670 4671 4672 
658 4525 2400 4540 2568 469 2583 4667 4668 4634 4669 2411 4605 2630 2629 2628 4673 4674 4675 
659 213 1064 1098 2402 4521 4555 1133 1132 2419 1131 4624 4676 4677 4678 4679 4680 4681 4682 
660 2402 4521 4555 471 2564 2598 4677 4678 2421 4679 4633 4683 2633 2632 2631 4684 4685 4686 
661 1064 1079 1098 4521 4536 4555 1135 1131 4624 1134 4573 4676 4687 4679 4688 4689 4682 4690 
662 4521 4536 4555 2564 2579 2598 4687 4679 4633 4688 4581 4683 2635 2631 2634 4691 4686 4692 
663 78 79 1074 2503 2504 4531 89 1137 2533 1136 2538 4693 2539 4694 4695 2540 4696 4697 
664 2503 2504 4531 512 513 2574 2539 4694 2536 4695 2541 4698 523 2637 2636 2542 4699 4700 
665 1075 1065 1076 4532 4522 4533 1140 1139 4701 1138 4702 4703 4704 4705 4706 4707 4708 4709 
666 4532 4522 4533 2575 2565 2576 4704 4705 4710 4706 4711 4712 2640 2639 2638 4713 4714 4715 
667 1073 1066 1074 4530 4523 4531 1107 1142 4586 1141 4559 4693 4588 4716 4717 4590 4718 4719 
668 4530 4523 4531 2573 2566 2574 4588 4716 4591 4717 4568 4698 2607 2642 2641 4593 4720 4721 
669 1074 1065 1075 4531 4522 4532 1144 1143 4693 1140 4702 4701 4722 4723 4704 4724 4725 4707 
670 4531 4522 4532 2574 2565 2575 4722 4723 4698 4704 4711 4710 2644 2643 2640 4726 4727 4713 
671 79 1065 1074 2504 4522 4531 1145 1136 2538 1144 4702 4693 4728 4695 4722 4729 4697 4724 
672 2504 4522 4531 513 2565 2574 4728 4695 2541 4722 4711 4698 2645 2636 2644 4730 4700 4726 
673 80 81 1077 2505 2506 4534 91 1147 2543 1146 2548 4731 2549 4732 4733 2550 4734 4735 
674 2505 2506 4534 514 515 2577 2549 4732 2546 4733 2551 4736 525 2647 2646 2552 4737 4738 
675 1066 78 1074 4523 2503 4531 1148 1141 4559 1137 2533 4693 4739 4717 4694 4740 4719 4696 
676 4523 2503 4531 2566 512 2574 4739 4717 4568 4694 2536 4698 2648 2641 2637 4741 4721 4699 
677 210 8 1092 2399 279 4549 214 1113 2404 1149 280 4598 2403 4611 4742 2405 4613 4743 
678 2399 279 4549 468 18 2592 2403 4611 2406 4742 281 4606 472 2613 2649 2407 4615 4744 
679 73 74 1083 2498 2499 4540 84 1112 2508 1150 2513 4597 2514 4599 4745 2515 4602 4746 
680 2498 2499 4540 507 508 2583 2514 4599 2511 4745 2516 4605 518 2612 2650 2517 4607 4747 
681 1068 1083 1099 4525 4540 4556 1129 1152 4625 1151 4597 4748 4668 4749 4750 4671 4751 4752 
682 4525 4540 4556 2568 2583 2599 4668 4749 4634 4750 4605 4753 2629 2652 2651 4674 4754 4755 
683 1078 1084 1100 4535 4541 4557 1155 1154 4756 1153 4757 4758 4759 4760 4761 4762 4763 4764 
684 4535 4541 4557 2578 2584 2600 4759 4760 4765 4761 4766 4767 2655 2654 2653 4768 4769 4770 
685 1064 1069 1070 4521 4526 4527 1118 1157 4624 1156 4626 4771 4628 4772 4773 4631 4774 4775 
686 4521 4526 4527 2564 2569 2570 4628 4772 4633 4773 4635 4776 2618 2657 2656 4637 4777 4778 
687 1073 1074 1075 4530 4531 4532 1142 1158 4586 1143 4693 4701 4716 4779 4723 4718 4780 4725 
688 4530 4531 4532 2573 2574 2575 4716 4779 4591 4723 4698 4710 2642 2658 2643 4720 4781 4727 
689 1065 80 1077 4522 2505 4534 1160 1159 4702 1147 2543 4731 4782 4783 4732 4784 4785 4734 
690 4522 2505 4534 2565 514 2577 4782 4783 4711 4732 2546 4736 2660 2659 2647 4786 4787 4737 
691 1067 237 1080 4524 2478 4537 1163 1162 4788 1161 2485 4789 4790 4791 4792 4793 4794 4795 
692 4524 2478 4537 2567 501 2580 4790 4791 4796 4792 2488 4797 2663 2662 2661 4798 4799 4800 
693 1076 1065 1077 4533 4522 4534 1138 1164 4703 1159 4702 4731 4706 4801 4783 4709 4802 4785 
694 4533 4522 4534 2576 2565 2577 4706 4801 4712 4783 4711 4736 2638 2664 2659 4715 4803 4787 
695 1064 1070 1079 4521 4527 4536 1157 1135 4624 1165 4771 4573 4772 4687 4804 4774 4689 4805 
696 4521 4527 4536 2564 2570 2579 4772 4687 4633 4804 4776 4581 2657 2635 2665 4777 4691 4806 
697 237 238 1080 2478 2479 4537 241 1161 2485 1166 2490 4789 2491 4792 4807 2492 4795 4808 
698 2478 2479 4537 501 502 2580 2491 4792 2488 4807 2493 4797 505 2661 2666 2494 4800 4809 
699 79 80 1065 2504 2505 4522 90 1145 2538 1160 2543 4702 2544 4728 4782 2545 4729 4784 
700 2504 2505 4522 513 514 2565 2544 4728 2541 4782 2546 4711 524 2645 2660 2547 4730 4786 
701 77 78 1066 2502 2503 4523 88 1167 2528 1148 2533 4559 2534 4810 4739 2535 4811 4740 
702 2502 2503 4523 511 512 2566 2534 4810 2531 4739 2536 4568 522 2667 2648 2537 4812 4741 
703 1078 1077 1084 4535 4534 4541 1169 1155 4756 1168 4731 4757 4813 4759 4814 4815 4762 4816 
704 4535 4534 4541 2578 2577 2584 4813 4759 4765 4814 4736 4766 2669 2655 2668 4817 4768 4818 
705 75 76 1093 2500 2501 4550 86 1171 2518 1170 2523 4819 2524 4820 4821 2525 4822 4823 
706 2500 2501 4550 509 510 2593 2524 4820 2521 4821 2526 4824 520 2671 2670 2527 4825 4826 
707 236 237 1067 2477 2478 4524 240 1172 2480 1163 2485 4788 2486 4827 4790 2487 4828 4793 
708 2477 2478 4524 500 501 2567 2486 4827 2483 4790 2488 4796 504 2672 2663 2489 4829 4798 
709 1076 1077 1078 4533 4534 4535 1164 1173 4703 1169 4731 4756 4801 4830 4813 4802 4831 4815 
710 4533 4534 4535 2576 2577 2578 4801 4830 4712 4813 4736 4765 2664 2673 2669 4803 4832 4817 
711 1084 1067 1100 4541 4524 4557 1175 1153 4757 1174 4788 4758 4833 4761 4834 4835 4764 4836 
712 4541 4524 4557 2584 2567 2600 4833 4761 4766 4834 4796 4767 2675 2653 2674 4837 4770 4838 
713 1077 81 1084 4534 2506 4541 1146 1168 4731 1176 2548 4757 4733 4814 4839 4735 4816 4840 
714 4534 2506 4541 2577 515 2584 4733 4814 4736 4839 2551 4766 2646 2668 2676 4738 4818 4841 
715 81 82 1084 2506 2507 4541 92 1176 2548 1177 2553 4757 2554 4839 4842 2555 4840 4843 
716 2506 2507 4541 515 516 2584 2554 4839 2551 4842 2556 4766 526 2676 2677 2557 4841 4844 
717 220 221 1061 2427 2428 4518 229 1179 2439 1178 2444 4845 2445 4846 4847 2446 4848 4849 
718 2427 2428 4518 481 482 2561 2445 4846 2442 4847 2447 4850 490 2679 2678 2448 4851 4852 
719 222 223 1062 2429 2430 4519 231 1181 2449 1180 2454 4853 2455 4854 4855 2456 4856 4857 
720 2429 2430 4519 483 484 2562 2455 4854 2452 4855 2457 4858 492 2681 2680 2458 4859 4860 
721 223 224 1082 2430 2431 4539 232 1183 2454 1182 2459 4861 2460 4862 4863 2461 4864 4865 
722 2430 2431 4539 484 485 2582 2460 4862 2457 4863 2462 4866 493 2683 2682 2463 4867 4868 
723 224 225 1063 2431 2432 4520 233 1184 2459 1116 2464 4616 2465 4869 4617 2466 4870 4619 
724 2431 2432 4520 485 486 2563 2465 4869 2462 4617 2467 4621 494 2684 2616 2468 4871 4622 
725 221 222 1081 2428 2429 4538 230 1186 2444 1185 2449 4872 2450 4873 4874 2451 4875 4876 
726 2428 2429 4538 482 483 2581 2450 4873 2447 4874 2452 4877 491 2686 2685 2453 4878 4879 
727 1070 1071 1072 4527 4528 4529 1188 1187 4771 1102 4558 4560 4880 4881 4562 4882 4883 4565 
728 4527 4528 4529 2570 2571 2572 4880 4881 4776 4562 4567 4569 2688 2687 2602 4884 4885 4571 
729 1089 75 1093 4546 2500 4550 1190 1189 4886 1171 2518 4819 4887 4888 4820 4889 4890 4822 
730 4546 2500 4550 2589 509 2593 4887 4888 4891 4820 2521 4824 2690 2689 2671 4892 4893 4825 
731 213 212 1064 2402 2401 4521 217 1133 2419 1123 2414 4624 2418 4677 4647 2420 4680 4649 
732 2402 2401 4521 471 470 2564 2418 4677 2421 4647 2416 4633 475 2633 2623 2422 4684 4651 
733 1070 1069 1071 4527 4526 4528 1156 1188 4771 1191 4626 4558 4773 4880 4894 4775 4882 4895 
734 4527 4526 4528 2570 2569 2571 4773 4880 4776 4894 4635 4567 2656 2688 2691 4778 4884 4896 
735 1075 1076 1088 4532 4533 4545 1139 1193 4701 1192 4703 4897 4705 4898 4899 4708 4900 4901 
736 4532 4533 4545 2575 2576 2588 4705 4898 4710 4899 4712 4902 2639 2693 2692 4714 4903 4904 
737 222 1062 1081 2429 4519 4538 1181 1185 2449 1194 4853 4872 4854 4874 4905 4856 4876 4906 
738 2429 4519 4538 483 2562 2581 4854 4874 2452 4905 4858 4877 2681 2685 2694 4859 4879 4907 
739 1061 221 1081 4518 2428 4538 1178 1195 4845 1186 2444 4872 4847 4908 4873 4849 4909 4875 
740 4518 2428 4538 2561 482 2581 4847 4908 4850 4873 2447 4877 2678 2695 2686 4852 4910 4878 
741 1062 223 1082 4519 2430 4539 1180 1196 4853 1183 2454 4861 4855 4911 4862 4857 4912 4864 
742 4519 2430 4539 2562 484 2582 4855 4911 4858 4862 2457 4866 2680 2696 2683 4860 4913 4867 
743 224 1063 1082 2431 4520 4539 1184 1182 2459 1197 4616 4861 4869 4863 4914 4870 4865 4915 
744 2431 4520 4539 485 2563 2582 4869 4863 2462 4914 4621 4866 2684 2682 2697 4871 4868 4916 
745 1076 1078 1087 4533 4535 4544 1173 1199 4703 1198 4756 4917 4830 4918 4919 4831 4920 4921 
746 4533 4535 4544 2576 2578 2587 4830 4918 4712 4919 4765 4922 2673 2699 2698 4832 4923 4924 
747 212 211 1068 2401 2400 4525 216 1122 2414 1130 2409 4625 2413 4648 4667 2415 4650 4670 
748 2401 2400 4525 470 469 2568 2413 4648 2416 4667 2411 4634 474 2622 2630 2417 4652 4673 
749 211 210 1083 2400 2399 4540 215 1128 2409 1114 2404 4597 2408 4669 4610 2410 4672 4612 
750 2400 2399 4540 469 468 2583 2408 4669 2411 4610 2406 4605 473 2628 2614 2412 4675 4614 
751 220 1061 1085 2427 4518 4542 1179 1201 2439 1200 4845 4925 4846 4926 4927 4848 4928 4929 
752 2427 4518 4542 481 2561 2585 4846 4926 2442 4927 4850 4930 2679 2701 2700 4851 4931 4932 
753 219 220 1085 2426 2427 4542 228 1202 2434 1201 2439 4925 2440 4933 4926 2441 4934 4928 
754 2426 2427 4542 480 481 2585 2440 4933 2437 4926 2442 4930 489 2702 2701 2443 4935 4931 
755 1087 1078 1090 4544 4535 4547 1198 1204 4917 1203 4756 4936 4919 4937 4938 4921 4939 4940 
756 4544 4535 4547 2587 2578 2590 4919 4937 4922 4938 4765 4941 2698 2704 2703 4924 4942 4943 
757 1072 1073 1091 4529 4530 4548 1108 1126 4560 1205 4586 4659 4587 4661 4944 4589 4663 4945 
758 4529 4530 4548 2572 2573 2591 4587 4661 4569 4944 4591 4664 2608 2626 2705 4592 4666 4946 
759 1076 1087 1088 4533 4544 4545 1199 1192 4703 1206 4917 4897 4918 4899 4947 4920 4901 4948 
760 4533 4544 4545 2576 2587 2588 4918 4899 4712 4947 4922 4902 2699 2692 2706 4923 4904 4949 
761 82 4 1095 2507 497 4552 93 1208 2553 1207 498 4950 2558 4951 4952 2559 4953 4954 
762 2507 497 4552 516 30 2595 2558 4951 2556 4952 499 4955 527 2708 2707 2560 4956 4957 
763 4 236 1095 497 2477 4552 239 1207 498 1209 2480 4950 2481 4952 4958 2482 4954 4959 
764 497 2477 4552 30 500 2595 2481 4952 499 4958 2483 4955 503 2707 2709 2484 4957 4960 
765 1073 1075 1086 4530 4532 4543 1158 1211 4586 1210 4701 4961 4779 4962 4963 4780 4964 4965 
766 4530 4532 4543 2573 2575 2586 4779 4962 4591 4963 4710 4966 2658 2711 2710 4781 4967 4968 
767 77 1066 1096 2502 4523 4553 1167 1212 2528 1121 4559 4639 4810 4969 4640 4811 4970 4642 
768 2502 4523 4553 511 2566 2596 4810 4969 2531 4640 4568 4644 2667 2712 2621 4812 4971 4645 
769 238 14 1097 2479 477 4554 242 1214 2490 1213 478 4972 2495 4973 4974 2496 4975 4976 
770 2479 477 4554 502 29 2597 2495 4973 2493 4974 479 4977 506 2714 2713 2497 4978 4979 
771 1070 1072 1094 4527 4529 4551 1187 1215 4771 1124 4560 4574 4881 4980 4654 4883 4981 4656 
772 4527 4529 4551 2570 2572 2594 4881 4980 4776 4654 4569 4582 2687 2715 2624 4885 4982 4658 
773 1069 1068 1089 4526 4525 4546 1117 1217 4626 1216 4625 4886 4629 4983 4984 4632 4985 4986 
774 4526 4525 4546 2569 2568 2589 4629 4983 4635 4984 4634 4891 2617 2717 2716 4638 4987 4988 
775 14 219 1097 477 2426 4554 227 1213 478 1218 2434 4972 2435 4974 4989 2436 4976 4990 
776 477 2426 4554 29 480 2597 2435 4974 479 4989 2437 4977 488 2713 2718 2438 4979 4991 
777 1082 1063 1091 4539 4520 4548 1197 1219 4861 1127 4616 4659 4914 4992 4660 4915 4993 4662 
778 4539 4520 4548 2582 2563 2591 4914 4992 4866 4660 4621 4664 2697 2719 2627 4916 4994 4665 
779 1086 1075 1088 4543 4532 4545 1210 1220 4961 1193 4701 4897 4963 4995 4898 4965 4996 4900 
780 4543 4532 4545 2586 2575 2588 4963 4995 4966 4898 4710 4902 2710 2720 2693 4968 4997 4903 
781 74 75 1099 2499 2500 4556 85 1222 2513 1221 2518 4748 2519 4998 4999 2520 5000 5001 
782 2499 2500 4556 508 509 2599 2519 4998 2516 4999 2521 4753 519 2722 2721 2522 5002 5003 
783 1062 1082 1086 4519 4539 4543 1196 1224 4853 1223 4861 4961 4911 5004 5005 4912 5006 5007 
784 4519 4539 4543 2562 2582 2586 4911 5004 4858 5005 4866 4966 2696 2724 2723 4913 5008 5009 
785 1080 1085 1090 4537 4542 4547 1227 1226 4789 1225 4925 4936 5010 5011 5012 5013 5014 5015 
786 4537 4542 4547 2580 2585 2590 5010 5011 4797 5012 4930 4941 2727 2726 2725 5016 5017 5018 
787 1061 1081 1087 4518 4538 4544 1195 1229 4845 1228 4872 4917 4908 5019 5020 4909 5021 5022 
788 4518 4538 4544 2561 2581 2587 4908 5019 4850 5020 4877 4922 2695 2729 2728 4910 5023 5024 
789 1081 1062 1088 4538 4519 4545 1194 1231 4872 1230 4853 4897 4905 5025 5026 4906 5027 5028 
790 4538 4519 4545 2581 2562 2588 4905 5025 4877 5026 4858 4902 2694 2731 2730 4907 5029 5030 
791 1062 1086 1088 4519 4543 4545 1224 1230 4853 1220 4961 4897 5004 5026 4995 5006 5028 4996 
792 4519 4543 4545 2562 2586 2588 5004 5026 4858 4995 4966 4902 2724 2730 2720 5008 5030 4997 
793 1061 1087 1090 4518 4544 4547 1229 1232 4845 1204 4917 4936 5019 5031 4937 5021 5032 4939 
794 4518 4544 4547 2561 2587 2590 5019 5031 4850 4937 4922 4941 2729 2732 2704 5023 5033 4942 
795 1087 1081 1088 4544 4538 4545 1228 1206 4917 1231 4872 4897 5020 4947 5025 5022 4948 5027 
796 4544 4538 4545 2587 2581 2588 5020 4947 4922 5025 4877 4902 2728 2706 2731 5024 4949 5029 
797 1084 82 1095 4541 2507 4552 1177 1233 4757 1208 2553 4950 4842 5034 4951 4843 5035 4953 
798 4541 2507 4552 2584 516 2595 4842 5034 4766 4951 2556 4955 2677 2733 2708 4844 5036 4956 
799 1085 1061 1090 4542 4518 4547 1200 1225 4925 1232 4845 4936 4927 5012 5031 4929 5015 5032 
800 4542 4518 4547 2585 2561 2590 4927 5012 4930 5031 4850 4941 2700 2725 2732 4932 5018 5033 
801 1080 238 1097 4537 2479 4554 1166 1234 4789 1214 2490 4972 4807 5037 4973 4808 5038 4975 
802 4537 2479 4554 2580 502 2597 4807 5037 4797 4973 2493 4977 2666 2734 2714 4809 5039 4978 
803 1071 1069 1093 4528 4526 4550 1191 1236 4558 1235 4626 4819 4894 5040 5041 4895 5042 5043 
804 4528 4526 4550 2571 2569 2593 4894 5040 4567 5041 4635 4824 2691 2736 2735 4896 5044 5045 
805 8 132 1092 279 1494 4549 134 1149 280 1237 1495 4598 1500 4742 5046 1501 4743 5047 
806 279 1494 4549 18 304 2592 1500 4742 281 5046 1498 4606 306 2649 2737 1502 4744 5048 
807 226 13 1098 2433 465 4555 235 1239 2469 1238 466 4676 2474 5049 5050 2475 5051 5052 
808 2433 465 4555 487 28 2598 2474 5049 2472 5050 467 4683 496 2739 2738 2476 5053 5054 
809 75 1089 1099 2500 4546 4556 1190 1221 2518 1240 4886 4748 4887 4999 5055 4889 5001 5056 
810 2500 4546 4556 509 2589 2599 4887 4999 2521 5055 4891 4753 2690 2721 2740 4892 5003 5057 
811 1079 226 1098 4536 2433 4555 1109 1134 4573 1239 2469 4676 4594 4688 5049 4595 4690 5051 
812 4536 2433 4555 2579 487 2598 4594 4688 4581 5049 2472 4683 2609 2634 2739 4596 4692 5053 
813 76 77 1096 2501 2502 4553 87 1241 2523 1212 2528 4639 2529 5058 4969 2530 5059 4970 
814 2501 2502 4553 510 511 2596 2529 5058 2526 4969 2531 4644 521 2741 2712 2532 5060 4971 
815 236 1067 1095 2477 4524 4552 1172 1209 2480 1242 4788 4950 4827 4958 5061 4828 4959 5062 
816 2477 4524 4552 500 2567 2595 4827 4958 2483 5061 4796 4955 2672 2709 2742 4829 4960 5063 
817 1067 1080 1100 4524 4537 4557 1162 1174 4788 1243 4789 4758 4791 4834 5064 4794 4836 5065 
818 4524 4537 4557 2567 2580 2600 4791 4834 4796 5064 4797 4767 2662 2674 2743 4799 4838 5066 
819 1079 1070 1094 4536 4527 4551 1165 1104 4573 1215 4771 4574 4804 4577 4980 4805 4580 4981 
820 4536 4527 4551 2579 2570 2594 4804 4577 4581 4980 4776 4582 2665 2604 2715 4806 4585 4982 
821 1067 1084 1095 4524 4541 4552 1175 1242 4788 1233 4757 4950 4833 5061 5034 4835 5062 5035 
822 4524 4541 4552 2567 2584 2595 4833 5061 4796 5034 4766 4955 2675 2742 2733 4837 5063 5036 
823 1086 1082 1091 4543 4539 4548 1223 1244 4961 1219 4861 4659 5005 5067 4992 5007 5068 4993 
824 4543 4539 4548 2586 2582 2591 5005 5067 4966 4992 4866 4664 2723 2744 2719 5009 5069 4994 
825 13 213 1098 465 2402 4555 218 1238 466 1132 2419 4676 2423 5050 4678 2424 5052 4681 
826 465 2402 4555 28 471 2598 2423 5050 467 4678 2421 4683 476 2738 2632 2425 5054 4685 
827 1085 1080 1097 4542 4537 4554 1227 1245 4925 1234 4789 4972 5010 5070 5037 5013 5071 5038 
828 4542 4537 4554 2585 2580 2597 5010 5070 4930 5037 4797 4977 2727 2745 2734 5016 5072 5039 
829 1089 1068 1099 4546 4525 4556 1216 1240 4886 1152 4625 4748 4984 5055 4749 4986 5056 4751 
830 4546 4525 4556 2589 2568 2599 4984 5055 4891 4749 4634 4753 2716 2740 2652 4988 5057 4754 
831 1069 1089 1093 4526 4546 4550 1217 1235 4626 1189 4886 4819 4983 5041 4888 4985 5043 4890 
832 4526 4546 4550 2569 2589 2593 4983 5041 4635 4888 4891 4824 2717 2735 2689 4987 5045 4893 
833 1073 1086 1091 4530 4543 4548 1211 1205 4586 1244 4961 4659 4962 4944 5067 4964 4945 5068 
834 4530 4543 4548 2573 2586 2591 4962 4944 4591 5067 4966 4664 2711 2705 2744 4967 4946 5069 
835 1083 74 1099 4540 2499 4556 1150 1151 4597 1222 2513 4748 4745 4750 4998 4746 4752 5000 
836 4540 2499 4556 2583 508 2599 4745 4750 4605 4998 2516 4753 2650 2651 2722 4747 4755 5002 
837 1080 1090 1100 4537 4547 4557 1226 1243 4789 1246 4936 4758 5011 5064 5073 5014 5065 5074 
838 4537 4547 4557 2580 2590 2600 5011 5064 4797 5073 4941 4767 2726 2743 2746 5017 5066 5075 
839 219 1085 1097 2426 4542 4554 1202 1218 2434 1245 4925 4972 4933 4989 5070 4934 4990 5071 
840 2426 4542 4554 480 2585 2597 4933 4989 2437 5070 4930 4977 2702 2718 2745 4935 4991 5072 
841 1093 76 1096 4550 2501 4553 1170 1247 4819 1241 2523 4639 4821 5076 5058 4823 5077 5059 
842 4550 2501 4553 2593 510 2596 4821 5076 4824 5058 2526 4644 2670 2747 2741 4826 5078 5060 
843 1071 1093 1096 4528 4550 4553 1236 1120 4558 1247 4819 4639 5040 4641 5076 5042 4643 5077 
844 4528 4550 4553 2571 2593 2596 5040 4641 4567 5076 4824 4644 2736 2620 2747 5044 4646 5078 
845 1090 1078 1100 4547 4535 4557 1203 1246 4936 1154 4756 4758 4938 5073 4760 4940 5074 4763 
846 4547 4535 4557 2590 2578 2600 4938 5073 4941 4760 4765 4767 2703 2746 2654 4943 5075 4769 
847 73 132 2 2498 1494 301 1248 83 2508 133 1495 302 5079 2509 1496 5080 2510 1497 
848 2498 1494 301 507 304 19 5079 2509 2511 1496 1498 303 2748 517 305 5081 2512 1499 
849 132 73 1092 1494 2498 4549 1248 1237 1495 1111 2508 4598 5079 5046 4600 5080 5047 4603 
850 1494 2498 4549 304 507 2592 5079 5046 1498 4600 2511 4606 2748 2737 2611 5081 5048 4608 
3 6 13 218
851 75 1267 1274 2500 5100 5107 1291 1290 2518 1289 5122 5123 5124 5125 5126 5127 5128 5129 
852 2500 5100 5107 509 2866 2873 5124 5125 2521 5126 5130 5131 2890 2889 2888 5132 5133 5134 
853 75 74 1267 2500 2499 5100 85 1291 2518 1292 2513 5122 2519 5124 5135 2520 5127 5136 
854 2500 2499 5100 509 508 2866 2519 5124 2521 5135 2516 5130 519 2890 2891 2522 5132 5137 
855 269 1267 1282 2823 5100 5115 1295 1294 2836 1293 5122 5138 5139 5140 5141 5142 5143 5144 
856 2823 5100 5115 560 2866 2881 5139 5140 2838 5141 5130 5145 2894 2893 2892 5146 5147 5148 
857 270 269 1282 2824 2823 5115 274 1296 2841 1294 2836 5138 2840 5149 5140 2842 5150 5143 
858 2824 2823 5115 561 560 2881 2840 5149 2843 5140 2838 5145 565 2895 2893 2844 5151 5147 
859 269 268 1256 2823 2822 5089 273 1298 2836 1297 2831 5152 2835 5153 5154 2837 5155 5156 
860 2823 2822 5089 560 559 2855 2835 5153 2838 5154 2833 5157 564 2897 2896 2839 5158 5159 
861 269 1256 1267 2823 5089 5100 1298 1295 2836 1299 5152 5122 5153 5139 5160 5155 5142 5161 
862 2823 5089 5100 560 2855 2866 5153 5139 2838 5160 5157 5130 2897 2894 2898 5158 5146 5162 
863 267 16 1271 2821 538 5104 271 1301 2826 1300 539 5163 2825 5164 5165 2827 5166 5167 
864 2821 538 5104 558 32 2870 2825 5164 2828 5165 540 5168 562 2900 2899 2829 5169 5170 
865 16 250 1271 538 2770 5104 258 1300 539 1302 2778 5163 2779 5165 5171 2780 5167 5172 
866 538 2770 5104 32 541 2870 2779 5165 540 5171 2781 5168 549 2899 2901 2782 5170 5173 
867 1267 1256 1274 5100 5089 5107 1299 1289 5122 1303 5152 5123 5160 5126 5174 5161 5129 5175 
868 5100 5089 5107 2866 2855 2873 5160 5126 5130 5174 5157 5131 2898 2888 2902 5162 5134 5176 
869 76 75 1274 2501 2500 5107 86 1304 2523 1290 2518 5123 2524 5177 5125 2525 5178 5128 
870 2501 2500 5107 510 509 2873 2524 5177 2526 5125 2521 5131 520 2903 2889 2527 5179 5133 
871 1273 76 1274 5106 2501 5107 1306 1305 5180 1304 2523 5123 5181 5182 5177 5183 5184 5178 
872 5106 2501 5107 2872 510 2873 5181 5182 5185 5177 2526 5131 2905 2904 2903 5186 5187 5179 
873 1267 74 1282 5100 2499 5115 1292 1293 5122 1307 2513 5138 5135 5141 5188 5136 5144 5189 
874 5100 2499 5115 2866 508 2881 5135 5141 5130 5188 2516 5145 2891 2892 2906 5137 5148 5190 
875 81 80 1264 2506 2505 5097 91 1309 2548 1308 2543 5191 2549 5192 5193 2550 5194 5195 
876 2506 2505 5097 515 514 2863 2549 5192 2551 5193 2546 5196 525 2908 2907 2552 5197 5198 
877 6 270 1281 332 2824 5114 275 1311 333 1310 2841 5199 2845 5200 5201 2846 5202 5203 
878 332 2824 5114 21 561 2880 2845 5200 334 5201 2843 5204 566 2910 2909 2847 5205 5206 
879 1270 1265 1287 5103 5098 5120 1314 1313 5207 1312 5208 5209 5210 5211 5212 5213 5214 5215 
880 5103 5098 5120 2869 2864 2886 5210 5211 5216 5212 5217 5218 2913 2912 2911 5219 5220 5221 
881 1253 1260 1262 5086 5093 5095 1317 1316 5222 1315 5223 5224 5225 5226 5227 5228 5229 5230 
882 5086 5093 5095 2852 2859 2861 5225 5226 5231 5227 5232 5233 2916 2915 2914 5234 5235 5236 
883 1253 79 1260 5086 2504 5093 1319 1317 5222 1318 2538 5223 5237 5225 5238 5239 5228 5240 
884 5086 2504 5093 2852 513 2859 5237 5225 5231 5238 2541 5232 2918 2916 2917 5241 5234 5242 
885 1253 1262 1263 5086 5095 5096 1316 1321 5222 1320 5224 5243 5226 5244 5245 5229 5246 5247 
886 5086 5095 5096 2852 2861 2862 5226 5244 5231 5245 5233 5248 2915 2920 2919 5235 5249 5250 
887 80 1253 1264 2505 5086 5097 1323 1308 2543 1322 5222 5191 5251 5193 5252 5253 5195 5254 
888 2505 5086 5097 514 2852 2863 5251 5193 2546 5252 5231 5196 2922 2907 2921 5255 5198 5256 
889 1260 1254 1261 5093 5087 5094 1326 1325 5223 1324 5257 5258 5259 5260 5261 5262 5263 5264 
890 5093 5087 5094 2859 2853 2860 5259 5260 5232 5261 5265 5266 2925 2924 2923 5267 5268 5269 
891 1264 1265 1270 5097 5098 5103 1328 1327 5191 1314 5208 5207 5270 5271 5210 5272 5273 5213 
892 5097 5098 5103 2863 2864 2869 5270 5271 5196 5210 5217 5216 2927 2926 2913 5274 5275 5219 
893 1260 1261 1262 5093 5094 5095 1325 1315 5223 1329 5258 5224 5260 5227 5276 5263 5230 5277 
894 5093 5094 5095 2859 2860 2861 5260 5227 5232 5276 5266 5233 2924 2914 2928 5268 5236 5278 
895 78 1254 1260 2503 5087 5093 1331 1330 2533 1326 5257 5223 5279 5280 5259 5281 5282 5262 
896 2503 5087 5093 512 2853 2859 5279 5280 2536 5259 5265 5232 2930 2929 2925 5283 5284 5267 
897 244 1255 1266 2750 5088 5099 1334 1333 2757 1332 5285 5286 5287 5288 5289 5290 5291 5292 
898 2750 5088 5099 532 2854 2865 5287 5288 2760 5289 5293 5294 2933 2932 2931 5295 5296 5297 
899 80 79 1253 2505 2504 5086 90 1323 2543 1319 2538 5222 2544 5251 5237 2545 5253 5239 
900 2505 2504 5086 514 513 2852 2544 5251 2546 5237 2541 5231 524 2922 2918 2547 5255 5241 
901 78 77 1254 2503 2502 5087 88 1331 2533 1335 2528 5257 2534 5279 5298 2535 5281 5299 
902 2503 2502 5087 512 511 2853 2534 5279 2536 5298 2531 5265 522 2930 2934 2537 5283 5300 
903 243 244 1266 2749 2750 5099 247 1336 2752 1333 2757 5286 2758 5301 5288 2759 5302 5291 
904 2749 2750 5099 531 532 2865 2758 5301 2755 5288 2760 5294 535 2935 2932 2761 5303 5296 
905 1283 1275 1286 5116 5108 5119 1339 1338 5304 1337 5305 5306 5307 5308 5309 5310 5311 5312 
906 5116 5108 5119 2882 2874 2885 5307 5308 5313 5309 5314 5315 2938 2937 2936 5316 5317 5318 
907 79 78 1260 2504 2503 5093 89 1318 2538 1330 2533 5223 2539 5238 5280 2540 5240 5282 
908 2504 2503 5093 513 512 2859 2539 5238 2541 5280 2536 5232 523 2917 2929 2542 5242 5284 
909 244 245 1255 2750 2751 5088 248 1334 2757 1340 2762 5285 2763 5287 5319 2764 5290 5320 
910 2750 2751 5088 532 533 2854 2763 5287 2760 5319 2765 5293 536 2933 2939 2766 5295 5321 
911 81 1264 1270 2506 5097 5103 1309 1341 2548 1327 5191 5207 5192 5322 5271 5194 5323 5273 
912 2506 5097 5103 515 2863 2869 5192 5322 2551 5271 5196 5216 2908 2940 2926 5197 5324 5275 
913 1264 1263 1265 5097 5096 5098 1343 1328 5191 1342 5243 5208 5325 5270 5326 5327 5272 5328 
914 5097 5096 5098 2863 2862 2864 5325 5270 5196 5326 5248 5217 2942 2927 2941 5329 5274 5330 
915 1253 1263 1264 5086 5096 5097 1321 1322 5222 1343 5243 5191 5244 5252 5325 5246 5254 5327 
916 5086 5096 5097 2852 2862 2863 5244 5252 5231 5325 5248 5196 2920 2921 2942 5249 5256 5329 
917 82 81 1270 2507 2506 5103 92 1344 2553 1341 2548 5207 2554 5331 5322 2555 5332 5323 
918 2507 2506 5103 516 515 2869 2554 5331 2556 5322 2551 5216 526 2943 2940 2557 5333 5324 
919 73 1281 1282 2498 5114 5115 1347 1346 2508 1345 5199 5138 5334 5335 5336 5337 5338 5339 
920 2498 5114 5115 507 2880 2881 5334 5335 2511 5336 5204 5145 2946 2945 2944 5340 5341 5342 
921 254 255 1268 2774 2775 5101 263 1349 2798 1348 2803 5343 2804 5344 5345 2805 5346 5347 
922 2774 2775 5101 545 546 2867 2804 5344 2801 5345 2806 5348 554 2948 2947 2807 5349 5350 
923 255 256 1249 2775 2776 5082 264 1351 2803 1350 2808 5351 2809 5352 5353 2810 5354 5355 
924 2775 2776 5082 546 547 2848 2809 5352 2806 5353 2811 5356 555 2950 2949 2812 5357 5358 
925 251 252 1251 2771 2772 5084 260 1353 2783 1352 2788 5359 2789 5360 5361 2790 5362 5363 
926 2771 2772 5084 542 543 2850 2789 5360 2786 5361 2791 5364 551 2952 2951 2792 5365 5366 
927 252 253 1269 2772 2773 5102 261 1355 2788 1354 2793 5367 2794 5368 5369 2795 5370 5371 
928 2772 2773 5102 543 544 2868 2794 5368 2791 5369 2796 5372 552 2954 2953 2797 5373 5374 
929 253 254 1250 2773 2774 5083 262 1357 2793 1356 2798 5375 2799 5376 5377 2800 5378 5379 
930 2773 2774 5083 544 545 2849 2799 5376 2796 5377 2801 5380 553 2956 2955 2802 5381 5382 
931 1255 1270 1287 5088 5103 5120 1359 1358 5285 1313 5207 5209 5383 5384 5211 5385 5386 5214 
932 5088 5103 5120 2854 2869 2886 5383 5384 5293 5211 5216 5218 2958 2957 2912 5387 5388 5220 
933 1257 1252 1258 5090 5085 5091 1362 1361 5389 1360 5390 5391 5392 5393 5394 5395 5396 5397 
934 5090 5085 5091 2856 2851 2857 5392 5393 5398 5394 5399 5400 2961 2960 2959 5401 5402 5403 
935 268 267 1252 2822 2821 5085 272 1364 2831 1363 2826 5390 2830 5404 5405 2832 5406 5407 
936 2822 2821 5085 559 558 2851 2830 5404 2833 5405 2828 5399 563 2963 2962 2834 5408 5409 
937 1259 1286 1288 5092 5119 5121 1367 1366 5410 1365 5306 5411 5412 5413 5414 5415 5416 5417 
938 5092 5119 5121 2858 2885 2887 5412 5413 5418 5414 5315 5419 2966 2965 2964 5420 5421 5422 
939 1259 1283 1286 5092 5116 5119 1368 1367 5410 1338 5304 5306 5423 5412 5308 5424 5415 5311 
940 5092 5116 5119 2858 2882 2885 5423 5412 5418 5308 5313 5315 2967 2966 2937 5425 5420 5317 
941 253 1250 1269 2773 5083 5102 1357 1354 2793 1369 5375 5367 5376 5369 5426 5378 5371 5427 
942 2773 5083 5102 544 2849 2868 5376 5369 2796 5426 5380 5372 2956 2953 2968 5381 5374 5428 
943 1250 254 1268 5083 2774 5101 1356 1370 5375 1349 2798 5343 5377 5429 5344 5379 5430 5346 
944 5083 2774 5101 2849 545 2867 5377 5429 5380 5344 2801 5348 2955 2969 2948 5382 5431 5349 
945 255 1249 1268 2775 5082 5101 1351 1348 2803 1371 5351 5343 5352 5345 5432 5354 5347 5433 
946 2775 5082 5101 546 2848 2867 5352 5345 2806 5432 5356 5348 2950 2947 2970 5357 5350 5434 
947 1251 252 1269 5084 2772 5102 1352 1372 5359 1355 2788 5367 5361 5435 5368 5363 5436 5370 
948 5084 2772 5102 2850 543 2868 5361 5435 5364 5368 2791 5372 2951 2971 2954 5366 5437 5373 
949 1257 1258 1259 5090 5091 5092 1361 1374 5389 1373 5391 5410 5393 5438 5439 5396 5440 5441 
950 5090 5091 5092 2856 2857 2858 5393 5438 5398 5439 5400 5418 2960 2973 2972 5402 5442 5443 
951 268 1252 1256 2822 5085 5089 1364 1297 2831 1375 5390 5152 5404 5154 5444 5406 5156 5445 
952 2822 5085 5089 559 2851 2855 5404 5154 2833 5444 5399 5157 2963 2896 2974 5408 5159 5446 
953 74 73 1282 2499 2498 5115 84 1307 2513 1346 2508 5138 2514 5188 5335 2515 5189 5338 
954 2499 2498 5115 508 507 2881 2514 5188 2516 5335 2511 5145 518 2906 2945 2517 5190 5341 
955 1256 1252 1257 5089 5085 5090 1375 1376 5152 1362 5390 5389 5444 5447 5392 5445 5448 5395 
956 5089 5085 5090 2855 2851 2856 5444 5447 5157 5392 5399 5398 2974 2975 2961 5446 5449 5401 
957 1263 1262 1277 5096 5095 5110 1320 1378 5243 1377 5224 5450 5245 5451 5452 5247 5453 5454 
958 5096 5095 5110 2862 2861 2876 5245 5451 5248 5452 5233 5455 2919 2977 2976 5250 5456 5457 
959 1265 1263 1278 5098 5096 5111 1342 1380 5208 1379 5243 5458 5326 5459 5460 5328 5461 5462 
960 5098 5096 5111 2864 2862 2877 5326 5459 5217 5460 5248 5463 2941 2979 2978 5330 5464 5465 
961 1249 256 1272 5082 2776 5105 1350 1382 5351 1381 2808 5466 5353 5467 5468 5355 5469 5470 
962 5082 2776 5105 2848 547 2871 5353 5467 5356 5468 2811 5471 2949 2981 2980 5358 5472 5473 
963 256 257 1272 2776 2777 5105 265 1381 2808 1383 2813 5466 2814 5468 5474 2815 5470 5475 
964 2776 2777 5105 547 548 2871 2814 5468 2811 5474 2816 5471 556 2980 2982 2817 5473 5476 
965 1258 1252 1271 5091 5085 5104 1360 1385 5391 1384 5390 5163 5394 5477 5478 5397 5479 5480 
966 5091 5085 5104 2857 2851 2870 5394 5477 5400 5478 5399 5168 2959 2984 2983 5403 5481 5482 
967 1262 1261 1276 5095 5094 5109 1329 1387 5224 1386 5258 5483 5276 5484 5485 5277 5486 5487 
968 5095 5094 5109 2861 2860 2875 5276 5484 5233 5485 5266 5488 2928 2986 2985 5278 5489 5490 
969 1252 267 1271 5085 2821 5104 1363 1384 5390 1301 2826 5163 5405 5478 5164 5407 5480 5166 
970 5085 2821 5104 2851 558 2870 5405 5478 5399 5164 2828 5168 2962 2983 2900 5409 5482 5169 
971 250 251 1280 2770 2771 5113 259 1389 2778 1388 2783 5491 2784 5492 5493 2785 5494 5495 
972 2770 2771 5113 541 542 2879 2784 5492 2781 5493 2786 5496 550 2988 2987 2787 5497 5498 
973 1257 1259 1273 5090 5092 5106 1374 1391 5389 1390 5410 5180 5438 5499 5500 5440 5501 5502 
974 5090 5092 5106 2856 2858 2872 5438 5499 5398 5500 5418 5185 2973 2990 2989 5442 5503 5504 
975 77 76 1288 2502 2501 5121 87 1393 2528 1392 2523 5411 2529 5505 5506 2530 5507 5508 
976 2502 2501 5121 511 510 2887 2529 5505 2531 5506 2526 5419 521 2992 2991 2532 5509 5510 
977 1265 1278 1279 5098 5111 5112 1380 1395 5208 1394 5458 5511 5459 5512 5513 5461 5514 5515 
978 5098 5111 5112 2864 2877 2878 5459 5512 5217 5513 5463 5516 2979 2994 2993 5464 5517 5518 
979 1273 1259 1288 5106 5092 5121 1390 1396 5180 1366 5410 5411 5500 5519 5413 5502 5520 5416 
980 5106 5092 5121 2872 2858 2887 5500 5519 5185 5413 5418 5419 2989 2995 2965 5504 5521 5421 
981 4 82 1284 497 2507 5117 93 1398 498 1397 2553 5522 2558 5523 5524 2559 5525 5526 
982 497 2507 5117 30 516 2883 2558 5523 499 5524 2556 5527 527 2997 2996 2560 5528 5529 
983 245 4 1284 2751 497 5117 249 1399 2762 1398 498 5522 2767 5530 5523 2768 5531 5525 
984 2751 497 5117 533 30 2883 2767 5530 2765 5523 499 5527 537 2998 2997 2769 5532 5528 
985 1256 1257 1274 5089 5090 5107 1376 1303 5152 1400 5389 5123 5447 5174 5533 5448 5175 5534 
986 5089 5090 5107 2855 2856 2873 5447 5174 5157 5533 5398 5131 2975 2902 2999 5449 5176 5535 
987 1251 1269 1275 5084 5102 5108 1372 1402 5359 1401 5367 5305 5435 5536 5537 5436 5538 5539 
988 5084 5102 5108 2850 2868 2874 5435 5536 5364 5537 5372 5314 2971 3001 3000 5437 5540 5541 
989 1263 1277 1278 5096 5110 5111 1378 1379 5243 1403 5450 5458 5451 5460 5542 5453 5462 5543 
990 5096 5110 5111 2862 2876 2877 5451 5460 5248 5542 5455 5463 2977 2978 3002 5456 5465 5544 
991 1257 1273 1274 5090 5106 5107 1391 1400 5389 1305 5180 5123 5499 5533 5182 5501 5534 5184 
992 5090 5106 5107 2856 2872 2873 5499 5533 5398 5182 5185 5131 2990 2999 2904 5503 5535 5187 
993 1269 1250 1276 5102 5083 5109 1369 1405 5367 1404 5375 5483 5426 5545 5546 5427 5547 5548 
994 5102 5083 5109 2868 2849 2875 5426 5545 5372 5546 5380 5488 2968 3004 3003 5428 5549 5550 
995 76 1273 1288 2501 5106 5121 1306 1392 2523 1396 5180 5411 5181 5506 5519 5183 5508 5520 
996 2501 5106 5121 510 2872 2887 5181 5506 2526 5519 5185 5419 2905 2991 2995 5186 5510 5521 
997 15 243 1285 528 2749 5118 246 1407 529 1406 2752 5551 2753 5552 5553 2754 5554 5555 
998 528 2749 5118 31 531 2884 2753 5552 530 5553 2755 5556 534 3006 3005 2756 5557 5558 
999 1262 1276 1277 5095 5109 5110 1387 1377 5224 1408 5483 5450 5484 5452 5559 5486 5454 5560 
1000 5095 5109 5110 2861 2875 2876 5484 5452 5233 5559 5488 5455 2986 2976 3007 5489 5457 5561 
1001 1275 1269 1276 5108 5102 5109 1401 1409 5305 1405 5367 5483 5537 5562 5545 5539 5563 5547 
1002 5108 5102 5109 2874 2868 2875 5537 5562 5314 5545 5372 5488 3000 3008 3004 5541 5564 5549 
1003 1271 250 1280 5104 2770 5113 1302 1410 5163 1389 2778 5491 5171 5565 5492 5172 5566 5494 
1004 5104 2770 5113 2870 541 2879 5171 5565 5168 5492 2781 5496 2901 3009 2988 5173 5567 5497 
1005 1250 1268 1277 5083 5101 5110 1370 1412 5375 1411 5343 5450 5429 5568 5569 5430 5570 5571 
1006 5083 5101 5110 2849 2867 2876 5429 5568 5380 5569 5348 5455 2969 3011 3010 5431 5572 5573 
1007 1276 1250 1277 5109 5083 5110 1404 1408 5483 1412 5375 5450 5546 5559 5568 5548 5560 5570 
1008 5109 5083 5110 2875 2849 2876 5546 5559 5488 5568 5380 5455 3003 3007 3011 5550 5561 5572 
1009 257 15 1285 2777 528 5118 266 1413 2813 1407 529 5551 2818 5574 5552 2819 5575 5554 
1010 2777 528 5118 548 31 2884 2818 5574 2816 5552 530 5556 557 3012 3006 2820 5576 5557 
1011 1261 1275 1276 5094 5108 5109 1414 1386 5258 1409 5305 5483 5577 5485 5562 5578 5487 5563 
1012 5094 5108 5109 2860 2874 2875 5577 5485 5266 5562 5314 5488 3013 2985 3008 5579 5490 5564 
1013 1277 1268 1278 5110 5101 5111 1411 1403 5450 1415 5343 5458 5569 5542 5580 5571 5543 5581 
1014 5110 5101 5111 2876 2867 2877 5569 5542 5455 5580 5348 5463 3010 3002 3014 5573 5544 5582 
1015 1268 1249 1278 5101 5082 5111 1371 1415 5343 1416 5351 5458 5432 5580 5583 5433 5581 5584 
1016 5101 5082 5111 2867 2848 2877 5432 5580 5348 5583 5356 5463 2970 3014 3015 5434 5582 5585 
1017 1272 1266 1279 5105 5099 5112 1419 1418 5466 1417 5286 5511 5586 5587 5588 5589 5590 5591 
1018 5105 5099 5112 2871 2865 2878 5586 5587 5471 5588 5294 5516 3018 3017 3016 5592 5593 5594 
1019 1258 1271 1280 5091 5104 5113 1385 1420 5391 1410 5163 5491 5477 5595 5565 5479 5596 5566 
1020 5091 5104 5113 2857 2870 2879 5477 5595 5400 5565 5168 5496 2984 3019 3009 5481 5597 5567 
1021 1278 1249 1279 5111 5082 5112 1416 1394 5458 1421 5351 5511 5583 5513 5598 5584 5515 5599 
1022 5111 5082 5112 2877 2848 2878 5583 5513 5463 5598 5356 5516 3015 2993 3020 5585 5518 5600 
1023 82 1270 1284 2507 5103 5117 1344 1397 2553 1422 5207 5522 5331 5524 5601 5332 5526 5602 
1024 2507 5103 5117 516 2869 2883 5331 5524 2556 5601 5216 5527 2943 2996 3021 5333 5529 5603 
1025 1258 1280 1283 5091 5113 5116 1420 1424 5391 1423 5491 5304 5595 5604 5605 5596 5606 5607 
1026 5091 5113 5116 2857 2879 2882 5595 5604 5400 5605 5496 5313 3019 3023 3022 5597 5608 5609 
1027 251 1251 1280 2771 5084 5113 1353 1388 2783 1425 5359 5491 5360 5493 5610 5362 5495 5611 
1028 2771 5084 5113 542 2850 2879 5360 5493 2786 5610 5364 5496 2952 2987 3024 5365 5498 5612 
1029 1259 1258 1283 5092 5091 5116 1373 1368 5410 1424 5391 5304 5439 5423 5604 5441 5424 5606 
1030 5092 5091 5116 2858 2857 2882 5439 5423 5418 5604 5400 5313 2972 2967 3023 5443 5425 5608 
1031 1249 1272 1279 5082 5105 5112 1382 1421 5351 1418 5466 5511 5467 5598 5587 5469 5599 5590 
1032 5082 5105 5112 2848 2871 2878 5467 5598 5356 5587 5471 5516 2981 3020 3017 5472 5600 5593 
1033 243 1266 1285 2749 5099 5118 1336 1406 2752 1426 5286 5551 5301 5553 5613 5302 5555 5614 
1034 2749 5099 5118 531 2865 2884 5301 5553 2755 5613 5294 5556 2935 3005 3025 5303 5558 5615 
1035 1275 1261 1286 5108 5094 5119 1414 1337 5305 1427 5258 5306 5577 5309 5616 5578 5312 5617 
1036 5108 5094 5119 2874 2860 2885 5577 5309 5314 5616 5266 5315 3013 2936 3026 5579 5318 5618 
1037 138 6 1281 1630 332 5114 139 1428 1631 1311 333 5199 1632 5619 5200 1633 5620 5202 
1038 1630 332 5114 335 21 2880 1632 5619 1634 5200 334 5204 336 3027 2910 1635 5621 5205 
1039 1280 1251 1283 5113 5084 5116 1425 1423 5491 1429 5359 5304 5610 5605 5622 5611 5607 5623 
1040 5113 5084 5116 2879 2850 2882 5610 5605 5496 5622 5364 5313 3024 3022 3028 5612 5609 5624 
1041 1286 1254 1288 5119 5087 5121 1431 1365 5306 1430 5257 5411 5625 5414 5626 5627 5417 5628 
1042 5119 5087 5121 2885 2853 2887 5625 5414 5315 5626 5265 5419 3030 2964 3029 5629 5422 5630 
1043 1261 1254 1286 5094 5087 5119 1324 1427 5258 1431 5257 5306 5261 5616 5625 5264 5617 5627 
1044 5094 5087 5119 2860 2853 2885 5261 5616 5266 5625 5265 5315 2923 3026 3030 5269 5618 5629 
1045 1255 245 1284 5088 2751 5117 1340 1432 5285 1399 2762 5522 5319 5631 5530 5320 5632 5531 
1046 5088 2751 5117 2854 533 2883 5319 5631 5293 5530 2765 5527 2939 3031 2998 5321 5633 5532 
1047 1266 1255 1287 5099 5088 5120 1332 1433 5286 1358 5285 5209 5289 5634 5384 5292 5635 5386 
1048 5099 5088 5120 2865 2854 2886 5289 5634 5294 5384 5293 5218 2931 3032 2957 5297 5636 5388 
1049 1270 1255 1284 5103 5088 5117 1359 1422 5207 1432 5285 5522 5383 5601 5631 5385 5602 5632 
1050 5103 5088 5117 2869 2854 2883 5383 5601 5216 5631 5293 5527 2958 3021 3031 5387 5603 5633 
1051 1254 77 1288 5087 2502 5121 1335 1430 5257 1393 2528 5411 5298 5626 5505 5299 5628 5507 
1052 5087 2502 5121 2853 511 2887 5298 5626 5265 5505 2531 5419 2934 3029 2992 5300 5630 5509 
1053 1266 1272 1285 5099 5105 5118 1419 1426 5286 1434 5466 5551 5586 5613 5637 5589 5614 5638 
1054 5099 5105 5118 2865 2871 2884 5586 5613 5294 5637 5471 5556 3018 3025 3033 5592 5615 5639 
1055 1251 1275 1283 5084 5108 5116 1402 1429 5359 1339 5305 5304 5536 5622 5307 5538 5623 5310 
1056 5084 5108 5116 2850 2874 2882 5536 5622 5364 5307 5314 5313 3001 3028 2938 5540 5624 5316 
1057 1279 1266 1287 5112 5099 5120 1417 1435 5511 1433 5286 5209 5588 5640 5634 5591 5641 5635 
1058 5112 5099 5120 2878 2865 2886 5588 5640 5516 5634 5294 5218 3016 3034 3032 5594 5642 5636 
1059 1272 257 1285 5105 2777 5118 1383 1434 5466 1413 2813 5551 5474 5637 5574 5475 5638 5575 
1060 5105 2777 5118 2871 548 2884 5474 5637 5471 5574 2816 5556 2982 3033 3012 5476 5639 5576 
1061 1281 270 1282 5114 2824 5115 1310 1345 5199 1296 2841 5138 5201 5336 5149 5203 5339 5150 
1062 5114 2824 5115 2880 561 2881 5201 5336 5204 5149 2843 5145 2909 2944 2895 5206 5342 5151 
1063 1265 1279 1287 5098 5112 5120 1395 1312 5208 1435 5511 5209 5512 5212 5640 5514 5215 5641 
1064 5098 5112 5120 2864 2878 2886 5512 5212 5217 5640 5516 5218 2994 2911 3034 5517 5221 5642 
1065 2 138 73 301 1630 2498 140 83 302 1436 1631 2508 1636 2509 5643 1637 2510 5644 
1066 301 1630 2498 19 335 507 1636 2509 303 5643 1634 2511 337 517 3035 1638 2512 5645 
1067 73 138 1281 2498 1630 5114 1436 1347 2508 1428 1631 5199 5643 5334 5619 5644 5337 5620 
1068 2498 1630 5114 507 335 2880 5643 5334 2511 5619 1634 5204 3035 2946 3027 5645 5340 5621 
$EndElements
