$MeshFormat
4.1 0 8
$EndMeshFormat
$PhysicalNames
11
0 4 "bc-c-point-xyz-mech"
0 5 "bc-l-point-yz-mech"
0 6 "bc-r-point-yz-mech"
0 7 "bc-f-point-xy-mech"
0 8 "bc-b-point-xy-mech"
2 1 "bc-base-disp"
2 2 "bc-top-heatflux"
2 3 "bc-pipe-heattransf"
3 9 "pipe-cucrzr"
3 10 "interlayer-cu"
3 11 "armour-w"
$EndPhysicalNames
$Entities
69 157 116 28
5 0 0.025 0 0 
6 -0.0125 0.025 0 0 
8 0.0125 0.025 0 0 
10 0 0.033 0 0 
11 -0.0125 0.033 0 0 
12 0.0125 0.033 0 0 
13 -0.0125 0.0125 0 0 
14 -0.0125 0 0 0 
15 -0.0095 0.01249999999999975 0 0 
16 -3.257238178497133e-16 0.003000000000000001 0 0 
17 0 0 0 1 8 
18 -0.0075 0.01249999999999975 0 0 
19 1.263381247098149e-17 0.005000000000000001 0 0 
20 -0.006 0.01249999999999975 0 0 
21 -1.870685591966426e-16 0.006500000000000001 0 0 
22 6.0582921541222e-18 0.02 0 0 
23 -1.889983063762546e-16 0.0185 0 0 
24 -3.256151152639172e-16 0.022 0 0 
25 0.006 0.0125 0 0 
26 0.0075 0.0125 0 0 
27 0.0095 0.0125 0 0 
28 0.0125 0.0125 0 0 
29 0.0125 0 0 0 
30 0 0.025 0.006 0 
31 -0.0125 0.025 0.006 0 
32 0 0.033 0.006 0 
33 -0.0125 0.033 0.006 0 
34 0.0125 0.025 0.006 0 
35 0.0125 0.033 0.006 0 
36 -0.0125 0.0125 0.006 0 
37 -0.0125 0 0.006 1 5 
38 -0.0095 0.01249999999999975 0.006 0 
39 -3.257238178497133e-16 0.003000000000000001 0.006 0 
40 0 0 0.006 1 4 
41 -0.0075 0.01249999999999975 0.006 0 
42 1.263381247098149e-17 0.005000000000000001 0.006 0 
43 -0.006 0.01249999999999975 0.006 0 
44 -1.870685591966426e-16 0.006500000000000001 0.006 0 
45 6.0582921541222e-18 0.02 0.006 0 
46 -1.889983063762546e-16 0.0185 0.006 0 
47 -3.256151152639172e-16 0.022 0.006 0 
48 0.006 0.0125 0.006 0 
49 0.0075 0.0125 0.006 0 
50 0.0095 0.0125 0.006 0 
51 0.0125 0.0125 0.006 0 
52 0.0125 0 0.006 1 6 
53 0 0.025 0.012 0 
54 -0.0125 0.025 0.012 0 
55 0 0.033 0.012 0 
56 -0.0125 0.033 0.012 0 
57 0.0125 0.025 0.012 0 
58 0.0125 0.033 0.012 0 
59 -0.0125 0.0125 0.012 0 
60 -0.0125 0 0.012 0 
61 -0.0095 0.01249999999999975 0.012 0 
62 -3.257238178497133e-16 0.003000000000000001 0.012 0 
63 0 0 0.012 1 7 
64 -0.0075 0.01249999999999975 0.012 0 
65 1.263381247098149e-17 0.005000000000000001 0.012 0 
66 -0.006 0.01249999999999975 0.012 0 
67 -1.870685591966426e-16 0.006500000000000001 0.012 0 
68 6.0582921541222e-18 0.02 0.012 0 
69 -1.889983063762546e-16 0.0185 0.012 0 
70 -3.256151152639172e-16 0.022 0.012 0 
71 0.006 0.0125 0.012 0 
72 0.0075 0.0125 0.012 0 
73 0.0095 0.0125 0.012 0 
74 0.0125 0.0125 0.012 0 
75 0.0125 0 0.012 0 
6 -0.0125001 0.0249999 -1.000000000008674e-07 1.000000000011408e-07 0.0250001 1.000000000008674e-07 0 2 5 -6 
10 -1.000000000002735e-07 0.0249999 -1e-07 0.0125001 0.0250001 1e-07 0 2 8 -5 
13 -1e-07 0.0249999 -1e-07 1e-07 0.0330001 1e-07 0 2 5 -10 
14 -0.0125001 0.0329999 -1e-07 1.000000000002735e-07 0.0330001 1e-07 0 2 10 -11 
15 -0.0125001 0.0249999 -1e-07 -0.0124999 0.0330001 1e-07 0 2 11 -6 
16 0.0124999 0.0249999 -1e-07 0.0125001 0.0330001 1e-07 0 2 8 -12 
17 -1.000000000002735e-07 0.0329999 -1e-07 0.0125001 0.0330001 1e-07 0 2 12 -10 
18 -0.0125001 -1.000000000002735e-07 -1e-07 -0.0124999 0.0125001 1e-07 0 2 13 -14 
19 -0.0125001 0.0124999 -1.000000000008674e-07 -0.009499899999999999 0.0125001 1.000000000008674e-07 0 2 15 -13 
20 -0.009500099999999999 0.002999900000000002 -1e-07 9.99999996689413e-08 0.0125001 1e-07 0 2 15 -16 
21 -1.000000000008674e-07 -1.00000000000924e-07 -1.000000000008674e-07 1.000000000008674e-07 0.003000100000000002 1.000000000008674e-07 0 2 17 -16 
22 -0.0125001 -1e-07 -1e-07 1.000000000002735e-07 1e-07 1e-07 0 2 14 -17 
23 -0.009500100000000001 0.0124999 -1.000000000008674e-07 -0.007499899999999999 0.0125001 1.000000000008674e-07 0 2 18 -15 
24 -0.0075001 0.004999900000000001 -1e-07 1.000000000119829e-07 0.0125001 1e-07 0 2 18 -19 
25 -1.000000000008674e-07 0.0029999 -1.000000000008674e-07 1.000000000008674e-07 0.005000100000000002 1.000000000008674e-07 0 2 16 -19 
26 -0.007500100000000001 0.0124999 -1.000000000008674e-07 -0.005999899999999999 0.0125001 1.000000000008674e-07 0 2 20 -18 
27 -0.0060001 0.0064999 -1e-07 9.999999981248966e-08 0.0125001 1e-07 0 2 20 -21 
28 -1.000000000008674e-07 0.0049999 -1.000000000008674e-07 1.000000000008674e-07 0.006500100000000002 1.000000000008674e-07 0 2 19 -21 
29 -0.0075001 0.0124999 -1e-07 1.000000000054777e-07 0.0200001 1e-07 0 2 22 -18 
30 -1e-07 0.0184999 -1e-07 1e-07 0.0200001 1e-07 0 2 23 -22 
31 -0.0060001 0.0124999 -1e-07 9.999999981118862e-08 0.0185001 1e-07 0 2 23 -20 
32 -0.009500099999999999 0.0124999 -1e-07 9.999999967327811e-08 0.0220001 1e-07 0 2 24 -15 
33 -1e-07 0.0199999 -1e-07 1e-07 0.0220001 1e-07 0 2 22 -24 
34 -0.0125001 0.0124999 -1e-07 -0.0124999 0.0250001 1e-07 0 2 6 -13 
35 -1e-07 0.0219999 -1e-07 1e-07 0.0250001 1e-07 0 2 24 -5 
36 -1.000000001889247e-07 0.0124999 -1e-07 0.0060001 0.0185001 1e-07 0 2 25 -23 
37 -9.999999999463563e-08 0.0124999 -1e-07 0.0075001 0.0200001 1e-07 0 2 26 -22 
38 0.005999899999999999 0.0124999 -1.000000000008674e-07 0.007500100000000001 0.0125001 1.000000000008674e-07 0 2 25 -26 
39 -1.000000003264015e-07 0.0124999 -1e-07 0.009500099999999999 0.0220001 1e-07 0 2 27 -24 
40 0.007499899999999999 0.0124999 -1.000000000008674e-07 0.009500100000000001 0.0125001 1.000000000008674e-07 0 2 26 -27 
41 0.0124999 0.0124999 -1e-07 0.0125001 0.0250001 1e-07 0 2 28 -8 
42 0.009499899999999999 0.0124999 -1.000000000008674e-07 0.0125001 0.0125001 1.000000000008674e-07 0 2 27 -28 
43 -1.000000003307383e-07 0.002999900000000002 -1e-07 0.009500099999999999 0.0125001 1e-07 0 2 16 -27 
44 0.0124999 -1.000000000002735e-07 -1e-07 0.0125001 0.0125001 1e-07 0 2 29 -28 
45 -1.000000000002735e-07 -1e-07 -1e-07 0.0125001 1e-07 1e-07 0 2 17 -29 
46 -9.999999998813042e-08 0.004999900000000001 -1e-07 0.0075001 0.0125001 1e-07 0 2 19 -26 
47 -1.000000001876236e-07 0.0064999 -1e-07 0.0060001 0.0125001 1e-07 0 2 21 -25 
48 -1.000000000043368e-07 0.0249999 -1.000000000041766e-07 1.000000000043368e-07 0.0250001 0.006000100000000005 0 2 5 -30 
49 -0.01250010000000001 0.0249999 -1.000000000046103e-07 -0.0124999 0.02500010000000001 0.006000100000000005 0 2 6 -31 
50 -0.0125001 0.0249999 0.005999899999999999 1.000000000011408e-07 0.0250001 0.006000100000000001 0 2 30 -31 
51 -1e-07 0.0329999 -9.99999999998398e-08 1e-07 0.0330001 0.0060001 0 2 10 -32 
52 -1e-07 0.0249999 0.0059999 1e-07 0.0330001 0.0060001 0 2 30 -32 
53 -0.0125001 0.0329999 -9.99999999998398e-08 -0.0124999 0.0330001 0.0060001 0 2 11 -33 
54 -0.0125001 0.0329999 0.0059999 1.000000000002735e-07 0.0330001 0.0060001 0 2 32 -33 
55 -0.0125001 0.0249999 0.0059999 -0.0124999 0.0330001 0.0060001 0 2 33 -31 
56 0.0124999 0.0249999 -9.99999999998398e-08 0.0125001 0.0250001 0.0060001 0 2 8 -34 
57 -1.000000000002735e-07 0.0249999 0.0059999 0.0125001 0.0250001 0.0060001 0 2 34 -30 
58 0.0124999 0.0329999 -9.99999999998398e-08 0.0125001 0.0330001 0.0060001 0 2 12 -35 
59 0.0124999 0.0249999 0.0059999 0.0125001 0.0330001 0.0060001 0 2 34 -35 
60 -1.000000000002735e-07 0.0329999 0.0059999 0.0125001 0.0330001 0.0060001 0 2 35 -32 
61 -0.01250010000000001 0.0124999 -1.000000000033092e-07 -0.0124999 0.01250010000000001 0.006000100000000004 0 2 13 -36 
62 -0.0125001 -1e-07 -9.99999999998398e-08 -0.0124999 1e-07 0.0060001 0 2 14 -37 
63 -0.0125001 -1.000000000002735e-07 0.0059999 -0.0124999 0.0125001 0.0060001 0 2 36 -37 
64 -0.009500100000000249 0.0124998999999995 -1.0000000024964e-07 -0.009499899999999751 0.0125001 0.00600010000000025 0 2 15 -38 
65 -0.0125001 0.0124999 0.005999899999999999 -0.009499899999999999 0.0125001 0.006000100000000001 0 2 38 -36 
66 -1.00000000652315e-07 0.002999899999999675 -1.000000003264015e-07 1.000000000008674e-07 0.003000100000000327 0.006000100000000327 0 2 16 -39 
67 -0.009500099999999999 0.002999900000000002 0.0059999 9.99999996689413e-08 0.0125001 0.0060001 0 2 38 -39 
68 -1.000000000008674e-07 -1.000000000008674e-07 -1.000000000007072e-07 1.000000000008674e-07 1.000000000008674e-07 0.006000100000000001 0 2 17 -40 
69 -1.000000000008674e-07 -1.00000000000924e-07 0.005999899999999999 1.000000000008674e-07 0.003000100000000002 0.006000100000000001 0 2 40 -39 
70 -0.0125001 -1e-07 0.0059999 1.000000000002735e-07 1e-07 0.0060001 0 2 37 -40 
71 -0.00750010000000025 0.0124998999999995 -1.0000000024964e-07 -0.00749989999999975 0.0125001 0.00600010000000025 0 2 18 -41 
72 -0.009500100000000001 0.0124999 0.005999899999999999 -0.007499899999999999 0.0125001 0.006000100000000001 0 2 41 -38 
73 -1.000000000008674e-07 0.004999899999999988 -1.000000000137176e-07 1.00000000026135e-07 0.005000100000000014 0.006000100000000013 0 2 19 -42 
74 -0.0075001 0.004999900000000001 0.0059999 1.000000000119829e-07 0.0125001 0.0060001 0 2 41 -42 
75 -1.000000000008674e-07 0.0029999 0.005999899999999999 1.000000000008674e-07 0.005000100000000002 0.006000100000000001 0 2 39 -42 
76 -0.006000100000000251 0.0124998999999995 -1.000000002505073e-07 -0.005999899999999749 0.0125001 0.006000100000000251 0 2 20 -43 
77 -0.007500100000000001 0.0124999 0.005999899999999999 -0.005999899999999999 0.0125001 0.006000100000000001 0 2 43 -41 
78 -1.000000003750045e-07 0.006499899999999813 -1.000000001880573e-07 1.000000000008674e-07 0.006500100000000188 0.006000100000000188 0 2 21 -44 
79 -0.0060001 0.0064999 0.0059999 9.999999981248966e-08 0.0125001 0.0060001 0 2 43 -44 
80 -1.000000000008674e-07 0.0049999 0.005999899999999999 1.000000000008674e-07 0.006500100000000002 0.006000100000000001 0 2 42 -44 
81 -1e-07 0.01999989999999999 -1.000000000059113e-07 1.000000000121166e-07 0.02000010000000001 0.006000100000000006 0 2 22 -45 
82 -0.0075001 0.0124999 0.0059999 1.000000000054777e-07 0.0200001 0.0060001 0 2 45 -41 
83 -1.000000003779966e-07 0.01849989999999981 -1.000000001889247e-07 1e-07 0.01850010000000019 0.006000100000000189 0 2 23 -46 
84 -1e-07 0.0184999 0.0059999 1e-07 0.0200001 0.0060001 0 2 46 -45 
85 -0.0060001 0.0124999 0.0059999 9.999999981118862e-08 0.0185001 0.0060001 0 2 46 -43 
86 -1.000000006512302e-07 0.02199989999999967 -1.000000003255341e-07 1e-07 0.02200010000000032 0.006000100000000326 0 2 24 -47 
87 -0.009500099999999999 0.0124999 0.0059999 9.999999967327811e-08 0.0220001 0.0060001 0 2 47 -38 
88 -1e-07 0.0199999 0.0059999 1e-07 0.0220001 0.0060001 0 2 45 -47 
89 -0.0125001 0.0124999 0.0059999 -0.0124999 0.0250001 0.0060001 0 2 31 -36 
90 -1e-07 0.0219999 0.0059999 1e-07 0.0250001 0.0060001 0 2 47 -30 
91 0.005999899999999999 0.0124999 -1.000000000007072e-07 0.006000100000000001 0.0125001 0.006000100000000001 0 2 25 -48 
92 -1.000000001889247e-07 0.0124999 0.0059999 0.0060001 0.0185001 0.0060001 0 2 48 -46 
93 0.007499899999999999 0.0124999 -1.000000000007072e-07 0.007500100000000001 0.0125001 0.006000100000000001 0 2 26 -49 
94 -9.999999999463563e-08 0.0124999 0.0059999 0.0075001 0.0200001 0.0060001 0 2 49 -45 
95 0.005999899999999999 0.0124999 0.005999899999999999 0.007500100000000001 0.0125001 0.006000100000000001 0 2 48 -49 
96 0.009499899999999999 0.0124999 -1.000000000007072e-07 0.009500100000000001 0.0125001 0.006000100000000001 0 2 27 -50 
97 -1.000000003264015e-07 0.0124999 0.0059999 0.009500099999999999 0.0220001 0.0060001 0 2 50 -47 
98 0.007499899999999999 0.0124999 0.005999899999999999 0.009500100000000001 0.0125001 0.006000100000000001 0 2 49 -50 
99 0.0124999 0.0124999 -1.000000000033092e-07 0.01250010000000001 0.01250010000000001 0.006000100000000004 0 2 28 -51 
100 0.0124999 0.0124999 0.0059999 0.0125001 0.0250001 0.0060001 0 2 51 -34 
101 0.009499899999999999 0.0124999 0.005999899999999999 0.0125001 0.0125001 0.006000100000000001 0 2 50 -51 
102 -1.000000003307383e-07 0.002999900000000002 0.0059999 0.009500099999999999 0.0125001 0.0060001 0 2 39 -50 
103 0.0124999 -1e-07 -9.99999999998398e-08 0.0125001 1e-07 0.0060001 0 2 29 -52 
104 0.0124999 -1.000000000002735e-07 0.0059999 0.0125001 0.0125001 0.0060001 0 2 52 -51 
105 -1.000000000002735e-07 -1e-07 0.0059999 0.0125001 1e-07 0.0060001 0 2 40 -52 
106 -9.999999998813042e-08 0.004999900000000001 0.0059999 0.0075001 0.0125001 0.0060001 0 2 42 -49 
107 -1.000000001876236e-07 0.0064999 0.0059999 0.0060001 0.0125001 0.0060001 0 2 44 -48 
108 -1.000000000043368e-07 0.0249999 0.005999899999999996 1.000000000043368e-07 0.0250001 0.0120001 0 2 30 -53 
109 -0.01250010000000001 0.0249999 0.005999899999999996 -0.0124999 0.02500010000000001 0.0120001 0 2 31 -54 
110 -0.0125001 0.0249999 0.0119999 1.000000000011408e-07 0.0250001 0.0120001 0 2 53 -54 
111 -1e-07 0.0329999 0.0059999 1e-07 0.0330001 0.0120001 0 2 32 -55 
112 -1e-07 0.0249999 0.0119999 1e-07 0.0330001 0.0120001 0 2 53 -55 
113 -0.0125001 0.0329999 0.0059999 -0.0124999 0.0330001 0.0120001 0 2 33 -56 
114 -0.0125001 0.0329999 0.0119999 1.000000000002735e-07 0.0330001 0.0120001 0 2 55 -56 
115 -0.0125001 0.0249999 0.0119999 -0.0124999 0.0330001 0.0120001 0 2 56 -54 
116 0.0124999 0.0249999 0.0059999 0.0125001 0.0250001 0.0120001 0 2 34 -57 
117 -1.000000000002735e-07 0.0249999 0.0119999 0.0125001 0.0250001 0.0120001 0 2 57 -53 
118 0.0124999 0.0329999 0.0059999 0.0125001 0.0330001 0.0120001 0 2 35 -58 
119 0.0124999 0.0249999 0.0119999 0.0125001 0.0330001 0.0120001 0 2 57 -58 
120 -1.000000000002735e-07 0.0329999 0.0119999 0.0125001 0.0330001 0.0120001 0 2 58 -55 
121 -0.01250010000000001 0.0124999 0.005999899999999996 -0.0124999 0.01250010000000001 0.0120001 0 2 36 -59 
122 -0.0125001 -1e-07 0.0059999 -0.0124999 1e-07 0.0120001 0 2 37 -60 
123 -0.0125001 -1.000000000002735e-07 0.0119999 -0.0124999 0.0125001 0.0120001 0 2 59 -60 
124 -0.009500100000000249 0.0124998999999995 0.00599989999999975 -0.009499899999999751 0.0125001 0.01200010000000025 0 2 38 -61 
125 -0.0125001 0.0124999 0.0119999 -0.009499899999999999 0.0125001 0.0120001 0 2 61 -59 
126 -1.00000000652315e-07 0.002999899999999675 0.005999899999999674 1.000000000008674e-07 0.003000100000000327 0.01200010000000033 0 2 39 -62 
127 -0.009500099999999999 0.002999900000000002 0.0119999 9.99999996689413e-08 0.0125001 0.0120001 0 2 61 -62 
128 -1.000000000008674e-07 -1.000000000008674e-07 0.005999899999999999 1.000000000008674e-07 1.000000000008674e-07 0.0120001 0 2 40 -63 
129 -1.000000000008674e-07 -1.00000000000924e-07 0.0119999 1.000000000008674e-07 0.003000100000000002 0.0120001 0 2 63 -62 
130 -0.0125001 -1e-07 0.0119999 1.000000000002735e-07 1e-07 0.0120001 0 2 60 -63 
131 -0.00750010000000025 0.0124998999999995 0.00599989999999975 -0.00749989999999975 0.0125001 0.01200010000000025 0 2 41 -64 
132 -0.009500100000000001 0.0124999 0.0119999 -0.007499899999999999 0.0125001 0.0120001 0 2 64 -61 
133 -1.000000000008674e-07 0.004999899999999988 0.005999899999999987 1.00000000026135e-07 0.005000100000000014 0.01200010000000001 0 2 42 -65 
134 -0.0075001 0.004999900000000001 0.0119999 1.000000000119829e-07 0.0125001 0.0120001 0 2 64 -65 
135 -1.000000000008674e-07 0.0029999 0.0119999 1.000000000008674e-07 0.005000100000000002 0.0120001 0 2 62 -65 
136 -0.006000100000000251 0.0124998999999995 0.005999899999999749 -0.005999899999999749 0.0125001 0.01200010000000025 0 2 43 -66 
137 -0.007500100000000001 0.0124999 0.0119999 -0.005999899999999999 0.0125001 0.0120001 0 2 66 -64 
138 -1.000000003750045e-07 0.006499899999999813 0.005999899999999813 1.000000000008674e-07 0.006500100000000188 0.01200010000000019 0 2 44 -67 
139 -0.0060001 0.0064999 0.0119999 9.999999981248966e-08 0.0125001 0.0120001 0 2 66 -67 
140 -1.000000000008674e-07 0.0049999 0.0119999 1.000000000008674e-07 0.006500100000000002 0.0120001 0 2 65 -67 
141 -1e-07 0.01999989999999999 0.005999899999999994 1.000000000121166e-07 0.02000010000000001 0.01200010000000001 0 2 45 -68 
142 -0.0075001 0.0124999 0.0119999 1.000000000054777e-07 0.0200001 0.0120001 0 2 68 -64 
143 -1.000000003779966e-07 0.01849989999999981 0.005999899999999811 1e-07 0.01850010000000019 0.01200010000000019 0 2 46 -69 
144 -1e-07 0.0184999 0.0119999 1e-07 0.0200001 0.0120001 0 2 69 -68 
145 -0.0060001 0.0124999 0.0119999 9.999999981118862e-08 0.0185001 0.0120001 0 2 69 -66 
146 -1.000000006512302e-07 0.02199989999999967 0.005999899999999675 1e-07 0.02200010000000032 0.01200010000000033 0 2 47 -70 
147 -0.009500099999999999 0.0124999 0.0119999 9.999999967327811e-08 0.0220001 0.0120001 0 2 70 -61 
148 -1e-07 0.0199999 0.0119999 1e-07 0.0220001 0.0120001 0 2 68 -70 
149 -0.0125001 0.0124999 0.0119999 -0.0124999 0.0250001 0.0120001 0 2 54 -59 
150 -1e-07 0.0219999 0.0119999 1e-07 0.0250001 0.0120001 0 2 70 -53 
151 0.005999899999999999 0.0124999 0.005999899999999999 0.006000100000000001 0.0125001 0.0120001 0 2 48 -71 
152 -1.000000001889247e-07 0.0124999 0.0119999 0.0060001 0.0185001 0.0120001 0 2 71 -69 
153 0.007499899999999999 0.0124999 0.005999899999999999 0.007500100000000001 0.0125001 0.0120001 0 2 49 -72 
154 -9.999999999463563e-08 0.0124999 0.0119999 0.0075001 0.0200001 0.0120001 0 2 72 -68 
155 0.005999899999999999 0.0124999 0.0119999 0.007500100000000001 0.0125001 0.0120001 0 2 71 -72 
156 0.009499899999999999 0.0124999 0.005999899999999999 0.009500100000000001 0.0125001 0.0120001 0 2 50 -73 
157 -1.000000003264015e-07 0.0124999 0.0119999 0.009500099999999999 0.0220001 0.0120001 0 2 73 -70 
158 0.007499899999999999 0.0124999 0.0119999 0.009500100000000001 0.0125001 0.0120001 0 2 72 -73 
159 0.0124999 0.0124999 0.005999899999999996 0.01250010000000001 0.01250010000000001 0.0120001 0 2 51 -74 
160 0.0124999 0.0124999 0.0119999 0.0125001 0.0250001 0.0120001 0 2 74 -57 
161 0.009499899999999999 0.0124999 0.0119999 0.0125001 0.0125001 0.0120001 0 2 73 -74 
162 -1.000000003307383e-07 0.002999900000000002 0.0119999 0.009500099999999999 0.0125001 0.0120001 0 2 62 -73 
163 0.0124999 -1e-07 0.0059999 0.0125001 1e-07 0.0120001 0 2 52 -75 
164 0.0124999 -1.000000000002735e-07 0.0119999 0.0125001 0.0125001 0.0120001 0 2 75 -74 
165 -1.000000000002735e-07 -1e-07 0.0119999 0.0125001 1e-07 0.0120001 0 2 63 -75 
166 -9.999999998813042e-08 0.004999900000000001 0.0119999 0.0075001 0.0125001 0.0120001 0 2 65 -72 
167 -1.000000001876236e-07 0.0064999 0.0119999 0.0060001 0.0125001 0.0120001 0 2 67 -71 
17 -0.0125001 0.0249999 -1.000000000008674e-07 1.000000000011408e-07 0.0330001 1.000000000008674e-07 0 4 -6 13 14 15 
21 -1.000000000002735e-07 0.0249999 -1e-07 0.0125001 0.0330001 1e-07 0 4 -10 16 17 -13 
22 -0.0125001 -1.000000000011408e-07 -1.000000000008674e-07 1.000000000011408e-07 0.0125001 1.000000000008674e-07 0 5 18 22 21 -20 19 
23 -0.009500100000000001 0.0029999 -1.000000000008674e-07 1.000000000124165e-07 0.0125001 1.000000000008674e-07 0 4 20 25 -24 23 
24 -0.007500100000000001 0.0049999 -1.000000000008674e-07 1.000000000128502e-07 0.0125001 1.000000000008674e-07 0 4 24 28 -27 26 
25 -0.007500100000000001 0.0124999 -1.000000000008674e-07 1.00000000006345e-07 0.0200001 1.000000000008674e-07 0 4 -26 -31 30 29 
26 -0.009500100000000001 0.0124999 -1.000000000008674e-07 1.00000000006345e-07 0.0220001 1.000000000008674e-07 0 4 -23 -29 33 32 
27 -0.0125001 0.0124999 -1.000000000008674e-07 1.000000000011408e-07 0.0250001 1.000000000008674e-07 0 5 -19 -32 35 6 34 
28 -1.00000000189792e-07 0.0124999 -1.000000000008674e-07 0.007500100000000001 0.0200001 1.000000000008674e-07 0 4 -36 38 37 -30 
29 -1.000000003272689e-07 0.0124999 -1.000000000008674e-07 0.009500100000000001 0.0220001 1.000000000008674e-07 0 4 -37 40 39 -33 
30 -1.000000003272689e-07 0.0124999 -1.000000000008674e-07 0.0125001 0.0250001 1.000000000008674e-07 0 5 -39 42 41 10 -35 
31 -1.000000003316057e-07 -1.000000000011408e-07 -1.000000000008674e-07 0.0125001 0.0125001 1.000000000008674e-07 0 5 -21 45 44 -42 -43 
32 -1.000000003316057e-07 0.002999900000000001 -1.000000000008674e-07 0.009500100000000001 0.0125001 1.000000000008674e-07 0 4 -25 43 -40 -46 
33 -1.00000000188491e-07 0.0049999 -1.000000000008674e-07 0.007500100000000001 0.0125001 1.000000000008674e-07 0 4 -28 46 -38 -47 
34 -0.01250010000000001 0.02499989999999999 -1.000000000046103e-07 1.000000000046103e-07 0.02500010000000001 0.006000100000000005 0 4 48 50 -49 -6 
35 -1.000000000043368e-07 0.0249999 -1.000000000041766e-07 1.000000000043368e-07 0.0330001 0.006000100000000005 0 4 48 52 -51 -13 
36 -0.0125001 0.0329999 -9.99999999998398e-08 1.000000000002735e-07 0.0330001 0.0060001 1 2 4 51 54 -53 -14 
37 -0.01250010000000001 0.0249999 -1.000000000046103e-07 -0.0124999 0.0330001 0.006000100000000005 0 4 53 55 -49 -15 
38 -0.0125001 0.0249999 0.005999899999999999 1.000000000011408e-07 0.0330001 0.006000100000000001 0 4 -50 52 54 55 
39 -1.000000000046103e-07 0.0249999 -1.000000000041766e-07 0.01250010000000001 0.0250001 0.006000100000000005 0 4 56 57 -48 -10 
40 0.0124999 0.0249999 -9.99999999998398e-08 0.0125001 0.0330001 0.0060001 0 4 56 59 -58 -16 
41 -1.000000000002735e-07 0.0329999 -9.99999999998398e-08 0.0125001 0.0330001 0.0060001 1 2 4 58 60 -51 -17 
42 -1.000000000002735e-07 0.0249999 0.0059999 0.0125001 0.0330001 0.0060001 0 4 -57 59 60 -52 
43 -0.01250010000000001 -1.000000000037429e-07 -1.000000000033092e-07 -0.0124999 0.01250010000000001 0.006000100000000004 0 4 61 63 -62 -18 
44 -0.01250010000000025 0.0124998999999995 -1.0000000024964e-07 -0.009499899999999751 0.01250010000000025 0.00600010000000025 0 4 64 65 -61 -19 
45 -0.009500099999999999 0.002999900000000002 -9.99999999998398e-08 9.99999996689413e-08 0.0125001 0.0060001 0 4 64 67 -66 -20 
46 -1.00000000652315e-07 -1.000000003266183e-07 -1.000000003264015e-07 1.000000003265912e-07 0.003000100000000327 0.006000100000000327 0 4 68 69 -66 -21 
47 -0.0125001 -1.000000000008674e-07 -1.000000000007072e-07 1.000000000011408e-07 1.000000000008674e-07 0.006000100000000001 1 1 4 62 70 -68 -22 
48 -0.0125001 -1.000000000011408e-07 0.005999899999999999 1.000000000011408e-07 0.0125001 0.006000100000000001 0 5 63 70 69 -67 65 
49 -0.009500100000000249 0.0124998999999995 -1.0000000024964e-07 -0.00749989999999975 0.01250010000000025 0.00600010000000025 0 4 71 72 -64 -23 
50 -0.0075001 0.004999900000000001 -9.99999999998398e-08 1.000000000119829e-07 0.0125001 0.0060001 0 4 71 74 -73 -24 
51 -1.00000000652315e-07 0.002999899999999675 -1.000000003264015e-07 1.00000000339225e-07 0.005000100000000327 0.006000100000000327 0 4 66 75 -73 -25 
52 -0.009500100000000001 0.0029999 0.005999899999999999 1.000000000124165e-07 0.0125001 0.006000100000000001 0 4 67 75 -74 72 
53 -0.007500100000000251 0.0124998999999995 -1.000000002505073e-07 -0.005999899999999749 0.01250010000000025 0.006000100000000251 0 4 76 77 -71 -26 
54 -0.0060001 0.0064999 -9.99999999998398e-08 9.999999981248966e-08 0.0125001 0.0060001 1 3 4 76 79 -78 -27 
55 -1.000000003750045e-07 0.004999899999999813 -1.000000001880573e-07 1.000000002005697e-07 0.006500100000000188 0.006000100000000188 0 4 73 80 -78 -28 
56 -0.007500100000000001 0.0049999 0.005999899999999999 1.000000000128502e-07 0.0125001 0.006000100000000001 0 4 74 80 -79 77 
57 -0.0075001 0.0124999 -9.99999999998398e-08 1.000000000054777e-07 0.0200001 0.0060001 0 4 81 82 -71 -29 
58 -1.000000003779966e-07 0.01849989999999981 -1.000000001889247e-07 1.000000001950566e-07 0.02000010000000019 0.006000100000000189 0 4 83 84 -81 -30 
59 -0.0060001 0.0124999 -9.99999999998398e-08 9.999999981118862e-08 0.0185001 0.0060001 1 3 4 83 85 -76 -31 
60 -0.007500100000000001 0.0124999 0.005999899999999999 1.00000000006345e-07 0.0200001 0.006000100000000001 0 4 -77 -85 84 82 
61 -0.009500099999999999 0.0124999 -9.99999999998398e-08 9.999999967327811e-08 0.0220001 0.0060001 0 4 86 87 -64 -32 
62 -1.000000006512302e-07 0.01999989999999967 -1.000000003255341e-07 1.000000003316734e-07 0.02200010000000032 0.006000100000000326 0 4 81 88 -86 -33 
63 -0.009500100000000001 0.0124999 0.005999899999999999 1.00000000006345e-07 0.0220001 0.006000100000000001 0 4 -72 -82 88 87 
64 -0.01250010000000001 0.0124999 -1.000000000046103e-07 -0.0124999 0.02500010000000001 0.006000100000000005 0 4 49 89 -61 -34 
65 -1.000000006512302e-07 0.02199989999999967 -1.000000003255341e-07 1.000000003256151e-07 0.02500010000000033 0.006000100000000326 0 4 86 90 -48 -35 
66 -0.0125001 0.0124999 0.005999899999999999 1.000000000011408e-07 0.0250001 0.006000100000000001 0 5 -65 -87 90 50 89 
67 -1.000000001889247e-07 0.0124999 -9.99999999998398e-08 0.0060001 0.0185001 0.0060001 1 3 4 91 92 -83 -36 
68 -9.999999999463563e-08 0.0124999 -9.99999999998398e-08 0.0075001 0.0200001 0.0060001 0 4 93 94 -81 -37 
69 0.005999899999999999 0.0124999 -1.000000000007072e-07 0.007500100000000001 0.0125001 0.006000100000000001 0 4 91 95 -93 -38 
70 -1.00000000189792e-07 0.0124999 0.005999899999999999 0.007500100000000001 0.0200001 0.006000100000000001 0 4 -92 95 94 -84 
71 -1.000000003264015e-07 0.0124999 -9.99999999998398e-08 0.009500099999999999 0.0220001 0.0060001 0 4 96 97 -86 -39 
72 0.007499899999999999 0.0124999 -1.000000000007072e-07 0.009500100000000001 0.0125001 0.006000100000000001 0 4 93 98 -96 -40 
73 -1.000000003272689e-07 0.0124999 0.005999899999999999 0.009500100000000001 0.0220001 0.006000100000000001 0 4 -94 98 97 -88 
74 0.0124999 0.0124999 -1.000000000033092e-07 0.01250010000000001 0.0250001 0.006000100000000004 0 4 99 100 -56 -41 
75 0.009499899999999997 0.0124999 -1.000000000033092e-07 0.01250010000000001 0.01250010000000001 0.006000100000000004 0 4 96 101 -99 -42 
76 -1.000000003272689e-07 0.0124999 0.005999899999999999 0.0125001 0.0250001 0.006000100000000001 0 5 -97 101 100 57 -90 
77 -1.000000003307383e-07 0.002999900000000002 -9.99999999998398e-08 0.009500099999999999 0.0125001 0.0060001 0 4 66 102 -96 -43 
78 0.0124999 -1.000000000037429e-07 -1.000000000033092e-07 0.01250010000000001 0.01250010000000001 0.006000100000000004 0 4 103 104 -99 -44 
79 -1.000000000011408e-07 -1.000000000008674e-07 -1.000000000007072e-07 0.0125001 1.000000000008674e-07 0.006000100000000001 1 1 4 68 105 -103 -45 
80 -1.000000003316057e-07 -1.000000000011408e-07 0.005999899999999999 0.0125001 0.0125001 0.006000100000000001 0 5 -69 105 104 -101 -102 
81 -9.999999998813042e-08 0.004999900000000001 -9.99999999998398e-08 0.0075001 0.0125001 0.0060001 0 4 73 106 -93 -46 
82 -1.000000003316057e-07 0.002999900000000001 0.005999899999999999 0.009500100000000001 0.0125001 0.006000100000000001 0 4 -75 102 -98 -106 
83 -1.000000001876236e-07 0.0064999 -9.99999999998398e-08 0.0060001 0.0125001 0.0060001 1 3 4 78 107 -91 -47 
84 -1.00000000188491e-07 0.0049999 0.005999899999999999 0.007500100000000001 0.0125001 0.006000100000000001 0 4 -80 106 -95 -107 
85 -0.01250010000000001 0.02499989999999999 0.005999899999999996 1.000000000046103e-07 0.02500010000000001 0.0120001 0 4 108 110 -109 -50 
86 -1.000000000043368e-07 0.0249999 0.005999899999999996 1.000000000043368e-07 0.0330001 0.0120001 0 4 108 112 -111 -52 
87 -0.0125001 0.0329999 0.0059999 1.000000000002735e-07 0.0330001 0.0120001 1 2 4 111 114 -113 -54 
88 -0.01250010000000001 0.0249999 0.005999899999999996 -0.0124999 0.0330001 0.0120001 0 4 113 115 -109 -55 
89 -0.0125001 0.0249999 0.0119999 1.000000000011408e-07 0.0330001 0.0120001 0 4 -110 112 114 115 
90 -1.000000000046103e-07 0.0249999 0.005999899999999996 0.01250010000000001 0.0250001 0.0120001 0 4 116 117 -108 -57 
91 0.0124999 0.0249999 0.0059999 0.0125001 0.0330001 0.0120001 0 4 116 119 -118 -59 
92 -1.000000000002735e-07 0.0329999 0.0059999 0.0125001 0.0330001 0.0120001 1 2 4 118 120 -111 -60 
93 -1.000000000002735e-07 0.0249999 0.0119999 0.0125001 0.0330001 0.0120001 0 4 -117 119 120 -112 
94 -0.01250010000000001 -1.000000000037429e-07 0.005999899999999996 -0.0124999 0.01250010000000001 0.0120001 0 4 121 123 -122 -63 
95 -0.01250010000000025 0.0124998999999995 0.00599989999999975 -0.009499899999999751 0.01250010000000025 0.01200010000000025 0 4 124 125 -121 -65 
96 -0.009500099999999999 0.002999900000000002 0.0059999 9.99999996689413e-08 0.0125001 0.0120001 0 4 124 127 -126 -67 
97 -1.00000000652315e-07 -1.000000003266183e-07 0.005999899999999674 1.000000003265912e-07 0.003000100000000327 0.01200010000000033 0 4 128 129 -126 -69 
98 -0.0125001 -1.000000000008674e-07 0.005999899999999999 1.000000000011408e-07 1.000000000008674e-07 0.0120001 1 1 4 122 130 -128 -70 
99 -0.0125001 -1.000000000011408e-07 0.0119999 1.000000000011408e-07 0.0125001 0.0120001 0 5 123 130 129 -127 125 
100 -0.009500100000000249 0.0124998999999995 0.00599989999999975 -0.00749989999999975 0.01250010000000025 0.01200010000000025 0 4 131 132 -124 -72 
101 -0.0075001 0.004999900000000001 0.0059999 1.000000000119829e-07 0.0125001 0.0120001 0 4 131 134 -133 -74 
102 -1.00000000652315e-07 0.002999899999999675 0.005999899999999674 1.00000000339225e-07 0.005000100000000327 0.01200010000000033 0 4 126 135 -133 -75 
103 -0.009500100000000001 0.0029999 0.0119999 1.000000000124165e-07 0.0125001 0.0120001 0 4 127 135 -134 132 
104 -0.007500100000000251 0.0124998999999995 0.005999899999999749 -0.005999899999999749 0.01250010000000025 0.01200010000000025 0 4 136 137 -131 -77 
105 -0.0060001 0.0064999 0.0059999 9.999999981248966e-08 0.0125001 0.0120001 1 3 4 136 139 -138 -79 
106 -1.000000003750045e-07 0.004999899999999813 0.005999899999999813 1.000000002005697e-07 0.006500100000000188 0.01200010000000019 0 4 133 140 -138 -80 
107 -0.007500100000000001 0.0049999 0.0119999 1.000000000128502e-07 0.0125001 0.0120001 0 4 134 140 -139 137 
108 -0.0075001 0.0124999 0.0059999 1.000000000054777e-07 0.0200001 0.0120001 0 4 141 142 -131 -82 
109 -1.000000003779966e-07 0.01849989999999981 0.005999899999999811 1.000000001950566e-07 0.02000010000000019 0.01200010000000019 0 4 143 144 -141 -84 
110 -0.0060001 0.0124999 0.0059999 9.999999981118862e-08 0.0185001 0.0120001 1 3 4 143 145 -136 -85 
111 -0.007500100000000001 0.0124999 0.0119999 1.00000000006345e-07 0.0200001 0.0120001 0 4 -137 -145 144 142 
112 -0.009500099999999999 0.0124999 0.0059999 9.999999967327811e-08 0.0220001 0.0120001 0 4 146 147 -124 -87 
113 -1.000000006512302e-07 0.01999989999999967 0.005999899999999675 1.000000003316734e-07 0.02200010000000032 0.01200010000000033 0 4 141 148 -146 -88 
114 -0.009500100000000001 0.0124999 0.0119999 1.00000000006345e-07 0.0220001 0.0120001 0 4 -132 -142 148 147 
115 -0.01250010000000001 0.0124999 0.005999899999999996 -0.0124999 0.02500010000000001 0.0120001 0 4 109 149 -121 -89 
116 -1.000000006512302e-07 0.02199989999999967 0.005999899999999675 1.000000003256151e-07 0.02500010000000033 0.01200010000000033 0 4 146 150 -108 -90 
117 -0.0125001 0.0124999 0.0119999 1.000000000011408e-07 0.0250001 0.0120001 0 5 -125 -147 150 110 149 
118 -1.000000001889247e-07 0.0124999 0.0059999 0.0060001 0.0185001 0.0120001 1 3 4 151 152 -143 -92 
119 -9.999999999463563e-08 0.0124999 0.0059999 0.0075001 0.0200001 0.0120001 0 4 153 154 -141 -94 
120 0.005999899999999999 0.0124999 0.005999899999999999 0.007500100000000001 0.0125001 0.0120001 0 4 151 155 -153 -95 
121 -1.00000000189792e-07 0.0124999 0.0119999 0.007500100000000001 0.0200001 0.0120001 0 4 -152 155 154 -144 
122 -1.000000003264015e-07 0.0124999 0.0059999 0.009500099999999999 0.0220001 0.0120001 0 4 156 157 -146 -97 
123 0.007499899999999999 0.0124999 0.005999899999999999 0.009500100000000001 0.0125001 0.0120001 0 4 153 158 -156 -98 
124 -1.000000003272689e-07 0.0124999 0.0119999 0.009500100000000001 0.0220001 0.0120001 0 4 -154 158 157 -148 
125 0.0124999 0.0124999 0.005999899999999996 0.01250010000000001 0.0250001 0.0120001 0 4 159 160 -116 -100 
126 0.009499899999999997 0.0124999 0.005999899999999996 0.01250010000000001 0.01250010000000001 0.0120001 0 4 156 161 -159 -101 
127 -1.000000003272689e-07 0.0124999 0.0119999 0.0125001 0.0250001 0.0120001 0 5 -157 161 160 117 -150 
128 -1.000000003307383e-07 0.002999900000000002 0.0059999 0.009500099999999999 0.0125001 0.0120001 0 4 126 162 -156 -102 
129 0.0124999 -1.000000000037429e-07 0.005999899999999996 0.01250010000000001 0.01250010000000001 0.0120001 0 4 163 164 -159 -104 
130 -1.000000000011408e-07 -1.000000000008674e-07 0.005999899999999999 0.0125001 1.000000000008674e-07 0.0120001 1 1 4 128 165 -163 -105 
131 -1.000000003316057e-07 -1.000000000011408e-07 0.0119999 0.0125001 0.0125001 0.0120001 0 5 -129 165 164 -161 -162 
132 -9.999999998813042e-08 0.004999900000000001 0.0059999 0.0075001 0.0125001 0.0120001 0 4 133 166 -153 -106 
133 -1.000000003316057e-07 0.002999900000000001 0.0119999 0.009500100000000001 0.0125001 0.0120001 0 4 -135 162 -158 -166 
134 -1.000000001876236e-07 0.0064999 0.0059999 0.0060001 0.0125001 0.0120001 1 3 4 138 167 -151 -107 
135 -1.00000000188491e-07 0.0049999 0.0119999 0.007500100000000001 0.0125001 0.0120001 0 4 -140 166 -155 -167 
1 -0.01250010000000001 0.02499989999999999 -1.000000000046103e-07 1.000000000046103e-07 0.0330001 0.006000100000000005 1 11 6 34 -35 -36 -37 -17 38 
2 -1.000000000046103e-07 0.0249999 -1.000000000041766e-07 0.01250010000000001 0.0330001 0.006000100000000005 1 11 6 39 -40 -41 35 -21 42 
3 -0.01250010000000033 -1.000000003264015e-07 -1.000000003264015e-07 1.000000003264015e-07 0.01250010000000033 0.006000100000000327 1 11 7 -43 -44 45 -46 -47 -22 48 
4 -0.009500100000000327 0.002999899999999675 -1.000000003264015e-07 1.000000003394119e-07 0.01250010000000033 0.006000100000000327 1 10 6 -45 -49 50 -51 -23 52 
5 -0.007500100000000251 0.00499989999999975 -1.000000002505073e-07 1.000000002635178e-07 0.01250010000000025 0.006000100000000251 1 9 6 -50 -53 54 -55 -24 56 
6 -0.007500100000000251 0.0124998999999995 -1.000000002505073e-07 1.000000002565789e-07 0.02000010000000025 0.006000100000000251 1 9 6 53 -57 -58 59 -25 60 
7 -0.009500100000000325 0.01249989999999943 -1.000000003255341e-07 1.000000003316057e-07 0.02200010000000032 0.006000100000000326 1 10 6 49 -61 -62 57 -26 63 
8 -0.01250010000000033 0.01249989999999943 -1.000000003255341e-07 1.000000003255341e-07 0.02500010000000033 0.006000100000000326 1 11 7 44 -64 -34 -65 61 -27 66 
9 -1.000000003780095e-07 0.01249989999999981 -1.000000001889247e-07 0.007500100000000189 0.02000010000000019 0.006000100000000189 1 9 6 67 58 -68 -69 -28 70 
10 -1.000000006516621e-07 0.01249989999999968 -1.000000003255341e-07 0.009500100000000325 0.02200010000000032 0.006000100000000326 1 10 6 68 62 -71 -72 -29 73 
11 -1.000000006516621e-07 0.01249989999999968 -1.000000003255341e-07 0.01250010000000033 0.02500010000000033 0.006000100000000326 1 11 7 71 65 -39 -74 -75 -30 76 
12 -1.000000006577337e-07 -1.000000003264015e-07 -1.000000003264015e-07 0.01250010000000033 0.01250010000000033 0.006000100000000327 1 11 7 46 77 75 -78 -79 -31 80 
13 -1.000000006577337e-07 0.002999899999999675 -1.000000003264015e-07 0.009500100000000327 0.01250010000000033 0.006000100000000327 1 10 6 51 81 72 -77 -32 82 
14 -1.000000003754074e-07 0.004999899999999813 -1.000000001880573e-07 0.007500100000000187 0.01250010000000019 0.006000100000000188 1 9 6 55 83 69 -81 -33 84 
15 -0.01250010000000001 0.02499989999999999 0.005999899999999996 1.000000000046103e-07 0.0330001 0.0120001 1 11 6 85 -86 -87 -88 -38 89 
16 -1.000000000046103e-07 0.0249999 0.005999899999999996 0.01250010000000001 0.0330001 0.0120001 1 11 6 90 -91 -92 86 -42 93 
17 -0.01250010000000033 -1.000000003264015e-07 0.005999899999999674 1.000000003264015e-07 0.01250010000000033 0.01200010000000033 1 11 7 -94 -95 96 -97 -98 -48 99 
18 -0.009500100000000327 0.002999899999999675 0.005999899999999674 1.000000003394119e-07 0.01250010000000033 0.01200010000000033 1 10 6 -96 -100 101 -102 -52 103 
19 -0.007500100000000251 0.00499989999999975 0.005999899999999749 1.000000002635178e-07 0.01250010000000025 0.01200010000000025 1 9 6 -101 -104 105 -106 -56 107 
20 -0.007500100000000251 0.0124998999999995 0.005999899999999749 1.000000002565789e-07 0.02000010000000025 0.01200010000000025 1 9 6 104 -108 -109 110 -60 111 
21 -0.009500100000000325 0.01249989999999943 0.005999899999999675 1.000000003316057e-07 0.02200010000000032 0.01200010000000033 1 10 6 100 -112 -113 108 -63 114 
22 -0.01250010000000033 0.01249989999999943 0.005999899999999675 1.000000003255341e-07 0.02500010000000033 0.01200010000000033 1 11 7 95 -115 -85 -116 112 -66 117 
23 -1.000000003780095e-07 0.01249989999999981 0.005999899999999811 0.007500100000000189 0.02000010000000019 0.01200010000000019 1 9 6 118 109 -119 -120 -70 121 
24 -1.000000006516621e-07 0.01249989999999968 0.005999899999999675 0.009500100000000325 0.02200010000000032 0.01200010000000033 1 10 6 119 113 -122 -123 -73 124 
25 -1.000000006516621e-07 0.01249989999999968 0.005999899999999675 0.01250010000000033 0.02500010000000033 0.01200010000000033 1 11 7 122 116 -90 -125 -126 -76 127 
26 -1.000000006577337e-07 -1.000000003264015e-07 0.005999899999999674 0.01250010000000033 0.01250010000000033 0.01200010000000033 1 11 7 97 128 126 -129 -130 -80 131 
27 -1.000000006577337e-07 0.002999899999999675 0.005999899999999674 0.009500100000000327 0.01250010000000033 0.01200010000000033 1 10 6 102 132 123 -128 -82 133 
28 -1.000000003754074e-07 0.004999899999999813 0.005999899999999813 0.007500100000000187 0.01250010000000019 0.01200010000000019 1 9 6 106 134 120 -132 -84 135 
$EndEntities
$Nodes
370 5152 1 5152
0 5 0 1
1
0 0.025 0
0 6 0 1
2
-0.0125 0.025 0
0 8 0 1
3
0.0125 0.025 0
0 10 0 1
4
0 0.033 0
0 11 0 1
5
-0.0125 0.033 0
0 12 0 1
6
0.0125 0.033 0
0 13 0 1
7
-0.0125 0.0125 0
0 14 0 1
8
-0.0125 0 0
0 15 0 1
9
-0.0095 0.01249999999999975 0
0 16 0 1
10
-3.257238178497133e-16 0.003000000000000001 0
0 17 0 1
11
0 0 0
0 18 0 1
12
-0.0075 0.01249999999999975 0
0 19 0 1
13
1.263381247098149e-17 0.005000000000000001 0
0 20 0 1
14
-0.006 0.01249999999999975 0
0 21 0 1
15
-1.870685591966426e-16 0.006500000000000001 0
0 22 0 1
16
6.0582921541222e-18 0.02 0
0 23 0 1
17
-1.889983063762546e-16 0.0185 0
0 24 0 1
18
-3.256151152639172e-16 0.022 0
0 25 0 1
19
0.006 0.0125 0
0 26 0 1
20
0.0075 0.0125 0
0 27 0 1
21
0.0095 0.0125 0
0 28 0 1
22
0.0125 0.0125 0
0 29 0 1
23
0.0125 0 0
0 30 0 1
24
0 0.025 0.006
0 31 0 1
25
-0.0125 0.025 0.006
0 32 0 1
26
0 0.033 0.006
0 33 0 1
27
-0.0125 0.033 0.006
0 34 0 1
28
0.0125 0.025 0.006
0 35 0 1
29
0.0125 0.033 0.006
0 36 0 1
30
-0.0125 0.0125 0.006
0 37 0 1
31
-0.0125 0 0.006
0 38 0 1
32
-0.0095 0.01249999999999975 0.006
0 39 0 1
33
-3.257238178497133e-16 0.003000000000000001 0.006
0 40 0 1
34
0 0 0.006
0 41 0 1
35
-0.0075 0.01249999999999975 0.006
0 42 0 1
36
1.263381247098149e-17 0.005000000000000001 0.006
0 43 0 1
37
-0.006 0.01249999999999975 0.006
0 44 0 1
38
-1.870685591966426e-16 0.006500000000000001 0.006
0 45 0 1
39
6.0582921541222e-18 0.02 0.006
0 46 0 1
40
-1.889983063762546e-16 0.0185 0.006
0 47 0 1
41
-3.256151152639172e-16 0.022 0.006
0 48 0 1
42
0.006 0.0125 0.006
0 49 0 1
43
0.0075 0.0125 0.006
0 50 0 1
44
0.0095 0.0125 0.006
0 51 0 1
45
0.0125 0.0125 0.006
0 52 0 1
46
0.0125 0 0.006
0 53 0 1
47
0 0.025 0.012
0 54 0 1
48
-0.0125 0.025 0.012
0 55 0 1
49
0 0.033 0.012
0 56 0 1
50
-0.0125 0.033 0.012
0 57 0 1
51
0.0125 0.025 0.012
0 58 0 1
52
0.0125 0.033 0.012
0 59 0 1
53
-0.0125 0.0125 0.012
0 60 0 1
54
-0.0125 0 0.012
0 61 0 1
55
-0.0095 0.01249999999999975 0.012
0 62 0 1
56
-3.257238178497133e-16 0.003000000000000001 0.012
0 63 0 1
57
0 0 0.012
0 64 0 1
58
-0.0075 0.01249999999999975 0.012
0 65 0 1
59
1.263381247098149e-17 0.005000000000000001 0.012
0 66 0 1
60
-0.006 0.01249999999999975 0.012
0 67 0 1
61
-1.870685591966426e-16 0.006500000000000001 0.012
0 68 0 1
62
6.0582921541222e-18 0.02 0.012
0 69 0 1
63
-1.889983063762546e-16 0.0185 0.012
0 70 0 1
64
-3.256151152639172e-16 0.022 0.012
0 71 0 1
65
0.006 0.0125 0.012
0 72 0 1
66
0.0075 0.0125 0.012
0 73 0 1
67
0.0095 0.0125 0.012
0 74 0 1
68
0.0125 0.0125 0.012
0 75 0 1
69
0.0125 0 0.012
1 6 0 3
70
71
72
-0.006250000000000005 0.025 0
-0.003125000000000002 0.025 0
-0.009375000000000003 0.025 0
1 10 0 3
73
74
75
0.006249999999999996 0.025 0
0.009374999999999998 0.025 0
0.003124999999999998 0.025 0
1 13 0 7
76
77
78
79
80
81
82
0 0.027 0
0 0.029 0
0 0.031 0
0 0.026 0
0 0.028 0
0 0.03 0
0 0.032 0
1 14 0 3
83
84
85
-0.006250000000000005 0.033 0
-0.003125000000000002 0.033 0
-0.009375000000000003 0.033 0
1 15 0 7
86
87
88
89
90
91
92
-0.0125 0.031 0
-0.0125 0.029 0
-0.0125 0.027 0
-0.0125 0.032 0
-0.0125 0.03 0
-0.0125 0.028 0
-0.0125 0.026 0
1 16 0 7
93
94
95
96
97
98
99
0.0125 0.027 0
0.0125 0.029 0
0.0125 0.031 0
0.0125 0.026 0
0.0125 0.028 0
0.0125 0.03 0
0.0125 0.032 0
1 17 0 3
100
101
102
0.006249999999999996 0.033 0
0.009374999999999998 0.033 0
0.003124999999999998 0.033 0
1 18 0 3
103
104
105
-0.0125 0.006249999999999996 0
-0.0125 0.009374999999999998 0
-0.0125 0.003124999999999998 0
1 19 0 7
106
107
108
109
110
111
112
-0.01025 0.0125 0
-0.011 0.0125 0
-0.01175 0.0125 0
-0.009875 0.0125 0
-0.010625 0.0125 0
-0.011375 0.0125 0
-0.012125 0.0125 0
1 20 0 7
113
114
115
116
117
118
119
-0.008776855558857254 0.00886450739253172 0
-0.006717514421272304 0.005782485578727902 0
-0.003635492607468569 0.003723144441142866 0
-0.009317460163830697 0.01064664194084682 0
-0.007898961316874243 0.007222082786313874 0
-0.005277917213686374 0.004601038683125924 0
-0.001853358059153495 0.003182539836169366 0
1 21 0 7
120
121
122
123
124
125
126
0 0.00075 0
0 0.0015 0
0 0.002250000000000001 0
0 0.000375 0
0 0.001125 0
0 0.001875000000000001 0
0 0.002625000000000001 0
1 22 0 3
127
128
129
-0.006249999999999996 0 0
-0.009374999999999998 0 0
-0.003124999999999998 0 0
1 23 0 5
130
131
132
133
134
-0.008166666666666666 0.0125 0
-0.008833333333333334 0.0125 0
-0.007833333333333333 0.0125 0
-0.008500000000000001 0.0125 0
-0.009166666666666667 0.0125 0
1 24 0 7
135
136
137
138
139
140
141
-0.006929096493834651 0.009629874257261828 0
-0.005303300858899112 0.0071966991411009 0
-0.002870125742738171 0.00557090350616535 0
-0.007355889603024228 0.01103682258487904 0
-0.006236022092269091 0.008333223252352986 0
-0.004166776747647016 0.006263977907730912 0
-0.001463177415120952 0.00514411039697577 0
1 25 0 5
142
143
144
145
146
0 0.003666666666666667 0
0 0.004333333333333334 0
0 0.003333333333333334 0
0 0.004000000000000001 0
0 0.004666666666666668 0
1 26 0 5
147
148
149
150
151
-0.0065 0.0125 0
-0.006999999999999999 0.0125 0
-0.00625 0.0125 0
-0.00675 0.0125 0
-0.00725 0.0125 0
1 27 0 7
152
153
154
155
156
157
158
-0.005543277195067737 0.0102038994058095 0
-0.004242640687119342 0.008257359312880772 0
-0.00229610059419066 0.00695672280493233 0
-0.005884711682419387 0.01132945806790325 0
-0.004988817673815305 0.009166578601882438 0
-0.003333421398117702 0.007511182326184788 0
-0.001170541932096924 0.006615288317580649 0
1 28 0 5
159
160
161
162
163
0 0.005500000000000001 0
0 0.006 0
0 0.005250000000000001 0
0 0.005750000000000001 0
0 0.00625 0
1 29 0 7
164
165
166
167
168
169
170
-0.002870125742738173 0.01942909649383465 0
-0.005303300858899106 0.01780330085889911 0
-0.00692909649383465 0.01537012574273817 0
-0.001463177415120958 0.01985588960302423 0
-0.004166776747647017 0.01873602209226909 0
-0.00623602209226909 0.01666677674764701 0
-0.007355889603024228 0.01396317741512096 0
1 30 0 5
171
172
173
174
175
0 0.019 0
0 0.0195 0
0 0.01875 0
0 0.01925 0
0 0.01975 0
1 31 0 7
176
177
178
179
180
181
182
-0.002296100594190669 0.01804327719506767 0
-0.004242640687119355 0.01674264068711922 0
-0.00554327719506774 0.01479610059419049 0
-0.001170541932096931 0.01838471168241935 0
-0.003333421398117714 0.01748881767381521 0
-0.004988817673815314 0.01583342139811755 0
-0.005884711682419387 0.01367054193209675 0
1 32 0 7
183
184
185
186
187
188
189
-0.003635492607468578 0.02127685555885713 0
-0.006717514421272323 0.01921751442127208 0
-0.008776855558857256 0.01613549260746828 0
-0.001853358059153497 0.02181746016383063 0
-0.005277917213686393 0.02039896131687406 0
-0.00789896131687425 0.01777791721368611 0
-0.009317460163830697 0.01435335805915318 0
1 33 0 5
190
191
192
193
194
0 0.02066666666666667 0
0 0.02133333333333333 0
0 0.02033333333333334 0
0 0.021 0
0 0.02166666666666667 0
1 34 0 3
195
196
197
-0.0125 0.01875 0
-0.0125 0.021875 0
-0.0125 0.015625 0
1 35 0 7
198
199
200
201
202
203
204
0 0.02275 0
0 0.0235 0
0 0.02425 0
0 0.022375 0
0 0.023125 0
0 0.023875 0
0 0.024625 0
1 36 0 7
205
206
207
208
209
210
211
0.005543277195067702 0.01479610059419059 0
0.004242640687119212 0.01674264068711936 0
0.002296100594190402 0.01804327719506778 0
0.005884711682419378 0.0136705419320968 0
0.00498881767381523 0.01583342139811768 0
0.003333421398117509 0.01748881767381534 0
0.001170541932096604 0.01838471168241942 0
1 37 0 7
212
213
214
215
216
217
218
0.00692909649383465 0.01537012574273817 0
0.005303300858899105 0.01780330085889911 0
0.002870125742738178 0.01942909649383465 0
0.007355889603024228 0.01396317741512096 0
0.006236022092269088 0.01666677674764702 0
0.004166776747647018 0.01873602209226909 0
0.001463177415120967 0.01985588960302423 0
1 38 0 5
219
220
221
222
223
0.0065 0.0125 0
0.006999999999999999 0.0125 0
0.00625 0.0125 0
0.00675 0.0125 0
0.00725 0.0125 0
1 39 0 7
224
225
226
227
228
229
230
0.008776855558857191 0.01613549260746843 0
0.006717514421272075 0.01921751442127233 0
0.003635492607468115 0.02127685555885732 0
0.00931746016383068 0.01435335805915326 0
0.007898961316874106 0.01777791721368633 0
0.00527791721368604 0.0203989613168743 0
0.001853358059152932 0.02181746016383074 0
1 40 0 5
231
232
233
234
235
0.008166666666666666 0.0125 0
0.008833333333333334 0.0125 0
0.007833333333333333 0.0125 0
0.008500000000000001 0.0125 0
0.009166666666666667 0.0125 0
1 41 0 3
236
237
238
0.0125 0.01875000000000001 0
0.0125 0.015625 0
0.0125 0.02187500000000001 0
1 42 0 7
239
240
241
242
243
244
245
0.01025 0.0125 0
0.011 0.0125 0
0.01175 0.0125 0
0.009875 0.0125 0
0.010625 0.0125 0
0.011375 0.0125 0
0.012125 0.0125 0
1 43 0 7
246
247
248
249
250
251
252
0.003635492607468129 0.003723144441142684 0
0.006717514421272087 0.005782485578727685 0
0.008776855558857191 0.008864507392531572 0
0.001853358059152938 0.003182539836169255 0
0.005277917213686056 0.004601038683125712 0
0.007898961316874115 0.007222082786313681 0
0.009317460163830681 0.01064664194084674 0
1 44 0 3
253
254
255
0.0125 0.006250000000000005 0
0.0125 0.003125000000000002 0
0.0125 0.009375000000000003 0
1 45 0 3
256
257
258
0.006250000000000005 0 0
0.003125000000000002 0 0
0.009375000000000003 0 0
1 46 0 7
259
260
261
262
263
264
265
0.002870125742738175 0.005570903506165351 0
0.005303300858899095 0.007196699141100884 0
0.006929096493834646 0.009629874257261816 0
0.001463177415120969 0.005144110396975774 0
0.004166776747647013 0.00626397790773091 0
0.006236022092269081 0.008333223252352973 0
0.007355889603024227 0.01103682258487904 0
1 47 0 7
266
267
268
269
270
271
272
0.002296100594190412 0.006956722804932228 0
0.004242640687119221 0.008257359312880651 0
0.005543277195067703 0.01020389940580942 0
0.001170541932096608 0.006615288317580586 0
0.003333421398117519 0.007511182326184666 0
0.004988817673815233 0.00916657860188233 0
0.005884711682419378 0.01132945806790321 0
1 48 0 5
273
274
275
276
277
0 0.025 0.002
0 0.025 0.004
0 0.025 0.001
0 0.025 0.003
0 0.025 0.005
1 49 0 5
278
279
280
281
282
-0.0125 0.025 0.002
-0.0125 0.025 0.004
-0.0125 0.025 0.001
-0.0125 0.025 0.003
-0.0125 0.025 0.005
1 50 0 3
283
284
285
-0.006250000000000005 0.025 0.006
-0.003125000000000002 0.025 0.006
-0.009375000000000003 0.025 0.006
1 51 0 5
286
287
288
289
290
0 0.033 0.002
0 0.033 0.004
0 0.033 0.001
0 0.033 0.003
0 0.033 0.005
1 52 0 7
291
292
293
294
295
296
297
0 0.027 0.006
0 0.029 0.006
0 0.031 0.006
0 0.026 0.006
0 0.028 0.006
0 0.03 0.006
0 0.032 0.006
1 53 0 5
298
299
300
301
302
-0.0125 0.033 0.002
-0.0125 0.033 0.004
-0.0125 0.033 0.001
-0.0125 0.033 0.003
-0.0125 0.033 0.005
1 54 0 3
303
304
305
-0.006250000000000005 0.033 0.006
-0.003125000000000002 0.033 0.006
-0.009375000000000003 0.033 0.006
1 55 0 7
306
307
308
309
310
311
312
-0.0125 0.031 0.006
-0.0125 0.029 0.006
-0.0125 0.027 0.006
-0.0125 0.032 0.006
-0.0125 0.03 0.006
-0.0125 0.028 0.006
-0.0125 0.026 0.006
1 56 0 5
313
314
315
316
317
0.0125 0.025 0.002
0.0125 0.025 0.004
0.0125 0.025 0.001
0.0125 0.025 0.003
0.0125 0.025 0.005
1 57 0 3
318
319
320
0.006249999999999996 0.025 0.006
0.009374999999999998 0.025 0.006
0.003124999999999998 0.025 0.006
1 58 0 5
321
322
323
324
325
0.0125 0.033 0.002
0.0125 0.033 0.004
0.0125 0.033 0.001
0.0125 0.033 0.003
0.0125 0.033 0.005
1 59 0 7
326
327
328
329
330
331
332
0.0125 0.027 0.006
0.0125 0.029 0.006
0.0125 0.031 0.006
0.0125 0.026 0.006
0.0125 0.028 0.006
0.0125 0.03 0.006
0.0125 0.032 0.006
1 60 0 3
333
334
335
0.006249999999999996 0.033 0.006
0.009374999999999998 0.033 0.006
0.003124999999999998 0.033 0.006
1 61 0 5
336
337
338
339
340
-0.0125 0.0125 0.002
-0.0125 0.0125 0.004
-0.0125 0.0125 0.001
-0.0125 0.0125 0.003
-0.0125 0.0125 0.005
1 62 0 5
341
342
343
344
345
-0.0125 0 0.002
-0.0125 0 0.004
-0.0125 0 0.001
-0.0125 0 0.003
-0.0125 0 0.005
1 63 0 3
346
347
348
-0.0125 0.006249999999999996 0.006
-0.0125 0.009374999999999998 0.006
-0.0125 0.003124999999999998 0.006
1 64 0 5
349
350
351
352
353
-0.0095 0.01249999999999975 0.002
-0.0095 0.01249999999999975 0.004
-0.0095 0.01249999999999975 0.001
-0.0095 0.01249999999999975 0.003
-0.0095 0.01249999999999975 0.005
1 65 0 7
354
355
356
357
358
359
360
-0.01025 0.0125 0.006
-0.011 0.0125 0.006
-0.01175 0.0125 0.006
-0.009875 0.0125 0.006
-0.010625 0.0125 0.006
-0.011375 0.0125 0.006
-0.012125 0.0125 0.006
1 66 0 5
361
362
363
364
365
-3.257238178497133e-16 0.003000000000000001 0.002
-3.257238178497133e-16 0.003000000000000001 0.004
-3.257238178497133e-16 0.003000000000000001 0.001
-3.257238178497133e-16 0.003000000000000001 0.003
-3.257238178497133e-16 0.003000000000000001 0.005
1 67 0 7
366
367
368
369
370
371
372
-0.008776855558857254 0.00886450739253172 0.006
-0.006717514421272304 0.005782485578727902 0.006
-0.003635492607468569 0.003723144441142866 0.006
-0.009317460163830697 0.01064664194084682 0.006
-0.007898961316874243 0.007222082786313874 0.006
-0.005277917213686374 0.004601038683125924 0.006
-0.001853358059153495 0.003182539836169366 0.006
1 68 0 5
373
374
375
376
377
0 0 0.002
0 0 0.004
0 0 0.001
0 0 0.003
0 0 0.005
1 69 0 7
378
379
380
381
382
383
384
0 0.00075 0.006
0 0.0015 0.006
0 0.002250000000000001 0.006
0 0.000375 0.006
0 0.001125 0.006
0 0.001875000000000001 0.006
0 0.002625000000000001 0.006
1 70 0 3
385
386
387
-0.006249999999999996 0 0.006
-0.009374999999999998 0 0.006
-0.003124999999999998 0 0.006
1 71 0 5
388
389
390
391
392
-0.0075 0.01249999999999975 0.002
-0.0075 0.01249999999999975 0.004
-0.0075 0.01249999999999975 0.001
-0.0075 0.01249999999999975 0.003
-0.0075 0.01249999999999975 0.005
1 72 0 5
393
394
395
396
397
-0.008166666666666666 0.0125 0.006
-0.008833333333333334 0.0125 0.006
-0.007833333333333333 0.0125 0.006
-0.008500000000000001 0.0125 0.006
-0.009166666666666667 0.0125 0.006
1 73 0 5
398
399
400
401
402
1.263381247098149e-17 0.005000000000000001 0.002
1.263381247098149e-17 0.005000000000000001 0.004
1.263381247098149e-17 0.005000000000000001 0.001
1.263381247098149e-17 0.005000000000000001 0.003
1.263381247098149e-17 0.005000000000000001 0.005
1 74 0 7
403
404
405
406
407
408
409
-0.006929096493834651 0.009629874257261828 0.006
-0.005303300858899112 0.0071966991411009 0.006
-0.002870125742738171 0.00557090350616535 0.006
-0.007355889603024228 0.01103682258487904 0.006
-0.006236022092269091 0.008333223252352986 0.006
-0.004166776747647016 0.006263977907730912 0.006
-0.001463177415120952 0.00514411039697577 0.006
1 75 0 5
410
411
412
413
414
0 0.003666666666666667 0.006
0 0.004333333333333334 0.006
0 0.003333333333333334 0.006
0 0.004000000000000001 0.006
0 0.004666666666666668 0.006
1 76 0 5
415
416
417
418
419
-0.006 0.01249999999999975 0.002
-0.006 0.01249999999999975 0.004
-0.006 0.01249999999999975 0.001
-0.006 0.01249999999999975 0.003
-0.006 0.01249999999999975 0.005
1 77 0 5
420
421
422
423
424
-0.0065 0.0125 0.006
-0.006999999999999999 0.0125 0.006
-0.00625 0.0125 0.006
-0.00675 0.0125 0.006
-0.00725 0.0125 0.006
1 78 0 5
425
426
427
428
429
-1.870685591966426e-16 0.006500000000000001 0.002
-1.870685591966426e-16 0.006500000000000001 0.004
-1.870685591966426e-16 0.006500000000000001 0.001
-1.870685591966426e-16 0.006500000000000001 0.003
-1.870685591966426e-16 0.006500000000000001 0.005
1 79 0 7
430
431
432
433
434
435
436
-0.005543277195067737 0.0102038994058095 0.006
-0.004242640687119342 0.008257359312880772 0.006
-0.00229610059419066 0.00695672280493233 0.006
-0.005884711682419387 0.01132945806790325 0.006
-0.004988817673815305 0.009166578601882438 0.006
-0.003333421398117702 0.007511182326184788 0.006
-0.001170541932096924 0.006615288317580649 0.006
1 80 0 5
437
438
439
440
441
0 0.005500000000000001 0.006
0 0.006 0.006
0 0.005250000000000001 0.006
0 0.005750000000000001 0.006
0 0.00625 0.006
1 81 0 5
442
443
444
445
446
6.0582921541222e-18 0.02 0.002
6.0582921541222e-18 0.02 0.004
6.0582921541222e-18 0.02 0.001
6.0582921541222e-18 0.02 0.003
6.0582921541222e-18 0.02 0.005
1 82 0 7
447
448
449
450
451
452
453
-0.002870125742738173 0.01942909649383465 0.006
-0.005303300858899106 0.01780330085889911 0.006
-0.00692909649383465 0.01537012574273817 0.006
-0.001463177415120958 0.01985588960302423 0.006
-0.004166776747647017 0.01873602209226909 0.006
-0.00623602209226909 0.01666677674764701 0.006
-0.007355889603024228 0.01396317741512096 0.006
1 83 0 5
454
455
456
457
458
-1.889983063762546e-16 0.0185 0.002
-1.889983063762546e-16 0.0185 0.004
-1.889983063762546e-16 0.0185 0.001
-1.889983063762546e-16 0.0185 0.003
-1.889983063762546e-16 0.0185 0.005
1 84 0 5
459
460
461
462
463
0 0.019 0.006
0 0.0195 0.006
0 0.01875 0.006
0 0.01925 0.006
0 0.01975 0.006
1 85 0 7
464
465
466
467
468
469
470
-0.002296100594190669 0.01804327719506767 0.006
-0.004242640687119355 0.01674264068711922 0.006
-0.00554327719506774 0.01479610059419049 0.006
-0.001170541932096931 0.01838471168241935 0.006
-0.003333421398117714 0.01748881767381521 0.006
-0.004988817673815314 0.01583342139811755 0.006
-0.005884711682419387 0.01367054193209675 0.006
1 86 0 5
471
472
473
474
475
-3.256151152639172e-16 0.022 0.002
-3.256151152639172e-16 0.022 0.004
-3.256151152639172e-16 0.022 0.001
-3.256151152639172e-16 0.022 0.003
-3.256151152639172e-16 0.022 0.005
1 87 0 7
476
477
478
479
480
481
482
-0.003635492607468578 0.02127685555885713 0.006
-0.006717514421272323 0.01921751442127208 0.006
-0.008776855558857256 0.01613549260746828 0.006
-0.001853358059153497 0.02181746016383063 0.006
-0.005277917213686393 0.02039896131687406 0.006
-0.00789896131687425 0.01777791721368611 0.006
-0.009317460163830697 0.01435335805915318 0.006
1 88 0 5
483
484
485
486
487
0 0.02066666666666667 0.006
0 0.02133333333333333 0.006
0 0.02033333333333334 0.006
0 0.021 0.006
0 0.02166666666666667 0.006
1 89 0 3
488
489
490
-0.0125 0.01875 0.006
-0.0125 0.021875 0.006
-0.0125 0.015625 0.006
1 90 0 7
491
492
493
494
495
496
497
0 0.02275 0.006
0 0.0235 0.006
0 0.02425 0.006
0 0.022375 0.006
0 0.023125 0.006
0 0.023875 0.006
0 0.024625 0.006
1 91 0 5
498
499
500
501
502
0.006 0.0125 0.002
0.006 0.0125 0.004
0.006 0.0125 0.001
0.006 0.0125 0.003
0.006 0.0125 0.005
1 92 0 7
503
504
505
506
507
508
509
0.005543277195067702 0.01479610059419059 0.006
0.004242640687119212 0.01674264068711936 0.006
0.002296100594190402 0.01804327719506778 0.006
0.005884711682419378 0.0136705419320968 0.006
0.00498881767381523 0.01583342139811768 0.006
0.003333421398117509 0.01748881767381534 0.006
0.001170541932096604 0.01838471168241942 0.006
1 93 0 5
510
511
512
513
514
0.0075 0.0125 0.002
0.0075 0.0125 0.004
0.0075 0.0125 0.001
0.0075 0.0125 0.003
0.0075 0.0125 0.005
1 94 0 7
515
516
517
518
519
520
521
0.00692909649383465 0.01537012574273817 0.006
0.005303300858899105 0.01780330085889911 0.006
0.002870125742738178 0.01942909649383465 0.006
0.007355889603024228 0.01396317741512096 0.006
0.006236022092269088 0.01666677674764702 0.006
0.004166776747647018 0.01873602209226909 0.006
0.001463177415120967 0.01985588960302423 0.006
1 95 0 5
522
523
524
525
526
0.0065 0.0125 0.006
0.006999999999999999 0.0125 0.006
0.00625 0.0125 0.006
0.00675 0.0125 0.006
0.00725 0.0125 0.006
1 96 0 5
527
528
529
530
531
0.0095 0.0125 0.002
0.0095 0.0125 0.004
0.0095 0.0125 0.001
0.0095 0.0125 0.003
0.0095 0.0125 0.005
1 97 0 7
532
533
534
535
536
537
538
0.008776855558857191 0.01613549260746843 0.006
0.006717514421272075 0.01921751442127233 0.006
0.003635492607468115 0.02127685555885732 0.006
0.00931746016383068 0.01435335805915326 0.006
0.007898961316874106 0.01777791721368633 0.006
0.00527791721368604 0.0203989613168743 0.006
0.001853358059152932 0.02181746016383074 0.006
1 98 0 5
539
540
541
542
543
0.008166666666666666 0.0125 0.006
0.008833333333333334 0.0125 0.006
0.007833333333333333 0.0125 0.006
0.008500000000000001 0.0125 0.006
0.009166666666666667 0.0125 0.006
1 99 0 5
544
545
546
547
548
0.0125 0.0125 0.002
0.0125 0.0125 0.004
0.0125 0.0125 0.001
0.0125 0.0125 0.003
0.0125 0.0125 0.005
1 100 0 3
549
550
551
0.0125 0.01875000000000001 0.006
0.0125 0.015625 0.006
0.0125 0.02187500000000001 0.006
1 101 0 7
552
553
554
555
556
557
558
0.01025 0.0125 0.006
0.011 0.0125 0.006
0.01175 0.0125 0.006
0.009875 0.0125 0.006
0.010625 0.0125 0.006
0.011375 0.0125 0.006
0.012125 0.0125 0.006
1 102 0 7
559
560
561
562
563
564
565
0.003635492607468129 0.003723144441142684 0.006
0.006717514421272087 0.005782485578727685 0.006
0.008776855558857191 0.008864507392531572 0.006
0.001853358059152938 0.003182539836169255 0.006
0.005277917213686056 0.004601038683125712 0.006
0.007898961316874115 0.007222082786313681 0.006
0.009317460163830681 0.01064664194084674 0.006
1 103 0 5
566
567
568
569
570
0.0125 0 0.002
0.0125 0 0.004
0.0125 0 0.001
0.0125 0 0.003
0.0125 0 0.005
1 104 0 3
571
572
573
0.0125 0.006250000000000005 0.006
0.0125 0.003125000000000002 0.006
0.0125 0.009375000000000003 0.006
1 105 0 3
574
575
576
0.006250000000000005 0 0.006
0.003125000000000002 0 0.006
0.009375000000000003 0 0.006
1 106 0 7
577
578
579
580
581
582
583
0.002870125742738175 0.005570903506165351 0.006
0.005303300858899095 0.007196699141100884 0.006
0.006929096493834646 0.009629874257261816 0.006
0.001463177415120969 0.005144110396975774 0.006
0.004166776747647013 0.00626397790773091 0.006
0.006236022092269081 0.008333223252352973 0.006
0.007355889603024227 0.01103682258487904 0.006
1 107 0 7
584
585
586
587
588
589
590
0.002296100594190412 0.006956722804932228 0.006
0.004242640687119221 0.008257359312880651 0.006
0.005543277195067703 0.01020389940580942 0.006
0.001170541932096608 0.006615288317580586 0.006
0.003333421398117519 0.007511182326184666 0.006
0.004988817673815233 0.00916657860188233 0.006
0.005884711682419378 0.01132945806790321 0.006
1 108 0 5
591
592
593
594
595
0 0.025 0.008
0 0.025 0.01
0 0.025 0.007
0 0.025 0.009000000000000001
0 0.025 0.011
1 109 0 5
596
597
598
599
600
-0.0125 0.025 0.008
-0.0125 0.025 0.01
-0.0125 0.025 0.007
-0.0125 0.025 0.009000000000000001
-0.0125 0.025 0.011
1 110 0 3
601
602
603
-0.006250000000000005 0.025 0.012
-0.003125000000000002 0.025 0.012
-0.009375000000000003 0.025 0.012
1 111 0 5
604
605
606
607
608
0 0.033 0.008
0 0.033 0.01
0 0.033 0.007
0 0.033 0.009000000000000001
0 0.033 0.011
1 112 0 7
609
610
611
612
613
614
615
0 0.027 0.012
0 0.029 0.012
0 0.031 0.012
0 0.026 0.012
0 0.028 0.012
0 0.03 0.012
0 0.032 0.012
1 113 0 5
616
617
618
619
620
-0.0125 0.033 0.008
-0.0125 0.033 0.01
-0.0125 0.033 0.007
-0.0125 0.033 0.009000000000000001
-0.0125 0.033 0.011
1 114 0 3
621
622
623
-0.006250000000000005 0.033 0.012
-0.003125000000000002 0.033 0.012
-0.009375000000000003 0.033 0.012
1 115 0 7
624
625
626
627
628
629
630
-0.0125 0.031 0.012
-0.0125 0.029 0.012
-0.0125 0.027 0.012
-0.0125 0.032 0.012
-0.0125 0.03 0.012
-0.0125 0.028 0.012
-0.0125 0.026 0.012
1 116 0 5
631
632
633
634
635
0.0125 0.025 0.008
0.0125 0.025 0.01
0.0125 0.025 0.007
0.0125 0.025 0.009000000000000001
0.0125 0.025 0.011
1 117 0 3
636
637
638
0.006249999999999996 0.025 0.012
0.009374999999999998 0.025 0.012
0.003124999999999998 0.025 0.012
1 118 0 5
639
640
641
642
643
0.0125 0.033 0.008
0.0125 0.033 0.01
0.0125 0.033 0.007
0.0125 0.033 0.009000000000000001
0.0125 0.033 0.011
1 119 0 7
644
645
646
647
648
649
650
0.0125 0.027 0.012
0.0125 0.029 0.012
0.0125 0.031 0.012
0.0125 0.026 0.012
0.0125 0.028 0.012
0.0125 0.03 0.012
0.0125 0.032 0.012
1 120 0 3
651
652
653
0.006249999999999996 0.033 0.012
0.009374999999999998 0.033 0.012
0.003124999999999998 0.033 0.012
1 121 0 5
654
655
656
657
658
-0.0125 0.0125 0.008
-0.0125 0.0125 0.01
-0.0125 0.0125 0.007
-0.0125 0.0125 0.009000000000000001
-0.0125 0.0125 0.011
1 122 0 5
659
660
661
662
663
-0.0125 0 0.008
-0.0125 0 0.01
-0.0125 0 0.007
-0.0125 0 0.009000000000000001
-0.0125 0 0.011
1 123 0 3
664
665
666
-0.0125 0.006249999999999996 0.012
-0.0125 0.009374999999999998 0.012
-0.0125 0.003124999999999998 0.012
1 124 0 5
667
668
669
670
671
-0.0095 0.01249999999999975 0.008
-0.0095 0.01249999999999975 0.01
-0.0095 0.01249999999999975 0.007
-0.0095 0.01249999999999975 0.009000000000000001
-0.0095 0.01249999999999975 0.011
1 125 0 7
672
673
674
675
676
677
678
-0.01025 0.0125 0.012
-0.011 0.0125 0.012
-0.01175 0.0125 0.012
-0.009875 0.0125 0.012
-0.010625 0.0125 0.012
-0.011375 0.0125 0.012
-0.012125 0.0125 0.012
1 126 0 5
679
680
681
682
683
-3.257238178497133e-16 0.003000000000000001 0.008
-3.257238178497133e-16 0.003000000000000001 0.01
-3.257238178497133e-16 0.003000000000000001 0.007
-3.257238178497133e-16 0.003000000000000001 0.009000000000000001
-3.257238178497133e-16 0.003000000000000001 0.011
1 127 0 7
684
685
686
687
688
689
690
-0.008776855558857254 0.00886450739253172 0.012
-0.006717514421272304 0.005782485578727902 0.012
-0.003635492607468569 0.003723144441142866 0.012
-0.009317460163830697 0.01064664194084682 0.012
-0.007898961316874243 0.007222082786313874 0.012
-0.005277917213686374 0.004601038683125924 0.012
-0.001853358059153495 0.003182539836169366 0.012
1 128 0 5
691
692
693
694
695
0 0 0.008
0 0 0.01
0 0 0.007
0 0 0.009000000000000001
0 0 0.011
1 129 0 7
696
697
698
699
700
701
702
0 0.00075 0.012
0 0.0015 0.012
0 0.002250000000000001 0.012
0 0.000375 0.012
0 0.001125 0.012
0 0.001875000000000001 0.012
0 0.002625000000000001 0.012
1 130 0 3
703
704
705
-0.006249999999999996 0 0.012
-0.009374999999999998 0 0.012
-0.003124999999999998 0 0.012
1 131 0 5
706
707
708
709
710
-0.0075 0.01249999999999975 0.008
-0.0075 0.01249999999999975 0.01
-0.0075 0.01249999999999975 0.007
-0.0075 0.01249999999999975 0.009000000000000001
-0.0075 0.01249999999999975 0.011
1 132 0 5
711
712
713
714
715
-0.008166666666666666 0.0125 0.012
-0.008833333333333334 0.0125 0.012
-0.007833333333333333 0.0125 0.012
-0.008500000000000001 0.0125 0.012
-0.009166666666666667 0.0125 0.012
1 133 0 5
716
717
718
719
720
1.263381247098149e-17 0.005000000000000001 0.008
1.263381247098149e-17 0.005000000000000001 0.01
1.263381247098149e-17 0.005000000000000001 0.007
1.263381247098149e-17 0.005000000000000001 0.009000000000000001
1.263381247098149e-17 0.005000000000000001 0.011
1 134 0 7
721
722
723
724
725
726
727
-0.006929096493834651 0.009629874257261828 0.012
-0.005303300858899112 0.0071966991411009 0.012
-0.002870125742738171 0.00557090350616535 0.012
-0.007355889603024228 0.01103682258487904 0.012
-0.006236022092269091 0.008333223252352986 0.012
-0.004166776747647016 0.006263977907730912 0.012
-0.001463177415120952 0.00514411039697577 0.012
1 135 0 5
728
729
730
731
732
0 0.003666666666666667 0.012
0 0.004333333333333334 0.012
0 0.003333333333333334 0.012
0 0.004000000000000001 0.012
0 0.004666666666666668 0.012
1 136 0 5
733
734
735
736
737
-0.006 0.01249999999999975 0.008
-0.006 0.01249999999999975 0.01
-0.006 0.01249999999999975 0.007
-0.006 0.01249999999999975 0.009000000000000001
-0.006 0.01249999999999975 0.011
1 137 0 5
738
739
740
741
742
-0.0065 0.0125 0.012
-0.006999999999999999 0.0125 0.012
-0.00625 0.0125 0.012
-0.00675 0.0125 0.012
-0.00725 0.0125 0.012
1 138 0 5
743
744
745
746
747
-1.870685591966426e-16 0.006500000000000001 0.008
-1.870685591966426e-16 0.006500000000000001 0.01
-1.870685591966426e-16 0.006500000000000001 0.007
-1.870685591966426e-16 0.006500000000000001 0.009000000000000001
-1.870685591966426e-16 0.006500000000000001 0.011
1 139 0 7
748
749
750
751
752
753
754
-0.005543277195067737 0.0102038994058095 0.012
-0.004242640687119342 0.008257359312880772 0.012
-0.00229610059419066 0.00695672280493233 0.012
-0.005884711682419387 0.01132945806790325 0.012
-0.004988817673815305 0.009166578601882438 0.012
-0.003333421398117702 0.007511182326184788 0.012
-0.001170541932096924 0.006615288317580649 0.012
1 140 0 5
755
756
757
758
759
0 0.005500000000000001 0.012
0 0.006 0.012
0 0.005250000000000001 0.012
0 0.005750000000000001 0.012
0 0.00625 0.012
1 141 0 5
760
761
762
763
764
6.0582921541222e-18 0.02 0.008
6.0582921541222e-18 0.02 0.01
6.0582921541222e-18 0.02 0.007
6.0582921541222e-18 0.02 0.009000000000000001
6.0582921541222e-18 0.02 0.011
1 142 0 7
765
766
767
768
769
770
771
-0.002870125742738173 0.01942909649383465 0.012
-0.005303300858899106 0.01780330085889911 0.012
-0.00692909649383465 0.01537012574273817 0.012
-0.001463177415120958 0.01985588960302423 0.012
-0.004166776747647017 0.01873602209226909 0.012
-0.00623602209226909 0.01666677674764701 0.012
-0.007355889603024228 0.01396317741512096 0.012
1 143 0 5
772
773
774
775
776
-1.889983063762546e-16 0.0185 0.008
-1.889983063762546e-16 0.0185 0.01
-1.889983063762546e-16 0.0185 0.007
-1.889983063762546e-16 0.0185 0.009000000000000001
-1.889983063762546e-16 0.0185 0.011
1 144 0 5
777
778
779
780
781
0 0.019 0.012
0 0.0195 0.012
0 0.01875 0.012
0 0.01925 0.012
0 0.01975 0.012
1 145 0 7
782
783
784
785
786
787
788
-0.002296100594190669 0.01804327719506767 0.012
-0.004242640687119355 0.01674264068711922 0.012
-0.00554327719506774 0.01479610059419049 0.012
-0.001170541932096931 0.01838471168241935 0.012
-0.003333421398117714 0.01748881767381521 0.012
-0.004988817673815314 0.01583342139811755 0.012
-0.005884711682419387 0.01367054193209675 0.012
1 146 0 5
789
790
791
792
793
-3.256151152639172e-16 0.022 0.008
-3.256151152639172e-16 0.022 0.01
-3.256151152639172e-16 0.022 0.007
-3.256151152639172e-16 0.022 0.009000000000000001
-3.256151152639172e-16 0.022 0.011
1 147 0 7
794
795
796
797
798
799
800
-0.003635492607468578 0.02127685555885713 0.012
-0.006717514421272323 0.01921751442127208 0.012
-0.008776855558857256 0.01613549260746828 0.012
-0.001853358059153497 0.02181746016383063 0.012
-0.005277917213686393 0.02039896131687406 0.012
-0.00789896131687425 0.01777791721368611 0.012
-0.009317460163830697 0.01435335805915318 0.012
1 148 0 5
801
802
803
804
805
0 0.02066666666666667 0.012
0 0.02133333333333333 0.012
0 0.02033333333333334 0.012
0 0.021 0.012
0 0.02166666666666667 0.012
1 149 0 3
806
807
808
-0.0125 0.01875 0.012
-0.0125 0.021875 0.012
-0.0125 0.015625 0.012
1 150 0 7
809
810
811
812
813
814
815
0 0.02275 0.012
0 0.0235 0.012
0 0.02425 0.012
0 0.022375 0.012
0 0.023125 0.012
0 0.023875 0.012
0 0.024625 0.012
1 151 0 5
816
817
818
819
820
0.006 0.0125 0.008
0.006 0.0125 0.01
0.006 0.0125 0.007
0.006 0.0125 0.009000000000000001
0.006 0.0125 0.011
1 152 0 7
821
822
823
824
825
826
827
0.005543277195067702 0.01479610059419059 0.012
0.004242640687119212 0.01674264068711936 0.012
0.002296100594190402 0.01804327719506778 0.012
0.005884711682419378 0.0136705419320968 0.012
0.00498881767381523 0.01583342139811768 0.012
0.003333421398117509 0.01748881767381534 0.012
0.001170541932096604 0.01838471168241942 0.012
1 153 0 5
828
829
830
831
832
0.0075 0.0125 0.008
0.0075 0.0125 0.01
0.0075 0.0125 0.007
0.0075 0.0125 0.009000000000000001
0.0075 0.0125 0.011
1 154 0 7
833
834
835
836
837
838
839
0.00692909649383465 0.01537012574273817 0.012
0.005303300858899105 0.01780330085889911 0.012
0.002870125742738178 0.01942909649383465 0.012
0.007355889603024228 0.01396317741512096 0.012
0.006236022092269088 0.01666677674764702 0.012
0.004166776747647018 0.01873602209226909 0.012
0.001463177415120967 0.01985588960302423 0.012
1 155 0 5
840
841
842
843
844
0.0065 0.0125 0.012
0.006999999999999999 0.0125 0.012
0.00625 0.0125 0.012
0.00675 0.0125 0.012
0.00725 0.0125 0.012
1 156 0 5
845
846
847
848
849
0.0095 0.0125 0.008
0.0095 0.0125 0.01
0.0095 0.0125 0.007
0.0095 0.0125 0.009000000000000001
0.0095 0.0125 0.011
1 157 0 7
850
851
852
853
854
855
856
0.008776855558857191 0.01613549260746843 0.012
0.006717514421272075 0.01921751442127233 0.012
0.003635492607468115 0.02127685555885732 0.012
0.00931746016383068 0.01435335805915326 0.012
0.007898961316874106 0.01777791721368633 0.012
0.00527791721368604 0.0203989613168743 0.012
0.001853358059152932 0.02181746016383074 0.012
1 158 0 5
857
858
859
860
861
0.008166666666666666 0.0125 0.012
0.008833333333333334 0.0125 0.012
0.007833333333333333 0.0125 0.012
0.008500000000000001 0.0125 0.012
0.009166666666666667 0.0125 0.012
1 159 0 5
862
863
864
865
866
0.0125 0.0125 0.008
0.0125 0.0125 0.01
0.0125 0.0125 0.007
0.0125 0.0125 0.009000000000000001
0.0125 0.0125 0.011
1 160 0 3
867
868
869
0.0125 0.01875000000000001 0.012
0.0125 0.015625 0.012
0.0125 0.02187500000000001 0.012
1 161 0 7
870
871
872
873
874
875
876
0.01025 0.0125 0.012
0.011 0.0125 0.012
0.01175 0.0125 0.012
0.009875 0.0125 0.012
0.010625 0.0125 0.012
0.011375 0.0125 0.012
0.012125 0.0125 0.012
1 162 0 7
877
878
879
880
881
882
883
0.003635492607468129 0.003723144441142684 0.012
0.006717514421272087 0.005782485578727685 0.012
0.008776855558857191 0.008864507392531572 0.012
0.001853358059152938 0.003182539836169255 0.012
0.005277917213686056 0.004601038683125712 0.012
0.007898961316874115 0.007222082786313681 0.012
0.009317460163830681 0.01064664194084674 0.012
1 163 0 5
884
885
886
887
888
0.0125 0 0.008
0.0125 0 0.01
0.0125 0 0.007
0.0125 0 0.009000000000000001
0.0125 0 0.011
1 164 0 3
889
890
891
0.0125 0.006250000000000005 0.012
0.0125 0.003125000000000002 0.012
0.0125 0.009375000000000003 0.012
1 165 0 3
892
893
894
0.006250000000000005 0 0.012
0.003125000000000002 0 0.012
0.009375000000000003 0 0.012
1 166 0 7
895
896
897
898
899
900
901
0.002870125742738175 0.005570903506165351 0.012
0.005303300858899095 0.007196699141100884 0.012
0.006929096493834646 0.009629874257261816 0.012
0.001463177415120969 0.005144110396975774 0.012
0.004166776747647013 0.00626397790773091 0.012
0.006236022092269081 0.008333223252352973 0.012
0.007355889603024227 0.01103682258487904 0.012
1 167 0 7
902
903
904
905
906
907
908
0.002296100594190412 0.006956722804932228 0.012
0.004242640687119221 0.008257359312880651 0.012
0.005543277195067703 0.01020389940580942 0.012
0.001170541932096608 0.006615288317580586 0.012
0.003333421398117519 0.007511182326184666 0.012
0.004988817673815233 0.00916657860188233 0.012
0.005884711682419378 0.01132945806790321 0.012
2 17 0 13
909
910
911
912
913
914
915
916
917
918
919
920
921
-0.006250000000000006 0.027 0
-0.006250000000000005 0.029 0
-0.006250000000000006 0.031 0
-0.003125000000000003 0.027 0
-0.006250000000000006 0.026 0
-0.003125000000000002 0.029 0
-0.006250000000000006 0.028 0
-0.003125000000000003 0.031 0
-0.006250000000000006 0.03 0
-0.006250000000000006 0.032 0
-0.009375000000000003 0.027 0
-0.009375000000000003 0.029 0
-0.009375000000000003 0.031 0
2 21 0 13
922
923
924
925
926
927
928
929
930
931
932
933
934
0.006249999999999995 0.027 0
0.006249999999999995 0.029 0
0.006249999999999995 0.031 0
0.009374999999999998 0.027 0
0.006249999999999996 0.026 0
0.009374999999999998 0.029 0
0.006249999999999995 0.028 0
0.009374999999999998 0.031 0
0.006249999999999995 0.03 0
0.006249999999999996 0.032 0
0.003124999999999998 0.027 0
0.003124999999999998 0.029 0
0.003124999999999998 0.031 0
2 22 0 33
935
936
937
938
939
940
941
942
943
944
945
946
947
948
949
950
951
952
953
954
955
956
957
958
959
960
961
962
963
964
965
966
967
-0.009707641669142878 0.008210880544398788 0
-0.01063842777942858 0.007557253696265857 0
-0.01156921388971429 0.006903626848132927 0
-0.008163135815954103 0.004336864184045927 0
-0.009608757210636068 0.002891242789363952 0
-0.01105437860531804 0.001445621394681977 0
-0.004289119455601239 0.00279235833085715 0
-0.004942746303734159 0.001861572220571433 0
-0.005596373151867076 0.0009307861102857175 0
-0.009978820834571439 0.0103554402721994 0
-0.009242248614000066 0.008537693968465255 0
-0.01081921388971429 0.01002862684813293 0
-0.01017303472428573 0.007884067120332322 0
-0.01165960694485715 0.009701813424066464 0
-0.01110382083457144 0.007230440272199393 0
-0.01203460694485715 0.006576813424066462 0
-0.00893538874254849 0.006273872364222358 0
-0.007440325118613204 0.005059674881386915 0
-0.01012359249503233 0.005224248242814904 0
-0.008885946513295086 0.00361405348670494 0
-0.01131179624751616 0.004174624121407452 0
-0.01033156790797705 0.002168432092022964 0
-0.01177718930265902 0.0007228106973409879 0
-0.006226127635777672 0.003564611257451539 0
-0.003962306031534904 0.003257751386000008 0
-0.007275751757185114 0.002376407504967692 0
-0.004615932879667699 0.002326965275714292 0
-0.008325375878592556 0.001188203752483847 0
-0.005269559727800618 0.001396179165428575 0
-0.005923186575933536 0.0004653930551428587 0
-0.002144559727800619 0.002521179165428575 0
-0.002471373151867079 0.001680786110285716 0
-0.002798186575933538 0.0008403930551428591 0
2 23 0 23
968
969
970
971
972
973
974
975
976
977
978
979
980
981
982
983
984
985
986
987
988
989
990
-0.008160935870516334 0.00911962968077509 0
-0.007545016182175493 0.009374751969018456 0
-0.006246109900481132 0.006253890099518901 0
-0.005774705379690125 0.0067252946203099 0
-0.00338037031922494 0.004339064129483694 0
-0.00312524803098156 0.004954983817824521 0
-0.008468895714686793 0.008992068536653405 0
-0.008497134601924833 0.01080981484038755 0
-0.007852976026345913 0.009247190824896773 0
-0.007855841424421079 0.01093737598450923 0
-0.007237056338005072 0.009502313113140143 0
-0.006481812160876718 0.006018187839123401 0
-0.007203522885498733 0.007686759890146995 0
-0.006010407640085628 0.006489592359914401 0
-0.006659860780932809 0.008050023294664178 0
-0.005539003119294618 0.0069609968807054 0
-0.003507931463346755 0.004031104285313281 0
-0.004813240109853036 0.005296477114501297 0
-0.00325280917510325 0.004647023973654107 0
-0.004449976705335842 0.005840139219067211 0
-0.002997686886859865 0.005262943661994935 0
-0.00169018515961247 0.004002865398075181 0
-0.00156262401549078 0.004644158575578927 0
2 24 0 23
991
992
993
994
995
996
997
998
999
1000
1001
1002
1003
1004
1005
1006
1007
1008
1009
1010
1011
1012
1013
-0.006467156727579 0.009821215973444385 0
-0.006005216961323345 0.01001255768962694 0
-0.004949747468305828 0.00755025253169419 0
-0.004596194077712537 0.007903805922287481 0
-0.002678784026555626 0.00603284327242101 0
-0.002487442310373075 0.00649478303867667 0
-0.006698126610706825 0.009725545115353108 0
-0.006733578363789499 0.01116060798672219 0
-0.006236186844451172 0.009916886831535665 0
-0.006252608480661672 0.01125627884481347 0
-0.005774247078195541 0.01010822854771822 0
-0.00512652416360247 0.007373475836397545 0
-0.005708452097942414 0.008685734252569289 0
-0.004772970773009183 0.007727029226990836 0
-0.005300705519517941 0.008958181805957212 0
-0.00441941738241594 0.008080582617584126 0
-0.002774454884646898 0.005801873389293179 0
-0.003814265747430727 0.0067915479020576 0
-0.00258311316846435 0.006263813155548839 0
-0.003541818194042807 0.007199294480482075 0
-0.002391771452281868 0.0067257529218045 0
-0.001339392013277813 0.005766421636210505 0
-0.001243721155186537 0.006247391519338335 0
2 25 0 23
1014
1015
1016
1017
1018
1019
1020
1021
1022
1023
1024
1025
1026
1027
1028
1029
1030
1031
1032
1033
1034
1035
1036
-0.006005216961323377 0.01498744231037305 0
-0.004596194077712606 0.01709619407771251 0
-0.002487442310373172 0.01850521696132333 0
-0.006467156727579014 0.01517878402655562 0
-0.004949747468305858 0.01744974746830581 0
-0.002678784026555673 0.01896715672757899 0
-0.005774247078195558 0.01489177145228177 0
-0.006252608480661688 0.01374372115518653 0
-0.004419417382415981 0.01691941738241587 0
-0.005300705519517991 0.01604181819404278 0
-0.00239177145228192 0.0182742470781955 0
-0.003541818194042889 0.01780070551951792 0
-0.001243721155186586 0.01875260848066167 0
-0.006236186844451196 0.01508311316846433 0
-0.006733578363789507 0.01383939201327781 0
-0.004772970773009232 0.01727297077300916 0
-0.005708452097942436 0.01631426574743071 0
-0.002583113168464422 0.01873618684445116 0
-0.003814265747430765 0.0182084520979424 0
-0.001339392013277836 0.0192335783637895 0
-0.006698126610706832 0.0152744548846469 0
-0.005126524163602482 0.01762652416360246 0
-0.002774454884646923 0.01919812661070682 0
2 26 0 23
1037
1038
1039
1040
1041
1042
1043
1044
1045
1046
1047
1048
1049
1050
1051
1052
1053
1054
1055
1056
1057
1058
1059
-0.007545016182175492 0.01562524803098154 0
-0.005774705379690125 0.0182747053796901 0
-0.003125248030981562 0.02004501618217548 0
-0.008160935870516334 0.01588037031922491 0
-0.006246109900481143 0.01874610990048109 0
-0.003380370319224948 0.0206609358705163 0
-0.007237056338005071 0.01549768688685986 0
-0.007855841424421079 0.01406262401549077 0
-0.005539003119294615 0.0180390031192946 0
-0.006659860780932808 0.01694997670533582 0
-0.002997686886859867 0.01973705633800506 0
-0.004449976705335843 0.01915986078093279 0
-0.001562624015490781 0.02035584142442107 0
-0.007852976026345913 0.01575280917510323 0
-0.008497134601924833 0.01419018515961245 0
-0.006010407640085634 0.01851040764008559 0
-0.007203522885498739 0.017313240109853 0
-0.003252809175103255 0.02035297602634589 0
-0.004813240109853046 0.0197035228854987 0
-0.001690185159612475 0.02099713460192482 0
-0.008468895714686795 0.01600793146334659 0
-0.006481812160876734 0.01898181216087658 0
-0.003507931463346763 0.02096889571468672 0
2 27 0 33
1060
1061
1062
1063
1064
1065
1066
1067
1068
1069
1070
1071
1072
1073
1074
1075
1076
1077
1078
1079
1080
1081
1082
1083
1084
1085
1086
1087
1088
1089
1090
1091
1092
-0.009707641669142879 0.01678911945560121 0
-0.01063842777942859 0.01744274630373414 0
-0.01156921388971429 0.01809637315186707 0
-0.008163135815954119 0.02066313581595406 0
-0.009608757210636081 0.02210875721063604 0
-0.01105437860531804 0.02355437860531802 0
-0.004289119455601252 0.02220764166914285 0
-0.004942746303734169 0.02313842777942857 0
-0.005596373151867087 0.02406921388971428 0
-0.009242248614000068 0.01646230603153474 0
-0.009978820834571439 0.0146445597278006 0
-0.01017303472428573 0.01711593287966767 0
-0.01081921388971429 0.01497137315186707 0
-0.01110382083457144 0.0177695597278006 0
-0.01165960694485715 0.01529818657593353 0
-0.01203460694485715 0.01842318657593353 0
-0.007440325118613221 0.01994032511861307 0
-0.008935388742548499 0.01872612763577763 0
-0.0088859465132951 0.02138594651329505 0
-0.01012359249503233 0.01977575175718509 0
-0.01033156790797706 0.02283156790797703 0
-0.01131179624751617 0.02082537587859255 0
-0.01177718930265902 0.02427718930265901 0
-0.003962306031534915 0.02174224861399999 0
-0.006226127635777685 0.02143538874254845 0
-0.004615932879667711 0.02267303472428571 0
-0.007275751757185125 0.0226235924950323 0
-0.005269559727800629 0.02360382083457142 0
-0.008325375878592564 0.02381179624751615 0
-0.005923186575933546 0.02453460694485714 0
-0.002144559727800626 0.02247882083457142 0
-0.002471373151867085 0.02331921388971428 0
-0.002798186575933544 0.02415960694485714 0
2 28 0 23
1093
1094
1095
1096
1097
1098
1099
1100
1101
1102
1103
1104
1105
1106
1107
1108
1109
1110
1111
1112
1113
1114
1115
0.006005216961323352 0.01498744231037312 0
0.006467156727579 0.01517878402655565 0
0.00459619407771251 0.01709619407771261 0
0.004949747468305806 0.01744974746830586 0
0.002487442310372993 0.0185052169613234 0
0.002678784026555588 0.01896715672757903 0
0.006252608480661675 0.01374372115518656 0
0.005774247078195526 0.01489177145228185 0
0.0067335783637895 0.01383939201327782 0
0.006236186844451176 0.01508311316846438 0
0.006698126610706826 0.01527445488464691 0
0.005300705519517931 0.01604181819404286 0
0.00441941738241586 0.01691941738241598 0
0.005708452097942403 0.01631426574743075 0
0.004772970773009158 0.01727297077300924 0
0.005126524163602456 0.01762652416360248 0
0.003541818194042751 0.01780070551951801 0
0.002391771452281698 0.01827424707819559 0
0.003814265747430697 0.01820845209794244 0
0.00258311316846429 0.01873618684445122 0
0.002774454884646883 0.01919812661070684 0
0.001243721155186497 0.0187526084806617 0
0.001339392013277794 0.01923357836378951 0
2 29 0 23
1116
1117
1118
1119
1120
1121
1122
1123
1124
1125
1126
1127
1128
1129
1130
1131
1132
1133
1134
1135
1136
1137
1138
0.007545016182175497 0.01562524803098159 0
0.008160935870516344 0.01588037031922501 0
0.005774705379690095 0.01827470537969018 0
0.006246109900481085 0.01874610990048126 0
0.003125248030981491 0.02004501618217554 0
0.003380370319224804 0.02066093587051643 0
0.00785584142442108 0.0140626240154908 0
0.007237056338005074 0.01549768688685988 0
0.00849713460192484 0.01419018515961251 0
0.007852976026345921 0.0157528091751033 0
0.008468895714686769 0.01600793146334673 0
0.006659860780932796 0.01694997670533589 0
0.0055390031192946 0.01803900311929464 0
0.007203522885498716 0.01731324010985313 0
0.00601040764008559 0.01851040764008572 0
0.00648181216087658 0.01898181216087679 0
0.004449976705335793 0.01915986078093286 0
0.002997686886859834 0.0197370563380051 0
0.004813240109852945 0.01970352288549884 0
0.003252809175103147 0.02035297602634599 0
0.00350793146334646 0.02096889571468688 0
0.001562624015490745 0.0203558414244211 0
0.001690185159612402 0.02099713460192488 0
2 30 0 33
1139
1140
1141
1142
1143
1144
1145
1146
1147
1148
1149
1150
1151
1152
1153
1154
1155
1156
1157
1158
1159
1160
1161
1162
1163
1164
1165
1166
1167
1168
1169
1170
1171
0.004289119455601085 0.02220764166914299 0
0.008163135815954056 0.02066313581595424 0
0.009707641669142893 0.01678911945560133 0
0.004942746303734055 0.02313842777942866 0
0.009608757210636037 0.02210875721063616 0
0.0106384277794286 0.01744274630373422 0
0.005596373151867026 0.02406921388971433 0
0.01105437860531802 0.02355437860531808 0
0.0115692138897143 0.01809637315186711 0
0.0039623060315346 0.02174224861400016 0
0.002144559727800543 0.0224788208345715 0
0.007440325118613065 0.01994032511861329 0
0.00622612763577757 0.02143538874254862 0
0.009242248614000043 0.01646230603153488 0
0.008935388742548475 0.01872612763577779 0
0.009978820834571446 0.01464455972780066 0
0.00461593287966757 0.02267303472428583 0
0.002471373151867028 0.02331921388971433 0
0.008885946513295048 0.0213859465132952 0
0.007275751757185046 0.02262359249503241 0
0.01017303472428574 0.01711593287966777 0
0.01012359249503232 0.01977575175718519 0
0.0108192138897143 0.01497137315186711 0
0.00526955972780054 0.0236038208345715 0
0.002798186575933513 0.02415960694485716 0
0.01033156790797703 0.02283156790797712 0
0.008325375878592525 0.02381179624751621 0
0.01110382083457145 0.01776955972780066 0
0.01131179624751616 0.0208253758785926 0
0.01165960694485715 0.01529818657593356 0
0.005923186575933511 0.02453460694485717 0
0.01177718930265901 0.02427718930265904 0
0.01203460694485715 0.01842318657593356 0
2 31 0 33
1172
1173
1174
1175
1176
1177
1178
1179
1180
1181
1182
1183
1184
1185
1186
1187
1188
1189
1190
1191
1192
1193
1194
1195
1196
1197
1198
1199
1200
1201
1202
1203
1204
0.009707641669142893 0.008210880544398681 0
0.008163135815954063 0.004336864184045765 0
0.004289119455601098 0.002792358330857013 0
0.0106384277794286 0.007557253696265789 0
0.009608757210636042 0.002891242789363843 0
0.004942746303734067 0.001861572220571343 0
0.0115692138897143 0.006903626848132897 0
0.01105437860531802 0.001445621394681922 0
0.005596373151867035 0.0009307861102856715 0
0.009242248614000043 0.008537693968465127 0
0.009978820834571446 0.01035544027219934 0
0.007440325118613074 0.005059674881386725 0
0.008935388742548478 0.006273872364222222 0
0.003962306031534613 0.003257751385999849 0
0.00622612763577758 0.003564611257451389 0
0.002144559727800549 0.002521179165428507 0
0.01017303472428575 0.007884067120332235 0
0.0108192138897143 0.01002862684813289 0
0.008885946513295053 0.003614053486704804 0
0.01012359249503232 0.005224248242814816 0
0.004615932879667582 0.002326965275714177 0
0.007275751757185055 0.002376407504967593 0
0.002471373151867034 0.001680786110285671 0
0.01110382083457145 0.007230440272199342 0
0.01165960694485715 0.009701813424066449 0
0.01033156790797703 0.002168432092022883 0
0.01131179624751616 0.004174624121407409 0
0.005269559727800551 0.001396179165428507 0
0.008325375878592528 0.001188203752483796 0
0.002798186575933518 0.0008403930551428357 0
0.01203460694485715 0.006576813424066451 0
0.01177718930265901 0.000722810697340961 0
0.00592318657593352 0.0004653930551428362 0
2 32 0 23
1205
1206
1207
1208
1209
1210
1211
1212
1213
1214
1215
1216
1217
1218
1219
1220
1221
1222
1223
1224
1225
1226
1227
0.003380370319224811 0.004339064129483573 0
0.00624610990048109 0.006253890099518752 0
0.008160935870516344 0.009119629680774987 0
0.003125248030981492 0.004954983817824462 0
0.005774705379690092 0.006725294620309818 0
0.007545016182175493 0.009374751969018401 0
0.00350793146334647 0.004031104285313129 0
0.001690185159612405 0.004002865398075121 0
0.006481812160876588 0.006018187839123218 0
0.00481324010985295 0.005296477114501163 0
0.008468895714686767 0.00899206853665328 0
0.007203522885498716 0.007686759890146869 0
0.008497134601924838 0.01080981484038749 0
0.003252809175103152 0.004647023973654018 0
0.001562624015490746 0.004644158575578898 0
0.006010407640085591 0.006489592359914285 0
0.004449976705335792 0.005840139219067141 0
0.007852976026345918 0.009247190824896695 0
0.006659860780932792 0.008050023294664109 0
0.00785584142442108 0.0109373759845092 0
0.002997686886859834 0.005262943661994907 0
0.005539003119294594 0.006960996880705351 0
0.00723705633800507 0.00950231311314011 0
2 33 0 23
1228
1229
1230
1231
1232
1233
1234
1235
1236
1237
1238
1239
1240
1241
1242
1243
1244
1245
1246
1247
1248
1249
1250
0.002678784026555585 0.006032843272420977 0
0.004949747468305803 0.00755025253169414 0
0.006467156727578998 0.009821215973444351 0
0.002487442310373 0.006494783038676602 0
0.004596194077712511 0.007903805922287396 0
0.006005216961323351 0.01001255768962688 0
0.00277445488464688 0.005801873389293164 0
0.001339392013277792 0.005766421636210489 0
0.00512652416360245 0.007373475836397512 0
0.003814265747430694 0.006791547902057558 0
0.006698126610706821 0.009725545115353083 0
0.005708452097942401 0.008685734252569246 0
0.006733578363789498 0.01116060798672218 0
0.002583113168464293 0.006263813155548789 0
0.001243721155186501 0.006247391519338301 0
0.004772970773009158 0.007727029226990767 0
0.003541818194042756 0.007199294480481998 0
0.006236186844451174 0.009916886831535618 0
0.005300705519517931 0.008958181805957139 0
0.006252608480661675 0.01125627884481344 0
0.002391771452281706 0.006725752921804415 0
0.004419417382415866 0.008080582617584023 0
0.005774247078195526 0.01010822854771815 0
2 34 0 9
1251
1252
1253
1254
1255
1256
1257
1258
1259
-0.006250000000000005 0.025 0.002
-0.006250000000000005 0.025 0.004
-0.003125000000000002 0.025 0.002
-0.006250000000000005 0.025 0.001
-0.003125000000000002 0.025 0.004
-0.006250000000000005 0.025 0.003
-0.006250000000000005 0.025 0.005
-0.009375000000000003 0.025 0.002
-0.009375000000000003 0.025 0.004
2 35 0 23
1260
1261
1262
1263
1264
1265
1266
1267
1268
1269
1270
1271
1272
1273
1274
1275
1276
1277
1278
1279
1280
1281
1282
0 0.027 0.002
0 0.027 0.004
0 0.029 0.002
0 0.029 0.004
0 0.031 0.002
0 0.031 0.004
0 0.027 0.001
0 0.026 0.002
0 0.027 0.003
0 0.026 0.004
0 0.027 0.005
0 0.029 0.001
0 0.028 0.002
0 0.029 0.003
0 0.028 0.004
0 0.029 0.005
0 0.031 0.001
0 0.03 0.002
0 0.031 0.003
0 0.03 0.004
0 0.031 0.005
0 0.032 0.002
0 0.032 0.004
2 36 0 9
1283
1284
1285
1286
1287
1288
1289
1290
1291
-0.006250000000000005 0.033 0.002
-0.006250000000000005 0.033 0.004
-0.006250000000000005 0.033 0.001
-0.003125000000000002 0.033 0.002
-0.006250000000000005 0.033 0.003
-0.003125000000000002 0.033 0.004
-0.006250000000000005 0.033 0.005
-0.009375000000000003 0.033 0.002
-0.009375000000000003 0.033 0.004
2 37 0 23
1292
1293
1294
1295
1296
1297
1298
1299
1300
1301
1302
1303
1304
1305
1306
1307
1308
1309
1310
1311
1312
1313
1314
-0.0125 0.031 0.002
-0.0125 0.031 0.004
-0.0125 0.029 0.002
-0.0125 0.029 0.004
-0.0125 0.027 0.002
-0.0125 0.027 0.004
-0.0125 0.031 0.001
-0.0125 0.032 0.002
-0.0125 0.031 0.003
-0.0125 0.032 0.004
-0.0125 0.031 0.005
-0.0125 0.029 0.001
-0.0125 0.03 0.002
-0.0125 0.029 0.003
-0.0125 0.03 0.004
-0.0125 0.029 0.005
-0.0125 0.027 0.001
-0.0125 0.028 0.002
-0.0125 0.027 0.003
-0.0125 0.028 0.004
-0.0125 0.027 0.005
-0.0125 0.026 0.002
-0.0125 0.026 0.004
2 38 0 13
1315
1316
1317
1318
1319
1320
1321
1322
1323
1324
1325
1326
1327
-0.006250000000000006 0.027 0.006
-0.006250000000000005 0.029 0.006
-0.006250000000000006 0.031 0.006
-0.003125000000000003 0.027 0.006
-0.006250000000000006 0.026 0.006
-0.003125000000000002 0.029 0.006
-0.006250000000000006 0.028 0.006
-0.003125000000000003 0.031 0.006
-0.006250000000000006 0.03 0.006
-0.006250000000000006 0.032 0.006
-0.009375000000000003 0.027 0.006
-0.009375000000000003 0.029 0.006
-0.009375000000000003 0.031 0.006
2 39 0 9
1328
1329
1330
1331
1332
1333
1334
1335
1336
0.006249999999999996 0.025 0.002
0.006249999999999996 0.025 0.004
0.009374999999999998 0.025 0.002
0.006249999999999996 0.025 0.001
0.009374999999999998 0.025 0.004
0.006249999999999996 0.025 0.003
0.006249999999999996 0.025 0.005
0.003124999999999998 0.025 0.002
0.003124999999999998 0.025 0.004
2 40 0 23
1337
1338
1339
1340
1341
1342
1343
1344
1345
1346
1347
1348
1349
1350
1351
1352
1353
1354
1355
1356
1357
1358
1359
0.0125 0.027 0.002
0.0125 0.027 0.004
0.0125 0.029 0.002
0.0125 0.029 0.004
0.0125 0.031 0.002
0.0125 0.031 0.004
0.0125 0.027 0.001
0.0125 0.026 0.002
0.0125 0.027 0.003
0.0125 0.026 0.004
0.0125 0.027 0.005
0.0125 0.029 0.001
0.0125 0.028 0.002
0.0125 0.029 0.003
0.0125 0.028 0.004
0.0125 0.029 0.005
0.0125 0.031 0.001
0.0125 0.03 0.002
0.0125 0.031 0.003
0.0125 0.03 0.004
0.0125 0.031 0.005
0.0125 0.032 0.002
0.0125 0.032 0.004
2 41 0 9
1360
1361
1362
1363
1364
1365
1366
1367
1368
0.006249999999999996 0.033 0.002
0.006249999999999996 0.033 0.004
0.006249999999999996 0.033 0.001
0.009374999999999998 0.033 0.002
0.006249999999999996 0.033 0.003
0.009374999999999998 0.033 0.004
0.006249999999999996 0.033 0.005
0.003124999999999998 0.033 0.002
0.003124999999999998 0.033 0.004
2 42 0 13
1369
1370
1371
1372
1373
1374
1375
1376
1377
1378
1379
1380
1381
0.006249999999999995 0.027 0.006
0.006249999999999995 0.029 0.006
0.006249999999999995 0.031 0.006
0.009374999999999998 0.027 0.006
0.006249999999999995 0.026 0.006
0.009374999999999998 0.029 0.006
0.006249999999999995 0.028 0.006
0.009374999999999998 0.031 0.006
0.006249999999999995 0.03 0.006
0.006249999999999995 0.032 0.006
0.003124999999999998 0.027 0.006
0.003124999999999998 0.029 0.006
0.003124999999999998 0.031 0.006
2 43 0 9
1382
1383
1384
1385
1386
1387
1388
1389
1390
-0.0125 0.006249999999999996 0.002
-0.0125 0.006249999999999996 0.004
-0.0125 0.006249999999999996 0.001
-0.0125 0.009375 0.002
-0.0125 0.006249999999999996 0.003
-0.0125 0.009375 0.004
-0.0125 0.006249999999999996 0.005
-0.0125 0.003124999999999998 0.002
-0.0125 0.003124999999999998 0.004
2 44 0 23
1391
1392
1393
1394
1395
1396
1397
1398
1399
1400
1401
1402
1403
1404
1405
1406
1407
1408
1409
1410
1411
1412
1413
-0.01025 0.0125 0.002
-0.01025 0.0125 0.004
-0.011 0.0125 0.002
-0.011 0.0125 0.004
-0.01175 0.0125 0.002
-0.01175 0.0125 0.004
-0.01025 0.0125 0.001
-0.009874999999999998 0.0125 0.002
-0.01025 0.0125 0.003
-0.009874999999999998 0.0125 0.004
-0.01025 0.0125 0.005
-0.011 0.0125 0.001
-0.010625 0.0125 0.002
-0.011 0.0125 0.003
-0.010625 0.0125 0.004
-0.011 0.0125 0.005
-0.01175 0.0125 0.001
-0.011375 0.0125 0.002
-0.01175 0.0125 0.003
-0.011375 0.0125 0.004
-0.01175 0.0125 0.005
-0.012125 0.0125 0.002
-0.012125 0.0125 0.004
2 45 0 23
1414
1415
1416
1417
1418
1419
1420
1421
1422
1423
1424
1425
1426
1427
1428
1429
1430
1431
1432
1433
1434
1435
1436
-0.008776855558857254 0.00886450739253172 0.002
-0.008776855558857254 0.00886450739253172 0.004
-0.006717514421272304 0.005782485578727902 0.002
-0.006717514421272304 0.005782485578727902 0.004
-0.003635492607468569 0.003723144441142866 0.002
-0.003635492607468569 0.003723144441142866 0.004
-0.009317460163830673 0.0106466419408467 0.002
-0.008776855558857254 0.00886450739253172 0.001
-0.009317460163830673 0.0106466419408467 0.004
-0.008776855558857254 0.00886450739253172 0.003
-0.008776855558857254 0.00886450739253172 0.005
-0.007898961316874243 0.007222082786313874 0.002
-0.006717514421272304 0.005782485578727902 0.001
-0.007898961316874243 0.007222082786313874 0.004
-0.006717514421272304 0.005782485578727902 0.003
-0.006717514421272304 0.005782485578727902 0.005
-0.005277917213686382 0.004601038683125929 0.002
-0.003635492607468569 0.003723144441142866 0.001
-0.005277917213686382 0.004601038683125929 0.004
-0.003635492607468569 0.003723144441142866 0.003
-0.003635492607468569 0.003723144441142866 0.005
-0.001853358059153495 0.003182539836169366 0.002
-0.001853358059153495 0.003182539836169366 0.004
2 46 0 23
1437
1438
1439
1440
1441
1442
1443
1444
1445
1446
1447
1448
1449
1450
1451
1452
1453
1454
1455
1456
1457
1458
1459
0 0.00075 0.002
0 0.00075 0.004
0 0.0015 0.002
0 0.0015 0.004
0 0.002250000000000001 0.002
0 0.002250000000000001 0.004
0 0.00075 0.001
0 0.000375 0.002
0 0.00075 0.003
0 0.000375 0.004
0 0.00075 0.005
0 0.0015 0.001
0 0.001125 0.002
0 0.0015 0.003
0 0.001125 0.004
0 0.0015 0.005
0 0.002250000000000001 0.001
0 0.001875 0.002
0 0.002250000000000001 0.003
0 0.001875 0.004
0 0.002250000000000001 0.005
0 0.002625000000000001 0.002
0 0.002625000000000001 0.004
2 47 0 9
1460
1461
1462
1463
1464
1465
1466
1467
1468
-0.006249999999999996 0 0.002
-0.006249999999999996 0 0.004
-0.006249999999999996 0 0.001
-0.009374999999999998 0 0.002
-0.006249999999999996 0 0.003
-0.009374999999999998 0 0.004
-0.006249999999999996 0 0.005
-0.003124999999999998 0 0.002
-0.003124999999999998 0 0.004
2 48 0 33
1469
1470
1471
1472
1473
1474
1475
1476
1477
1478
1479
1480
1481
1482
1483
1484
1485
1486
1487
1488
1489
1490
1491
1492
1493
1494
1495
1496
1497
1498
1499
1500
1501
-0.009707641669142878 0.008210880544398788 0.006
-0.01063842777942858 0.007557253696265857 0.006
-0.01156921388971429 0.006903626848132927 0.006
-0.008163135815954103 0.004336864184045927 0.006
-0.009608757210636068 0.002891242789363952 0.006
-0.01105437860531804 0.001445621394681977 0.006
-0.004289119455601239 0.00279235833085715 0.006
-0.004942746303734159 0.001861572220571433 0.006
-0.005596373151867076 0.0009307861102857175 0.006
-0.009978820834571439 0.0103554402721994 0.006
-0.009242248614000066 0.008537693968465255 0.006
-0.01081921388971429 0.01002862684813293 0.006
-0.01017303472428573 0.007884067120332322 0.006
-0.01165960694485715 0.009701813424066464 0.006
-0.01110382083457144 0.007230440272199393 0.006
-0.01203460694485715 0.006576813424066462 0.006
-0.00893538874254849 0.006273872364222358 0.006
-0.007440325118613204 0.005059674881386915 0.006
-0.01012359249503233 0.005224248242814904 0.006
-0.008885946513295086 0.003614053486704939 0.006
-0.01131179624751616 0.004174624121407452 0.006
-0.01033156790797705 0.002168432092022964 0.006
-0.01177718930265902 0.0007228106973409879 0.006
-0.006226127635777672 0.003564611257451538 0.006
-0.003962306031534904 0.003257751386000008 0.006
-0.007275751757185114 0.002376407504967692 0.006
-0.004615932879667699 0.002326965275714292 0.006
-0.008325375878592556 0.001188203752483847 0.006
-0.005269559727800618 0.001396179165428575 0.006
-0.005923186575933536 0.0004653930551428587 0.006
-0.002144559727800619 0.002521179165428575 0.006
-0.002471373151867079 0.001680786110285716 0.006
-0.002798186575933538 0.0008403930551428591 0.006
2 49 0 16
1502
1503
1504
1505
1506
1507
1508
1509
1510
1511
1512
1513
1514
1515
1516
1517
-0.008166666666666666 0.0125 0.002
-0.008166666666666666 0.0125 0.004
-0.008833333333333334 0.0125 0.002
-0.008833333333333334 0.0125 0.004
-0.008166666666666666 0.0125 0.001
-0.007833333333333333 0.0125 0.002
-0.008166666666666666 0.0125 0.003
-0.007833333333333333 0.0125 0.004
-0.008166666666666666 0.0125 0.005
-0.008833333333333334 0.0125 0.001
-0.008500000000000001 0.0125 0.002
-0.008833333333333334 0.0125 0.003
-0.008500000000000001 0.0125 0.004
-0.008833333333333334 0.0125 0.005
-0.009166666666666667 0.0125 0.002
-0.009166666666666667 0.0125 0.004
2 50 0 23
1518
1519
1520
1521
1522
1523
1524
1525
1526
1527
1528
1529
1530
1531
1532
1533
1534
1535
1536
1537
1538
1539
1540
-0.006929096493834651 0.009629874257261828 0.002
-0.006929096493834651 0.009629874257261828 0.004
-0.005303300858899112 0.0071966991411009 0.002
-0.005303300858899112 0.0071966991411009 0.004
-0.002870125742738171 0.00557090350616535 0.002
-0.002870125742738171 0.00557090350616535 0.004
-0.007355889603024203 0.01103682258487892 0.002
-0.006929096493834651 0.009629874257261828 0.001
-0.007355889603024203 0.01103682258487892 0.004
-0.006929096493834651 0.009629874257261828 0.003
-0.006929096493834651 0.009629874257261828 0.005
-0.006236022092269092 0.00833322325235299 0.002
-0.005303300858899112 0.0071966991411009 0.001
-0.006236022092269092 0.00833322325235299 0.004
-0.005303300858899112 0.0071966991411009 0.003
-0.005303300858899112 0.0071966991411009 0.005
-0.004166776747647022 0.006263977907730915 0.002
-0.002870125742738171 0.00557090350616535 0.001
-0.004166776747647022 0.006263977907730915 0.004
-0.002870125742738171 0.00557090350616535 0.003
-0.002870125742738171 0.00557090350616535 0.005
-0.001463177415120958 0.005144110396975772 0.002
-0.001463177415120958 0.005144110396975772 0.004
2 51 0 16
1541
1542
1543
1544
1545
1546
1547
1548
1549
1550
1551
1552
1553
1554
1555
1556
0 0.003666666666666667 0.002
0 0.003666666666666667 0.004
0 0.004333333333333334 0.002
0 0.004333333333333334 0.004
0 0.003666666666666667 0.001
0 0.003333333333333334 0.002
0 0.003666666666666667 0.003
0 0.003333333333333334 0.004
0 0.003666666666666667 0.005
0 0.004333333333333334 0.001
0 0.004000000000000001 0.002
0 0.004333333333333334 0.003
0 0.004000000000000001 0.004
0 0.004333333333333334 0.005
0 0.004666666666666668 0.002
0 0.004666666666666668 0.004
2 52 0 23
1557
1558
1559
1560
1561
1562
1563
1564
1565
1566
1567
1568
1569
1570
1571
1572
1573
1574
1575
1576
1577
1578
1579
-0.008160935870516334 0.00911962968077509 0.006
-0.007545016182175493 0.009374751969018456 0.006
-0.006246109900481132 0.006253890099518901 0.006
-0.005774705379690125 0.0067252946203099 0.006
-0.00338037031922494 0.004339064129483694 0.006
-0.00312524803098156 0.004954983817824521 0.006
-0.008468895714686793 0.008992068536653405 0.006
-0.008497134601924833 0.01080981484038755 0.006
-0.007852976026345913 0.009247190824896773 0.006
-0.00785584142442108 0.01093737598450923 0.006
-0.007237056338005072 0.009502313113140141 0.006
-0.006481812160876718 0.006018187839123401 0.006
-0.007203522885498733 0.007686759890146996 0.006
-0.006010407640085628 0.006489592359914401 0.006
-0.006659860780932809 0.008050023294664178 0.006
-0.005539003119294618 0.0069609968807054 0.006
-0.003507931463346755 0.004031104285313281 0.006
-0.004813240109853036 0.005296477114501297 0.006
-0.00325280917510325 0.004647023973654107 0.006
-0.004449976705335842 0.005840139219067211 0.006
-0.002997686886859865 0.005262943661994935 0.006
-0.00169018515961247 0.004002865398075181 0.006
-0.00156262401549078 0.004644158575578927 0.006
2 53 0 16
1580
1581
1582
1583
1584
1585
1586
1587
1588
1589
1590
1591
1592
1593
1594
1595
-0.0065 0.0125 0.002
-0.0065 0.0125 0.004
-0.006999999999999999 0.0125 0.002
-0.006999999999999999 0.0125 0.004
-0.0065 0.0125 0.001
-0.00625 0.0125 0.002
-0.0065 0.0125 0.003
-0.00625 0.0125 0.004
-0.0065 0.0125 0.005
-0.006999999999999999 0.0125 0.001
-0.006749999999999999 0.0125 0.002
-0.006999999999999999 0.0125 0.003
-0.006749999999999999 0.0125 0.004
-0.006999999999999999 0.0125 0.005
-0.00725 0.0125 0.002
-0.00725 0.0125 0.004
2 54 0 23
1596
1597
1598
1599
1600
1601
1602
1603
1604
1605
1606
1607
1608
1609
1610
1611
1612
1613
1614
1615
1616
1617
1618
-0.005543277195067737 0.0102038994058095 0.002
-0.005543277195067737 0.0102038994058095 0.004
-0.004242640687119342 0.008257359312880772 0.002
-0.004242640687119342 0.008257359312880772 0.004
-0.00229610059419066 0.00695672280493233 0.002
-0.00229610059419066 0.00695672280493233 0.004
-0.005884711682419363 0.01132945806790313 0.002
-0.005543277195067738 0.0102038994058095 0.001
-0.005884711682419363 0.01132945806790313 0.004
-0.005543277195067738 0.0102038994058095 0.003
-0.005543277195067738 0.0102038994058095 0.005
-0.004988817673815307 0.00916657860188244 0.002
-0.004242640687119342 0.008257359312880772 0.001
-0.004988817673815307 0.00916657860188244 0.004
-0.004242640687119342 0.008257359312880772 0.003
-0.004242640687119342 0.008257359312880772 0.005
-0.003333421398117702 0.007511182326184788 0.002
-0.00229610059419066 0.00695672280493233 0.001
-0.003333421398117702 0.007511182326184788 0.004
-0.00229610059419066 0.00695672280493233 0.003
-0.00229610059419066 0.00695672280493233 0.005
-0.001170541932096929 0.00661528831758065 0.002
-0.001170541932096929 0.00661528831758065 0.004
2 55 0 16
1619
1620
1621
1622
1623
1624
1625
1626
1627
1628
1629
1630
1631
1632
1633
1634
0 0.005500000000000001 0.002
0 0.005500000000000001 0.004
0 0.006 0.002
0 0.006 0.004
0 0.005500000000000001 0.001
0 0.005250000000000001 0.002
0 0.005500000000000001 0.003
0 0.005250000000000001 0.004
0 0.005500000000000001 0.005
0 0.006 0.001
0 0.00575 0.002
0 0.006 0.003
0 0.00575 0.004
0 0.006 0.005
0 0.00625 0.002
0 0.00625 0.004
2 56 0 23
1635
1636
1637
1638
1639
1640
1641
1642
1643
1644
1645
1646
1647
1648
1649
1650
1651
1652
1653
1654
1655
1656
1657
-0.006467156727579 0.009821215973444385 0.006
-0.006005216961323345 0.01001255768962694 0.006
-0.004949747468305828 0.00755025253169419 0.006
-0.004596194077712537 0.007903805922287481 0.006
-0.002678784026555626 0.00603284327242101 0.006
-0.002487442310373075 0.00649478303867667 0.006
-0.006698126610706826 0.009725545115353108 0.006
-0.006733578363789499 0.01116060798672219 0.006
-0.006236186844451172 0.009916886831535665 0.006
-0.006252608480661672 0.01125627884481347 0.006
-0.005774247078195541 0.01010822854771822 0.006
-0.00512652416360247 0.007373475836397545 0.006
-0.005708452097942414 0.008685734252569287 0.006
-0.004772970773009182 0.007727029226990836 0.006
-0.005300705519517941 0.008958181805957213 0.006
-0.004419417382415939 0.008080582617584126 0.006
-0.002774454884646898 0.00580187338929318 0.006
-0.003814265747430727 0.0067915479020576 0.006
-0.00258311316846435 0.006263813155548839 0.006
-0.003541818194042806 0.007199294480482075 0.006
-0.002391771452281868 0.006725752921804501 0.006
-0.001339392013277813 0.005766421636210505 0.006
-0.001243721155186537 0.006247391519338335 0.006
2 57 0 23
1658
1659
1660
1661
1662
1663
1664
1665
1666
1667
1668
1669
1670
1671
1672
1673
1674
1675
1676
1677
1678
1679
1680
-0.002870125742738173 0.01942909649383465 0.002
-0.002870125742738173 0.01942909649383465 0.004
-0.005303300858899106 0.01780330085889911 0.002
-0.005303300858899106 0.01780330085889911 0.004
-0.00692909649383465 0.01537012574273817 0.002
-0.00692909649383465 0.01537012574273817 0.004
-0.002870125742738173 0.01942909649383465 0.001
-0.001463177415120958 0.01985588960302423 0.002
-0.002870125742738173 0.01942909649383465 0.003
-0.001463177415120958 0.01985588960302423 0.004
-0.002870125742738173 0.01942909649383465 0.005
-0.005303300858899106 0.01780330085889911 0.001
-0.004166776747647017 0.01873602209226909 0.002
-0.005303300858899106 0.01780330085889911 0.003
-0.004166776747647017 0.01873602209226909 0.004
-0.005303300858899106 0.01780330085889911 0.005
-0.00692909649383465 0.01537012574273817 0.001
-0.00623602209226909 0.01666677674764701 0.002
-0.00692909649383465 0.01537012574273817 0.003
-0.00623602209226909 0.01666677674764701 0.004
-0.00692909649383465 0.01537012574273817 0.005
-0.007355889603024251 0.01396317741512084 0.002
-0.007355889603024251 0.01396317741512084 0.004
2 58 0 16
1681
1682
1683
1684
1685
1686
1687
1688
1689
1690
1691
1692
1693
1694
1695
1696
0 0.019 0.002
0 0.019 0.004
0 0.0195 0.002
0 0.0195 0.004
0 0.019 0.001
0 0.01875 0.002
0 0.019 0.003
0 0.01875 0.004
0 0.019 0.005
0 0.0195 0.001
0 0.01925 0.002
0 0.0195 0.003
0 0.01925 0.004
0 0.0195 0.005
0 0.01975 0.002
0 0.01975 0.004
2 59 0 23
1697
1698
1699
1700
1701
1702
1703
1704
1705
1706
1707
1708
1709
1710
1711
1712
1713
1714
1715
1716
1717
1718
1719
-0.002296100594190669 0.01804327719506767 0.002
-0.002296100594190669 0.01804327719506767 0.004
-0.004242640687119355 0.01674264068711922 0.002
-0.004242640687119355 0.01674264068711922 0.004
-0.00554327719506774 0.01479610059419049 0.002
-0.00554327719506774 0.01479610059419049 0.004
-0.001170541932096931 0.01838471168241935 0.002
-0.002296100594190669 0.01804327719506767 0.001
-0.001170541932096931 0.01838471168241935 0.004
-0.002296100594190669 0.01804327719506767 0.003
-0.002296100594190669 0.01804327719506767 0.005
-0.003333421398117714 0.01748881767381521 0.002
-0.004242640687119355 0.01674264068711922 0.001
-0.003333421398117714 0.01748881767381521 0.004
-0.004242640687119355 0.01674264068711922 0.003
-0.004242640687119355 0.01674264068711922 0.005
-0.004988817673815314 0.01583342139811755 0.002
-0.00554327719506774 0.01479610059419049 0.001
-0.004988817673815314 0.01583342139811755 0.004
-0.00554327719506774 0.01479610059419049 0.003
-0.00554327719506774 0.01479610059419049 0.005
-0.005884711682419412 0.01367054193209662 0.002
-0.005884711682419412 0.01367054193209662 0.004
2 60 0 23
1720
1721
1722
1723
1724
1725
1726
1727
1728
1729
1730
1731
1732
1733
1734
1735
1736
1737
1738
1739
1740
1741
1742
-0.006005216961323377 0.01498744231037305 0.006
-0.004596194077712606 0.01709619407771251 0.006
-0.002487442310373172 0.01850521696132333 0.006
-0.006467156727579014 0.01517878402655562 0.006
-0.004949747468305858 0.01744974746830581 0.006
-0.002678784026555673 0.01896715672757899 0.006
-0.005774247078195558 0.01489177145228177 0.006
-0.006252608480661688 0.01374372115518653 0.006
-0.004419417382415981 0.01691941738241587 0.006
-0.005300705519517991 0.01604181819404278 0.006
-0.00239177145228192 0.0182742470781955 0.006
-0.003541818194042889 0.01780070551951792 0.006
-0.001243721155186586 0.01875260848066167 0.006
-0.006236186844451196 0.01508311316846433 0.006
-0.006733578363789507 0.01383939201327781 0.006
-0.004772970773009232 0.01727297077300916 0.006
-0.005708452097942436 0.01631426574743072 0.006
-0.002583113168464422 0.01873618684445116 0.006
-0.003814265747430765 0.0182084520979424 0.006
-0.001339392013277836 0.0192335783637895 0.006
-0.006698126610706833 0.0152744548846469 0.006
-0.005126524163602482 0.01762652416360246 0.006
-0.002774454884646923 0.01919812661070682 0.006
2 61 0 23
1743
1744
1745
1746
1747
1748
1749
1750
1751
1752
1753
1754
1755
1756
1757
1758
1759
1760
1761
1762
1763
1764
1765
-0.003635492607468578 0.02127685555885713 0.002
-0.003635492607468578 0.02127685555885713 0.004
-0.006717514421272323 0.01921751442127208 0.002
-0.006717514421272323 0.01921751442127208 0.004
-0.008776855558857256 0.01613549260746828 0.002
-0.008776855558857256 0.01613549260746828 0.004
-0.003635492607468578 0.02127685555885713 0.001
-0.001853358059153497 0.02181746016383063 0.002
-0.003635492607468578 0.02127685555885713 0.003
-0.001853358059153497 0.02181746016383063 0.004
-0.003635492607468578 0.02127685555885713 0.005
-0.00671751442127232 0.01921751442127208 0.001
-0.005277917213686393 0.02039896131687406 0.002
-0.00671751442127232 0.01921751442127208 0.003
-0.005277917213686393 0.02039896131687406 0.004
-0.00671751442127232 0.01921751442127208 0.005
-0.008776855558857254 0.01613549260746828 0.001
-0.007898961316874249 0.01777791721368612 0.002
-0.008776855558857254 0.01613549260746828 0.003
-0.007898961316874249 0.01777791721368612 0.004
-0.008776855558857254 0.01613549260746828 0.005
-0.009317460163830721 0.01435335805915306 0.002
-0.009317460163830721 0.01435335805915306 0.004
2 62 0 16
1766
1767
1768
1769
1770
1771
1772
1773
1774
1775
1776
1777
1778
1779
1780
1781
0 0.02066666666666667 0.002
0 0.02066666666666667 0.004
0 0.02133333333333333 0.002
0 0.02133333333333333 0.004
0 0.02066666666666667 0.001
0 0.02033333333333334 0.002
0 0.02066666666666667 0.003
0 0.02033333333333334 0.004
0 0.02066666666666667 0.005
0 0.02133333333333333 0.001
0 0.021 0.002
0 0.02133333333333333 0.003
0 0.021 0.004
0 0.02133333333333333 0.005
0 0.02166666666666667 0.002
0 0.02166666666666667 0.004
2 63 0 23
1782
1783
1784
1785
1786
1787
1788
1789
1790
1791
1792
1793
1794
1795
1796
1797
1798
1799
1800
1801
1802
1803
1804
-0.007545016182175492 0.01562524803098154 0.006
-0.005774705379690125 0.0182747053796901 0.006
-0.003125248030981562 0.02004501618217548 0.006
-0.008160935870516334 0.01588037031922491 0.006
-0.006246109900481143 0.01874610990048109 0.006
-0.003380370319224948 0.0206609358705163 0.006
-0.007237056338005071 0.01549768688685986 0.006
-0.007855841424421079 0.01406262401549077 0.006
-0.005539003119294615 0.0180390031192946 0.006
-0.006659860780932808 0.01694997670533582 0.006
-0.002997686886859867 0.01973705633800506 0.006
-0.004449976705335843 0.01915986078093279 0.006
-0.001562624015490781 0.02035584142442107 0.006
-0.007852976026345913 0.01575280917510322 0.006
-0.008497134601924833 0.01419018515961245 0.006
-0.006010407640085634 0.0185104076400856 0.006
-0.007203522885498739 0.017313240109853 0.006
-0.003252809175103255 0.02035297602634589 0.006
-0.004813240109853046 0.0197035228854987 0.006
-0.001690185159612475 0.02099713460192482 0.006
-0.008468895714686795 0.01600793146334659 0.006
-0.006481812160876734 0.01898181216087658 0.006
-0.003507931463346763 0.02096889571468672 0.006
2 64 0 9
1805
1806
1807
1808
1809
1810
1811
1812
1813
-0.0125 0.01875 0.002
-0.0125 0.01875 0.004
-0.0125 0.01875 0.001
-0.0125 0.021875 0.002
-0.0125 0.01875 0.003
-0.0125 0.021875 0.004
-0.0125 0.01875 0.005
-0.0125 0.015625 0.002
-0.0125 0.015625 0.004
2 65 0 23
1814
1815
1816
1817
1818
1819
1820
1821
1822
1823
1824
1825
1826
1827
1828
1829
1830
1831
1832
1833
1834
1835
1836
0 0.02275 0.002
0 0.02275 0.004
0 0.0235 0.002
0 0.0235 0.004
0 0.02425 0.002
0 0.02425 0.004
0 0.02275 0.001
0 0.022375 0.002
0 0.02275 0.003
0 0.022375 0.004
0 0.02275 0.005
0 0.0235 0.001
0 0.023125 0.002
0 0.0235 0.003
0 0.023125 0.004
0 0.0235 0.005
0 0.02425 0.001
0 0.023875 0.002
0 0.02425 0.003
0 0.023875 0.004
0 0.02425 0.005
0 0.024625 0.002
0 0.024625 0.004
2 66 0 33
1837
1838
1839
1840
1841
1842
1843
1844
1845
1846
1847
1848
1849
1850
1851
1852
1853
1854
1855
1856
1857
1858
1859
1860
1861
1862
1863
1864
1865
1866
1867
1868
1869
-0.009707641669142879 0.01678911945560121 0.006
-0.01063842777942859 0.01744274630373414 0.006
-0.01156921388971429 0.01809637315186707 0.006
-0.008163135815954119 0.02066313581595406 0.006
-0.009608757210636081 0.02210875721063604 0.006
-0.01105437860531804 0.02355437860531802 0.006
-0.004289119455601252 0.02220764166914285 0.006
-0.004942746303734169 0.02313842777942857 0.006
-0.005596373151867087 0.02406921388971428 0.006
-0.009242248614000068 0.01646230603153474 0.006
-0.009978820834571439 0.0146445597278006 0.006
-0.01017303472428573 0.01711593287966767 0.006
-0.01081921388971429 0.01497137315186707 0.006
-0.01110382083457144 0.0177695597278006 0.006
-0.01165960694485715 0.01529818657593353 0.006
-0.01203460694485715 0.01842318657593353 0.006
-0.007440325118613221 0.01994032511861307 0.006
-0.008935388742548499 0.01872612763577763 0.006
-0.0088859465132951 0.02138594651329505 0.006
-0.01012359249503233 0.01977575175718509 0.006
-0.01033156790797706 0.02283156790797703 0.006
-0.01131179624751617 0.02082537587859255 0.006
-0.01177718930265902 0.02427718930265901 0.006
-0.003962306031534915 0.02174224861399999 0.006
-0.006226127635777685 0.02143538874254845 0.006
-0.004615932879667711 0.02267303472428571 0.006
-0.007275751757185125 0.0226235924950323 0.006
-0.005269559727800629 0.02360382083457142 0.006
-0.008325375878592564 0.02381179624751615 0.006
-0.005923186575933546 0.02453460694485714 0.006
-0.002144559727800626 0.02247882083457142 0.006
-0.002471373151867085 0.02331921388971428 0.006
-0.002798186575933544 0.02415960694485714 0.006
2 67 0 23
1870
1871
1872
1873
1874
1875
1876
1877
1878
1879
1880
1881
1882
1883
1884
1885
1886
1887
1888
1889
1890
1891
1892
0.005543277195067702 0.01479610059419059 0.002
0.005543277195067702 0.01479610059419059 0.004
0.004242640687119212 0.01674264068711936 0.002
0.004242640687119212 0.01674264068711936 0.004
0.002296100594190402 0.01804327719506778 0.002
0.002296100594190402 0.01804327719506778 0.004
0.005884711682419378 0.0136705419320968 0.002
0.005543277195067702 0.01479610059419059 0.001
0.005884711682419378 0.0136705419320968 0.004
0.005543277195067702 0.01479610059419059 0.003
0.005543277195067702 0.01479610059419059 0.005
0.00498881767381523 0.01583342139811768 0.002
0.004242640687119213 0.01674264068711936 0.001
0.00498881767381523 0.01583342139811768 0.004
0.004242640687119213 0.01674264068711936 0.003
0.004242640687119213 0.01674264068711936 0.005
0.003333421398117509 0.01748881767381534 0.002
0.002296100594190402 0.01804327719506778 0.001
0.003333421398117509 0.01748881767381534 0.004
0.002296100594190402 0.01804327719506778 0.003
0.002296100594190402 0.01804327719506778 0.005
0.001170541932096604 0.01838471168241942 0.002
0.001170541932096604 0.01838471168241942 0.004
2 68 0 23
1893
1894
1895
1896
1897
1898
1899
1900
1901
1902
1903
1904
1905
1906
1907
1908
1909
1910
1911
1912
1913
1914
1915
0.00692909649383465 0.01537012574273817 0.002
0.00692909649383465 0.01537012574273817 0.004
0.005303300858899105 0.01780330085889911 0.002
0.005303300858899105 0.01780330085889911 0.004
0.002870125742738178 0.01942909649383465 0.002
0.002870125742738178 0.01942909649383465 0.004
0.00692909649383465 0.01537012574273817 0.001
0.007355889603024228 0.01396317741512096 0.002
0.00692909649383465 0.01537012574273817 0.003
0.007355889603024228 0.01396317741512096 0.004
0.00692909649383465 0.01537012574273817 0.005
0.005303300858899104 0.01780330085889911 0.001
0.006236022092269086 0.01666677674764702 0.002
0.005303300858899104 0.01780330085889911 0.003
0.006236022092269086 0.01666677674764702 0.004
0.005303300858899104 0.01780330085889911 0.005
0.002870125742738178 0.01942909649383465 0.001
0.004166776747647017 0.01873602209226909 0.002
0.002870125742738178 0.01942909649383465 0.003
0.004166776747647017 0.01873602209226909 0.004
0.002870125742738178 0.01942909649383465 0.005
0.001463177415120967 0.01985588960302423 0.002
0.001463177415120967 0.01985588960302423 0.004
2 69 0 16
1916
1917
1918
1919
1920
1921
1922
1923
1924
1925
1926
1927
1928
1929
1930
1931
0.0065 0.0125 0.002
0.0065 0.0125 0.004
0.006999999999999999 0.0125 0.002
0.006999999999999999 0.0125 0.004
0.0065 0.0125 0.001
0.00625 0.0125 0.002
0.0065 0.0125 0.003
0.00625 0.0125 0.004
0.0065 0.0125 0.005
0.006999999999999999 0.0125 0.001
0.006749999999999999 0.0125 0.002
0.006999999999999999 0.0125 0.003
0.006749999999999999 0.0125 0.004
0.006999999999999999 0.0125 0.005
0.00725 0.0125 0.002
0.00725 0.0125 0.004
2 70 0 23
1932
1933
1934
1935
1936
1937
1938
1939
1940
1941
1942
1943
1944
1945
1946
1947
1948
1949
1950
1951
1952
1953
1954
0.006005216961323352 0.01498744231037312 0.006
0.006467156727579 0.01517878402655565 0.006
0.00459619407771251 0.01709619407771261 0.006
0.004949747468305806 0.01744974746830586 0.006
0.002487442310372993 0.0185052169613234 0.006
0.002678784026555588 0.01896715672757903 0.006
0.006252608480661675 0.01374372115518656 0.006
0.005774247078195526 0.01489177145228185 0.006
0.0067335783637895 0.01383939201327782 0.006
0.006236186844451176 0.01508311316846438 0.006
0.006698126610706826 0.01527445488464691 0.006
0.005300705519517931 0.01604181819404286 0.006
0.004419417382415861 0.01691941738241598 0.006
0.005708452097942403 0.01631426574743075 0.006
0.004772970773009158 0.01727297077300924 0.006
0.005126524163602456 0.01762652416360248 0.006
0.003541818194042751 0.01780070551951801 0.006
0.002391771452281698 0.01827424707819559 0.006
0.003814265747430697 0.01820845209794245 0.006
0.00258311316846429 0.01873618684445121 0.006
0.002774454884646883 0.01919812661070684 0.006
0.001243721155186497 0.0187526084806617 0.006
0.001339392013277794 0.01923357836378951 0.006
2 71 0 23
1955
1956
1957
1958
1959
1960
1961
1962
1963
1964
1965
1966
1967
1968
1969
1970
1971
1972
1973
1974
1975
1976
1977
0.008776855558857191 0.01613549260746843 0.002
0.008776855558857191 0.01613549260746843 0.004
0.006717514421272075 0.01921751442127233 0.002
0.006717514421272075 0.01921751442127233 0.004
0.003635492607468115 0.02127685555885732 0.002
0.003635492607468115 0.02127685555885732 0.004
0.008776855558857191 0.01613549260746843 0.001
0.00931746016383068 0.01435335805915326 0.002
0.008776855558857191 0.01613549260746843 0.003
0.00931746016383068 0.01435335805915326 0.004
0.008776855558857191 0.01613549260746843 0.005
0.006717514421272075 0.01921751442127233 0.001
0.007898961316874106 0.01777791721368633 0.002
0.006717514421272075 0.01921751442127233 0.003
0.007898961316874106 0.01777791721368633 0.004
0.006717514421272075 0.01921751442127233 0.005
0.003635492607468115 0.02127685555885732 0.001
0.005277917213686041 0.0203989613168743 0.002
0.003635492607468115 0.02127685555885732 0.003
0.005277917213686041 0.0203989613168743 0.004
0.003635492607468115 0.02127685555885732 0.005
0.001853358059152933 0.02181746016383074 0.002
0.001853358059152933 0.02181746016383074 0.004
2 72 0 16
1978
1979
1980
1981
1982
1983
1984
1985
1986
1987
1988
1989
1990
1991
1992
1993
0.008166666666666666 0.0125 0.002
0.008166666666666666 0.0125 0.004
0.008833333333333334 0.0125 0.002
0.008833333333333334 0.0125 0.004
0.008166666666666666 0.0125 0.001
0.007833333333333333 0.0125 0.002
0.008166666666666666 0.0125 0.003
0.007833333333333333 0.0125 0.004
0.008166666666666666 0.0125 0.005
0.008833333333333334 0.0125 0.001
0.008500000000000001 0.0125 0.002
0.008833333333333334 0.0125 0.003
0.008500000000000001 0.0125 0.004
0.008833333333333334 0.0125 0.005
0.009166666666666667 0.0125 0.002
0.009166666666666667 0.0125 0.004
2 73 0 23
1994
1995
1996
1997
1998
1999
2000
2001
2002
2003
2004
2005
2006
2007
2008
2009
2010
2011
2012
2013
2014
2015
2016
0.007545016182175497 0.01562524803098159 0.006
0.008160935870516344 0.01588037031922501 0.006
0.005774705379690095 0.01827470537969018 0.006
0.006246109900481085 0.01874610990048126 0.006
0.003125248030981491 0.02004501618217554 0.006
0.003380370319224804 0.02066093587051643 0.006
0.00785584142442108 0.0140626240154908 0.006
0.007237056338005074 0.01549768688685988 0.006
0.00849713460192484 0.01419018515961251 0.006
0.00785297602634592 0.0157528091751033 0.006
0.008468895714686769 0.01600793146334672 0.006
0.006659860780932796 0.01694997670533589 0.006
0.0055390031192946 0.01803900311929464 0.006
0.007203522885498715 0.01731324010985313 0.006
0.00601040764008559 0.01851040764008572 0.006
0.00648181216087658 0.01898181216087679 0.006
0.004449976705335793 0.01915986078093286 0.006
0.002997686886859834 0.0197370563380051 0.006
0.004813240109852944 0.01970352288549884 0.006
0.003252809175103147 0.02035297602634599 0.006
0.00350793146334646 0.02096889571468688 0.006
0.001562624015490745 0.0203558414244211 0.006
0.001690185159612402 0.02099713460192488 0.006
2 74 0 9
2017
2018
2019
2020
2021
2022
2023
2024
2025
0.0125 0.01875000000000001 0.002
0.0125 0.01875000000000001 0.004
0.0125 0.01875000000000001 0.001
0.0125 0.015625 0.002
0.0125 0.01875000000000001 0.003
0.0125 0.015625 0.004
0.0125 0.01875000000000001 0.005
0.0125 0.02187500000000001 0.002
0.0125 0.02187500000000001 0.004
2 75 0 23
2026
2027
2028
2029
2030
2031
2032
2033
2034
2035
2036
2037
2038
2039
2040
2041
2042
2043
2044
2045
2046
2047
2048
0.01025 0.0125 0.002
0.01025 0.0125 0.004
0.011 0.0125 0.002
0.011 0.0125 0.004
0.01175 0.0125 0.002
0.01175 0.0125 0.004
0.01025 0.0125 0.001
0.009874999999999998 0.0125 0.002
0.01025 0.0125 0.003
0.009874999999999998 0.0125 0.004
0.01025 0.0125 0.005
0.011 0.0125 0.001
0.010625 0.0125 0.002
0.011 0.0125 0.003
0.010625 0.0125 0.004
0.011 0.0125 0.005
0.01175 0.0125 0.001
0.011375 0.0125 0.002
0.01175 0.0125 0.003
0.011375 0.0125 0.004
0.01175 0.0125 0.005
0.012125 0.0125 0.002
0.012125 0.0125 0.004
2 76 0 33
2049
2050
2051
2052
2053
2054
2055
2056
2057
2058
2059
2060
2061
2062
2063
2064
2065
2066
2067
2068
2069
2070
2071
2072
2073
2074
2075
2076
2077
2078
2079
2080
2081
0.004289119455601085 0.02220764166914299 0.006
0.008163135815954056 0.02066313581595424 0.006
0.009707641669142893 0.01678911945560133 0.006
0.004942746303734055 0.02313842777942866 0.006
0.009608757210636037 0.02210875721063616 0.006
0.0106384277794286 0.01744274630373422 0.006
0.005596373151867026 0.02406921388971433 0.006
0.01105437860531802 0.02355437860531808 0.006
0.0115692138897143 0.01809637315186711 0.006
0.0039623060315346 0.02174224861400016 0.006
0.002144559727800543 0.0224788208345715 0.006
0.007440325118613066 0.01994032511861329 0.006
0.006226127635777571 0.02143538874254862 0.006
0.009242248614000043 0.01646230603153488 0.006
0.008935388742548475 0.01872612763577779 0.006
0.009978820834571446 0.01464455972780066 0.006
0.004615932879667569 0.02267303472428583 0.006
0.002471373151867027 0.02331921388971433 0.006
0.008885946513295048 0.0213859465132952 0.006
0.007275751757185046 0.02262359249503242 0.006
0.01017303472428574 0.01711593287966777 0.006
0.01012359249503232 0.01977575175718519 0.006
0.0108192138897143 0.01497137315186711 0.006
0.00526955972780054 0.0236038208345715 0.006
0.002798186575933513 0.02415960694485716 0.006
0.01033156790797703 0.02283156790797712 0.006
0.008325375878592525 0.02381179624751621 0.006
0.01110382083457145 0.01776955972780066 0.006
0.01131179624751616 0.0208253758785926 0.006
0.01165960694485715 0.01529818657593356 0.006
0.005923186575933511 0.02453460694485717 0.006
0.01177718930265901 0.02427718930265904 0.006
0.01203460694485715 0.01842318657593356 0.006
2 77 0 23
2082
2083
2084
2085
2086
2087
2088
2089
2090
2091
2092
2093
2094
2095
2096
2097
2098
2099
2100
2101
2102
2103
2104
0.003635492607468129 0.003723144441142684 0.002
0.003635492607468129 0.003723144441142684 0.004
0.006717514421272087 0.005782485578727685 0.002
0.006717514421272087 0.005782485578727685 0.004
0.008776855558857191 0.008864507392531572 0.002
0.008776855558857191 0.008864507392531572 0.004
0.001853358059152938 0.003182539836169255 0.002
0.003635492607468129 0.003723144441142684 0.001
0.001853358059152938 0.003182539836169255 0.004
0.003635492607468129 0.003723144441142684 0.003
0.003635492607468129 0.003723144441142684 0.005
0.00527791721368605 0.004601038683125707 0.002
0.006717514421272087 0.005782485578727685 0.001
0.00527791721368605 0.004601038683125707 0.004
0.006717514421272087 0.005782485578727685 0.003
0.006717514421272087 0.005782485578727685 0.005
0.007898961316874108 0.007222082786313675 0.002
0.008776855558857191 0.008864507392531572 0.001
0.007898961316874108 0.007222082786313675 0.004
0.008776855558857191 0.008864507392531572 0.003
0.008776855558857191 0.008864507392531572 0.005
0.00931746016383068 0.01064664194084674 0.002
0.00931746016383068 0.01064664194084674 0.004
2 78 0 9
2105
2106
2107
2108
2109
2110
2111
2112
2113
0.0125 0.006250000000000005 0.002
0.0125 0.006250000000000005 0.004
0.0125 0.006250000000000005 0.001
0.0125 0.003125000000000002 0.002
0.0125 0.006250000000000005 0.003
0.0125 0.003125000000000002 0.004
0.0125 0.006250000000000005 0.005
0.0125 0.009375000000000003 0.002
0.0125 0.009375000000000003 0.004
2 79 0 9
2114
2115
2116
2117
2118
2119
2120
2121
2122
0.006250000000000005 0 0.002
0.006250000000000005 0 0.004
0.006250000000000005 0 0.001
0.003125000000000002 0 0.002
0.006250000000000005 0 0.003
0.003125000000000002 0 0.004
0.006250000000000005 0 0.005
0.009375000000000003 0 0.002
0.009375000000000003 0 0.004
2 80 0 33
2123
2124
2125
2126
2127
2128
2129
2130
2131
2132
2133
2134
2135
2136
2137
2138
2139
2140
2141
2142
2143
2144
2145
2146
2147
2148
2149
2150
2151
2152
2153
2154
2155
0.009707641669142893 0.008210880544398681 0.006
0.008163135815954063 0.004336864184045765 0.006
0.004289119455601098 0.002792358330857013 0.006
0.0106384277794286 0.007557253696265789 0.006
0.009608757210636042 0.002891242789363843 0.006
0.004942746303734067 0.001861572220571343 0.006
0.0115692138897143 0.006903626848132897 0.006
0.01105437860531802 0.001445621394681922 0.006
0.005596373151867035 0.0009307861102856715 0.006
0.009242248614000043 0.008537693968465127 0.006
0.009978820834571446 0.01035544027219934 0.006
0.007440325118613075 0.005059674881386725 0.006
0.008935388742548478 0.006273872364222223 0.006
0.003962306031534613 0.003257751385999849 0.006
0.00622612763577758 0.003564611257451389 0.006
0.002144559727800549 0.002521179165428507 0.006
0.01017303472428575 0.007884067120332235 0.006
0.0108192138897143 0.01002862684813289 0.006
0.008885946513295053 0.003614053486704804 0.006
0.01012359249503232 0.005224248242814816 0.006
0.004615932879667582 0.002326965275714177 0.006
0.007275751757185055 0.002376407504967593 0.006
0.002471373151867034 0.001680786110285671 0.006
0.01110382083457145 0.007230440272199342 0.006
0.01165960694485715 0.009701813424066449 0.006
0.01033156790797703 0.002168432092022883 0.006
0.01131179624751616 0.004174624121407409 0.006
0.005269559727800551 0.001396179165428507 0.006
0.008325375878592528 0.001188203752483796 0.006
0.002798186575933518 0.0008403930551428357 0.006
0.01203460694485715 0.006576813424066451 0.006
0.01177718930265901 0.000722810697340961 0.006
0.00592318657593352 0.0004653930551428362 0.006
2 81 0 23
2156
2157
2158
2159
2160
2161
2162
2163
2164
2165
2166
2167
2168
2169
2170
2171
2172
2173
2174
2175
2176
2177
2178
0.002870125742738175 0.005570903506165351 0.002
0.002870125742738175 0.005570903506165351 0.004
0.005303300858899095 0.007196699141100884 0.002
0.005303300858899095 0.007196699141100884 0.004
0.006929096493834646 0.009629874257261816 0.002
0.006929096493834646 0.009629874257261816 0.004
0.001463177415120969 0.005144110396975774 0.002
0.002870125742738175 0.005570903506165351 0.001
0.001463177415120969 0.005144110396975774 0.004
0.002870125742738175 0.005570903506165351 0.003
0.002870125742738175 0.005570903506165351 0.005
0.004166776747647009 0.006263977907730906 0.002
0.005303300858899095 0.007196699141100884 0.001
0.004166776747647009 0.006263977907730906 0.004
0.005303300858899095 0.007196699141100884 0.003
0.005303300858899095 0.007196699141100884 0.005
0.006236022092269081 0.008333223252352973 0.002
0.006929096493834646 0.009629874257261816 0.001
0.006236022092269081 0.008333223252352973 0.004
0.006929096493834646 0.009629874257261816 0.003
0.006929096493834646 0.009629874257261816 0.005
0.007355889603024226 0.01103682258487903 0.002
0.007355889603024226 0.01103682258487903 0.004
2 82 0 23
2179
2180
2181
2182
2183
2184
2185
2186
2187
2188
2189
2190
2191
2192
2193
2194
2195
2196
2197
2198
2199
2200
2201
0.003380370319224811 0.004339064129483573 0.006
0.00624610990048109 0.006253890099518752 0.006
0.008160935870516344 0.009119629680774987 0.006
0.003125248030981492 0.004954983817824462 0.006
0.005774705379690092 0.006725294620309818 0.006
0.007545016182175493 0.009374751969018401 0.006
0.00350793146334647 0.004031104285313129 0.006
0.001690185159612405 0.00400286539807512 0.006
0.006481812160876588 0.006018187839123218 0.006
0.00481324010985295 0.005296477114501163 0.006
0.008468895714686769 0.00899206853665328 0.006
0.007203522885498716 0.007686759890146869 0.006
0.00849713460192484 0.01080981484038749 0.006
0.003252809175103152 0.004647023973654018 0.006
0.001562624015490746 0.004644158575578898 0.006
0.006010407640085591 0.006489592359914285 0.006
0.004449976705335792 0.005840139219067141 0.006
0.00785297602634592 0.009247190824896695 0.006
0.006659860780932792 0.008050023294664109 0.006
0.00785584142442108 0.0109373759845092 0.006
0.002997686886859834 0.005262943661994907 0.006
0.005539003119294594 0.006960996880705351 0.006
0.00723705633800507 0.009502313113140108 0.006
2 83 0 23
2202
2203
2204
2205
2206
2207
2208
2209
2210
2211
2212
2213
2214
2215
2216
2217
2218
2219
2220
2221
2222
2223
2224
0.002296100594190412 0.006956722804932228 0.002
0.002296100594190412 0.006956722804932228 0.004
0.004242640687119221 0.008257359312880651 0.002
0.004242640687119221 0.008257359312880651 0.004
0.005543277195067703 0.01020389940580942 0.002
0.005543277195067703 0.01020389940580942 0.004
0.001170541932096608 0.006615288317580586 0.002
0.002296100594190412 0.006956722804932228 0.001
0.001170541932096608 0.006615288317580586 0.004
0.002296100594190412 0.006956722804932228 0.003
0.002296100594190412 0.006956722804932228 0.005
0.003333421398117519 0.007511182326184666 0.002
0.004242640687119221 0.008257359312880651 0.001
0.003333421398117519 0.007511182326184666 0.004
0.004242640687119221 0.008257359312880651 0.003
0.004242640687119221 0.008257359312880651 0.005
0.004988817673815233 0.00916657860188233 0.002
0.005543277195067703 0.01020389940580942 0.001
0.004988817673815233 0.00916657860188233 0.004
0.005543277195067703 0.01020389940580942 0.003
0.005543277195067703 0.01020389940580942 0.005
0.005884711682419378 0.01132945806790321 0.002
0.005884711682419378 0.01132945806790321 0.004
2 84 0 23
2225
2226
2227
2228
2229
2230
2231
2232
2233
2234
2235
2236
2237
2238
2239
2240
2241
2242
2243
2244
2245
2246
2247
0.002678784026555585 0.006032843272420977 0.006
0.004949747468305803 0.00755025253169414 0.006
0.006467156727578998 0.009821215973444351 0.006
0.002487442310373 0.006494783038676602 0.006
0.004596194077712511 0.007903805922287396 0.006
0.006005216961323351 0.01001255768962688 0.006
0.00277445488464688 0.005801873389293164 0.006
0.001339392013277792 0.005766421636210489 0.006
0.00512652416360245 0.007373475836397513 0.006
0.003814265747430694 0.006791547902057559 0.006
0.006698126610706822 0.009725545115353083 0.006
0.0057084520979424 0.008685734252569246 0.006
0.006733578363789499 0.01116060798672218 0.006
0.002583113168464293 0.006263813155548789 0.006
0.001243721155186501 0.006247391519338301 0.006
0.004772970773009157 0.007727029226990768 0.006
0.003541818194042756 0.007199294480481999 0.006
0.006236186844451174 0.009916886831535618 0.006
0.005300705519517931 0.00895818180595714 0.006
0.006252608480661675 0.01125627884481344 0.006
0.002391771452281706 0.006725752921804416 0.006
0.004419417382415866 0.008080582617584023 0.006
0.005774247078195526 0.01010822854771815 0.006
2 85 0 9
2248
2249
2250
2251
2252
2253
2254
2255
2256
-0.006250000000000005 0.025 0.008
-0.006250000000000005 0.025 0.01
-0.003125000000000002 0.025 0.008
-0.006250000000000005 0.025 0.007
-0.003125000000000002 0.025 0.01
-0.006250000000000005 0.025 0.009000000000000001
-0.006250000000000005 0.025 0.011
-0.009375000000000003 0.025 0.008
-0.009375000000000003 0.025 0.01
2 86 0 23
2257
2258
2259
2260
2261
2262
2263
2264
2265
2266
2267
2268
2269
2270
2271
2272
2273
2274
2275
2276
2277
2278
2279
0 0.027 0.008
0 0.027 0.01
0 0.029 0.008
0 0.029 0.01
0 0.031 0.008
0 0.031 0.01
0 0.027 0.007
0 0.026 0.008
0 0.027 0.009000000000000001
0 0.026 0.01
0 0.027 0.011
0 0.029 0.007
0 0.028 0.008
0 0.029 0.009000000000000001
0 0.028 0.01
0 0.029 0.011
0 0.031 0.007
0 0.03 0.008
0 0.031 0.009000000000000001
0 0.03 0.01
0 0.031 0.011
0 0.032 0.008
0 0.032 0.01
2 87 0 9
2280
2281
2282
2283
2284
2285
2286
2287
2288
-0.006250000000000005 0.033 0.008
-0.006250000000000005 0.033 0.01
-0.006250000000000005 0.033 0.007
-0.003125000000000002 0.033 0.008
-0.006250000000000005 0.033 0.009000000000000001
-0.003125000000000002 0.033 0.01
-0.006250000000000005 0.033 0.011
-0.009375000000000003 0.033 0.008
-0.009375000000000003 0.033 0.01
2 88 0 23
2289
2290
2291
2292
2293
2294
2295
2296
2297
2298
2299
2300
2301
2302
2303
2304
2305
2306
2307
2308
2309
2310
2311
-0.0125 0.031 0.008
-0.0125 0.031 0.01
-0.0125 0.029 0.008
-0.0125 0.029 0.01
-0.0125 0.027 0.008
-0.0125 0.027 0.01
-0.0125 0.031 0.007
-0.0125 0.032 0.008
-0.0125 0.031 0.009000000000000001
-0.0125 0.032 0.01
-0.0125 0.031 0.011
-0.0125 0.029 0.007
-0.0125 0.03 0.008
-0.0125 0.029 0.009000000000000001
-0.0125 0.03 0.01
-0.0125 0.029 0.011
-0.0125 0.027 0.007
-0.0125 0.028 0.008
-0.0125 0.027 0.009000000000000001
-0.0125 0.028 0.01
-0.0125 0.027 0.011
-0.0125 0.026 0.008
-0.0125 0.026 0.01
2 89 0 13
2312
2313
2314
2315
2316
2317
2318
2319
2320
2321
2322
2323
2324
-0.006250000000000006 0.027 0.012
-0.006250000000000005 0.029 0.012
-0.006250000000000006 0.031 0.012
-0.003125000000000003 0.027 0.012
-0.006250000000000006 0.026 0.012
-0.003125000000000002 0.029 0.012
-0.006250000000000006 0.028 0.012
-0.003125000000000003 0.031 0.012
-0.006250000000000006 0.03 0.012
-0.006250000000000006 0.032 0.012
-0.009375000000000003 0.027 0.012
-0.009375000000000003 0.029 0.012
-0.009375000000000003 0.031 0.012
2 90 0 9
2325
2326
2327
2328
2329
2330
2331
2332
2333
0.006249999999999996 0.025 0.008
0.006249999999999996 0.025 0.01
0.009374999999999998 0.025 0.008
0.006249999999999996 0.025 0.007
0.009374999999999998 0.025 0.01
0.006249999999999996 0.025 0.009000000000000001
0.006249999999999996 0.025 0.011
0.003124999999999998 0.025 0.008
0.003124999999999998 0.025 0.01
2 91 0 23
2334
2335
2336
2337
2338
2339
2340
2341
2342
2343
2344
2345
2346
2347
2348
2349
2350
2351
2352
2353
2354
2355
2356
0.0125 0.027 0.008
0.0125 0.027 0.01
0.0125 0.029 0.008
0.0125 0.029 0.01
0.0125 0.031 0.008
0.0125 0.031 0.01
0.0125 0.027 0.007
0.0125 0.026 0.008
0.0125 0.027 0.009000000000000001
0.0125 0.026 0.01
0.0125 0.027 0.011
0.0125 0.029 0.007
0.0125 0.028 0.008
0.0125 0.029 0.009000000000000001
0.0125 0.028 0.01
0.0125 0.029 0.011
0.0125 0.031 0.007
0.0125 0.03 0.008
0.0125 0.031 0.009000000000000001
0.0125 0.03 0.01
0.0125 0.031 0.011
0.0125 0.032 0.008
0.0125 0.032 0.01
2 92 0 9
2357
2358
2359
2360
2361
2362
2363
2364
2365
0.006249999999999996 0.033 0.008
0.006249999999999996 0.033 0.01
0.006249999999999996 0.033 0.007
0.009374999999999998 0.033 0.008
0.006249999999999996 0.033 0.009000000000000001
0.009374999999999998 0.033 0.01
0.006249999999999996 0.033 0.011
0.003124999999999998 0.033 0.008
0.003124999999999998 0.033 0.01
2 93 0 13
2366
2367
2368
2369
2370
2371
2372
2373
2374
2375
2376
2377
2378
0.006249999999999995 0.027 0.012
0.006249999999999995 0.029 0.012
0.006249999999999995 0.031 0.012
0.009374999999999998 0.027 0.012
0.006249999999999995 0.026 0.012
0.009374999999999998 0.029 0.012
0.006249999999999995 0.028 0.012
0.009374999999999998 0.031 0.012
0.006249999999999995 0.03 0.012
0.006249999999999995 0.032 0.012
0.003124999999999998 0.027 0.012
0.003124999999999998 0.029 0.012
0.003124999999999998 0.031 0.012
2 94 0 9
2379
2380
2381
2382
2383
2384
2385
2386
2387
-0.0125 0.006249999999999996 0.008
-0.0125 0.006249999999999996 0.01
-0.0125 0.006249999999999996 0.007
-0.0125 0.009375 0.008
-0.0125 0.006249999999999996 0.009000000000000001
-0.0125 0.009375 0.01
-0.0125 0.006249999999999996 0.011
-0.0125 0.003124999999999998 0.008
-0.0125 0.003124999999999998 0.01
2 95 0 23
2388
2389
2390
2391
2392
2393
2394
2395
2396
2397
2398
2399
2400
2401
2402
2403
2404
2405
2406
2407
2408
2409
2410
-0.01025 0.0125 0.008
-0.01025 0.0125 0.01
-0.011 0.0125 0.008
-0.011 0.0125 0.01
-0.01175 0.0125 0.008
-0.01175 0.0125 0.01
-0.01025 0.0125 0.007
-0.009874999999999998 0.0125 0.008
-0.01025 0.0125 0.009000000000000001
-0.009874999999999998 0.0125 0.01
-0.01025 0.0125 0.011
-0.011 0.0125 0.007
-0.010625 0.0125 0.008
-0.011 0.0125 0.009000000000000001
-0.010625 0.0125 0.01
-0.011 0.0125 0.011
-0.01175 0.0125 0.007
-0.011375 0.0125 0.008
-0.01175 0.0125 0.009000000000000001
-0.011375 0.0125 0.01
-0.01175 0.0125 0.011
-0.012125 0.0125 0.008
-0.012125 0.0125 0.01
2 96 0 23
2411
2412
2413
2414
2415
2416
2417
2418
2419
2420
2421
2422
2423
2424
2425
2426
2427
2428
2429
2430
2431
2432
2433
-0.008776855558857254 0.00886450739253172 0.008
-0.008776855558857254 0.00886450739253172 0.01
-0.006717514421272304 0.005782485578727902 0.008
-0.006717514421272304 0.005782485578727902 0.01
-0.003635492607468569 0.003723144441142866 0.008
-0.003635492607468569 0.003723144441142866 0.01
-0.009317460163830673 0.0106466419408467 0.008
-0.008776855558857254 0.00886450739253172 0.007
-0.009317460163830673 0.0106466419408467 0.01
-0.008776855558857254 0.00886450739253172 0.009000000000000001
-0.008776855558857254 0.00886450739253172 0.011
-0.007898961316874243 0.007222082786313874 0.008
-0.006717514421272304 0.005782485578727902 0.007
-0.007898961316874243 0.007222082786313874 0.01
-0.006717514421272304 0.005782485578727902 0.009000000000000001
-0.006717514421272304 0.005782485578727902 0.011
-0.005277917213686382 0.004601038683125929 0.008
-0.003635492607468569 0.003723144441142866 0.007
-0.005277917213686382 0.004601038683125929 0.01
-0.003635492607468569 0.003723144441142866 0.009000000000000001
-0.003635492607468569 0.003723144441142866 0.011
-0.001853358059153495 0.003182539836169366 0.008
-0.001853358059153495 0.003182539836169366 0.01
2 97 0 23
2434
2435
2436
2437
2438
2439
2440
2441
2442
2443
2444
2445
2446
2447
2448
2449
2450
2451
2452
2453
2454
2455
2456
0 0.00075 0.008
0 0.00075 0.01
0 0.0015 0.008
0 0.0015 0.01
0 0.002250000000000001 0.008
0 0.002250000000000001 0.01
0 0.00075 0.007
0 0.000375 0.008
0 0.00075 0.009000000000000001
0 0.000375 0.01
0 0.00075 0.011
0 0.0015 0.007
0 0.001125 0.008
0 0.0015 0.009000000000000001
0 0.001125 0.01
0 0.0015 0.011
0 0.002250000000000001 0.007
0 0.001875 0.008
0 0.002250000000000001 0.009000000000000001
0 0.001875 0.01
0 0.002250000000000001 0.011
0 0.002625000000000001 0.008
0 0.002625000000000001 0.01
2 98 0 9
2457
2458
2459
2460
2461
2462
2463
2464
2465
-0.006249999999999996 0 0.008
-0.006249999999999996 0 0.01
-0.006249999999999996 0 0.007
-0.009374999999999998 0 0.008
-0.006249999999999996 0 0.009000000000000001
-0.009374999999999998 0 0.01
-0.006249999999999996 0 0.011
-0.003124999999999998 0 0.008
-0.003124999999999998 0 0.01
2 99 0 33
2466
2467
2468
2469
2470
2471
2472
2473
2474
2475
2476
2477
2478
2479
2480
2481
2482
2483
2484
2485
2486
2487
2488
2489
2490
2491
2492
2493
2494
2495
2496
2497
2498
-0.009707641669142878 0.008210880544398788 0.012
-0.01063842777942858 0.007557253696265857 0.012
-0.01156921388971429 0.006903626848132927 0.012
-0.008163135815954103 0.004336864184045927 0.012
-0.009608757210636068 0.002891242789363952 0.012
-0.01105437860531804 0.001445621394681977 0.012
-0.004289119455601239 0.00279235833085715 0.012
-0.004942746303734159 0.001861572220571433 0.012
-0.005596373151867076 0.0009307861102857175 0.012
-0.009978820834571439 0.0103554402721994 0.012
-0.009242248614000066 0.008537693968465255 0.012
-0.01081921388971429 0.01002862684813293 0.012
-0.01017303472428573 0.007884067120332322 0.012
-0.01165960694485715 0.009701813424066464 0.012
-0.01110382083457144 0.007230440272199393 0.012
-0.01203460694485715 0.006576813424066462 0.012
-0.00893538874254849 0.006273872364222358 0.012
-0.007440325118613204 0.005059674881386915 0.012
-0.01012359249503233 0.005224248242814904 0.012
-0.008885946513295086 0.003614053486704939 0.012
-0.01131179624751616 0.004174624121407452 0.012
-0.01033156790797705 0.002168432092022964 0.012
-0.01177718930265902 0.0007228106973409879 0.012
-0.006226127635777672 0.003564611257451538 0.012
-0.003962306031534904 0.003257751386000008 0.012
-0.007275751757185114 0.002376407504967692 0.012
-0.004615932879667699 0.002326965275714292 0.012
-0.008325375878592556 0.001188203752483847 0.012
-0.005269559727800618 0.001396179165428575 0.012
-0.005923186575933536 0.0004653930551428587 0.012
-0.002144559727800619 0.002521179165428575 0.012
-0.002471373151867079 0.001680786110285716 0.012
-0.002798186575933538 0.0008403930551428591 0.012
2 100 0 16
2499
2500
2501
2502
2503
2504
2505
2506
2507
2508
2509
2510
2511
2512
2513
2514
-0.008166666666666666 0.0125 0.008
-0.008166666666666666 0.0125 0.01
-0.008833333333333334 0.0125 0.008
-0.008833333333333334 0.0125 0.01
-0.008166666666666666 0.0125 0.007
-0.007833333333333333 0.0125 0.008
-0.008166666666666666 0.0125 0.009000000000000001
-0.007833333333333333 0.0125 0.01
-0.008166666666666666 0.0125 0.011
-0.008833333333333334 0.0125 0.007
-0.008500000000000001 0.0125 0.008
-0.008833333333333334 0.0125 0.009000000000000001
-0.008500000000000001 0.0125 0.01
-0.008833333333333334 0.0125 0.011
-0.009166666666666667 0.0125 0.008
-0.009166666666666667 0.0125 0.01
2 101 0 23
2515
2516
2517
2518
2519
2520
2521
2522
2523
2524
2525
2526
2527
2528
2529
2530
2531
2532
2533
2534
2535
2536
2537
-0.006929096493834651 0.009629874257261828 0.008
-0.006929096493834651 0.009629874257261828 0.01
-0.005303300858899112 0.0071966991411009 0.008
-0.005303300858899112 0.0071966991411009 0.01
-0.002870125742738171 0.00557090350616535 0.008
-0.002870125742738171 0.00557090350616535 0.01
-0.007355889603024203 0.01103682258487892 0.008
-0.006929096493834651 0.009629874257261828 0.007
-0.007355889603024203 0.01103682258487892 0.01
-0.006929096493834651 0.009629874257261828 0.009000000000000001
-0.006929096493834651 0.009629874257261828 0.011
-0.006236022092269092 0.00833322325235299 0.008
-0.005303300858899112 0.0071966991411009 0.007
-0.006236022092269092 0.00833322325235299 0.01
-0.005303300858899112 0.0071966991411009 0.009000000000000001
-0.005303300858899112 0.0071966991411009 0.011
-0.004166776747647022 0.006263977907730915 0.008
-0.002870125742738171 0.00557090350616535 0.007
-0.004166776747647022 0.006263977907730915 0.01
-0.002870125742738171 0.00557090350616535 0.009000000000000001
-0.002870125742738171 0.00557090350616535 0.011
-0.001463177415120958 0.005144110396975772 0.008
-0.001463177415120958 0.005144110396975772 0.01
2 102 0 16
2538
2539
2540
2541
2542
2543
2544
2545
2546
2547
2548
2549
2550
2551
2552
2553
0 0.003666666666666667 0.008
0 0.003666666666666667 0.01
0 0.004333333333333334 0.008
0 0.004333333333333334 0.01
0 0.003666666666666667 0.007
0 0.003333333333333334 0.008
0 0.003666666666666667 0.009000000000000001
0 0.003333333333333334 0.01
0 0.003666666666666667 0.011
0 0.004333333333333334 0.007
0 0.004000000000000001 0.008
0 0.004333333333333334 0.009000000000000001
0 0.004000000000000001 0.01
0 0.004333333333333334 0.011
0 0.004666666666666668 0.008
0 0.004666666666666668 0.01
2 103 0 23
2554
2555
2556
2557
2558
2559
2560
2561
2562
2563
2564
2565
2566
2567
2568
2569
2570
2571
2572
2573
2574
2575
2576
-0.008160935870516334 0.00911962968077509 0.012
-0.007545016182175493 0.009374751969018456 0.012
-0.006246109900481132 0.006253890099518901 0.012
-0.005774705379690125 0.0067252946203099 0.012
-0.00338037031922494 0.004339064129483694 0.012
-0.00312524803098156 0.004954983817824521 0.012
-0.008468895714686793 0.008992068536653405 0.012
-0.008497134601924833 0.01080981484038755 0.012
-0.007852976026345913 0.009247190824896773 0.012
-0.00785584142442108 0.01093737598450923 0.012
-0.007237056338005072 0.009502313113140141 0.012
-0.006481812160876718 0.006018187839123401 0.012
-0.007203522885498733 0.007686759890146996 0.012
-0.006010407640085628 0.006489592359914401 0.012
-0.006659860780932809 0.008050023294664178 0.012
-0.005539003119294618 0.0069609968807054 0.012
-0.003507931463346755 0.004031104285313281 0.012
-0.004813240109853036 0.005296477114501297 0.012
-0.00325280917510325 0.004647023973654107 0.012
-0.004449976705335842 0.005840139219067211 0.012
-0.002997686886859865 0.005262943661994935 0.012
-0.00169018515961247 0.004002865398075181 0.012
-0.00156262401549078 0.004644158575578927 0.012
2 104 0 16
2577
2578
2579
2580
2581
2582
2583
2584
2585
2586
2587
2588
2589
2590
2591
2592
-0.0065 0.0125 0.008
-0.0065 0.0125 0.01
-0.006999999999999999 0.0125 0.008
-0.006999999999999999 0.0125 0.01
-0.0065 0.0125 0.007
-0.00625 0.0125 0.008
-0.0065 0.0125 0.009000000000000001
-0.00625 0.0125 0.01
-0.0065 0.0125 0.011
-0.006999999999999999 0.0125 0.007
-0.006749999999999999 0.0125 0.008
-0.006999999999999999 0.0125 0.009000000000000001
-0.006749999999999999 0.0125 0.01
-0.006999999999999999 0.0125 0.011
-0.00725 0.0125 0.008
-0.00725 0.0125 0.01
2 105 0 23
2593
2594
2595
2596
2597
2598
2599
2600
2601
2602
2603
2604
2605
2606
2607
2608
2609
2610
2611
2612
2613
2614
2615
-0.005543277195067737 0.0102038994058095 0.008
-0.005543277195067737 0.0102038994058095 0.01
-0.004242640687119342 0.008257359312880772 0.008
-0.004242640687119342 0.008257359312880772 0.01
-0.00229610059419066 0.00695672280493233 0.008
-0.00229610059419066 0.00695672280493233 0.01
-0.005884711682419363 0.01132945806790313 0.008
-0.005543277195067738 0.0102038994058095 0.007
-0.005884711682419363 0.01132945806790313 0.01
-0.005543277195067738 0.0102038994058095 0.009000000000000001
-0.005543277195067738 0.0102038994058095 0.011
-0.004988817673815307 0.00916657860188244 0.008
-0.004242640687119342 0.008257359312880772 0.007
-0.004988817673815307 0.00916657860188244 0.01
-0.004242640687119342 0.008257359312880772 0.009000000000000001
-0.004242640687119342 0.008257359312880772 0.011
-0.003333421398117702 0.007511182326184788 0.008
-0.00229610059419066 0.00695672280493233 0.007
-0.003333421398117702 0.007511182326184788 0.01
-0.00229610059419066 0.00695672280493233 0.009000000000000001
-0.00229610059419066 0.00695672280493233 0.011
-0.001170541932096929 0.00661528831758065 0.008
-0.001170541932096929 0.00661528831758065 0.01
2 106 0 16
2616
2617
2618
2619
2620
2621
2622
2623
2624
2625
2626
2627
2628
2629
2630
2631
0 0.005500000000000001 0.008
0 0.005500000000000001 0.01
0 0.006 0.008
0 0.006 0.01
0 0.005500000000000001 0.007
0 0.005250000000000001 0.008
0 0.005500000000000001 0.009000000000000001
0 0.005250000000000001 0.01
0 0.005500000000000001 0.011
0 0.006 0.007
0 0.00575 0.008
0 0.006 0.009000000000000001
0 0.00575 0.01
0 0.006 0.011
0 0.00625 0.008
0 0.00625 0.01
2 107 0 23
2632
2633
2634
2635
2636
2637
2638
2639
2640
2641
2642
2643
2644
2645
2646
2647
2648
2649
2650
2651
2652
2653
2654
-0.006467156727579 0.009821215973444385 0.012
-0.006005216961323345 0.01001255768962694 0.012
-0.004949747468305828 0.00755025253169419 0.012
-0.004596194077712537 0.007903805922287481 0.012
-0.002678784026555626 0.00603284327242101 0.012
-0.002487442310373075 0.00649478303867667 0.012
-0.006698126610706826 0.009725545115353108 0.012
-0.006733578363789499 0.01116060798672219 0.012
-0.006236186844451172 0.009916886831535665 0.012
-0.006252608480661672 0.01125627884481347 0.012
-0.005774247078195541 0.01010822854771822 0.012
-0.00512652416360247 0.007373475836397545 0.012
-0.005708452097942414 0.008685734252569287 0.012
-0.004772970773009182 0.007727029226990836 0.012
-0.005300705519517941 0.008958181805957213 0.012
-0.004419417382415939 0.008080582617584126 0.012
-0.002774454884646898 0.00580187338929318 0.012
-0.003814265747430727 0.0067915479020576 0.012
-0.00258311316846435 0.006263813155548839 0.012
-0.003541818194042806 0.007199294480482075 0.012
-0.002391771452281868 0.006725752921804501 0.012
-0.001339392013277813 0.005766421636210505 0.012
-0.001243721155186537 0.006247391519338335 0.012
2 108 0 23
2655
2656
2657
2658
2659
2660
2661
2662
2663
2664
2665
2666
2667
2668
2669
2670
2671
2672
2673
2674
2675
2676
2677
-0.002870125742738173 0.01942909649383465 0.008
-0.002870125742738173 0.01942909649383465 0.01
-0.005303300858899106 0.01780330085889911 0.008
-0.005303300858899106 0.01780330085889911 0.01
-0.00692909649383465 0.01537012574273817 0.008
-0.00692909649383465 0.01537012574273817 0.01
-0.002870125742738173 0.01942909649383465 0.007
-0.001463177415120958 0.01985588960302423 0.008
-0.002870125742738173 0.01942909649383465 0.009000000000000001
-0.001463177415120958 0.01985588960302423 0.01
-0.002870125742738173 0.01942909649383465 0.011
-0.005303300858899106 0.01780330085889911 0.007
-0.004166776747647017 0.01873602209226909 0.008
-0.005303300858899106 0.01780330085889911 0.009000000000000001
-0.004166776747647017 0.01873602209226909 0.01
-0.005303300858899106 0.01780330085889911 0.011
-0.00692909649383465 0.01537012574273817 0.007
-0.00623602209226909 0.01666677674764701 0.008
-0.00692909649383465 0.01537012574273817 0.009000000000000001
-0.00623602209226909 0.01666677674764701 0.01
-0.00692909649383465 0.01537012574273817 0.011
-0.007355889603024251 0.01396317741512084 0.008
-0.007355889603024251 0.01396317741512084 0.01
2 109 0 16
2678
2679
2680
2681
2682
2683
2684
2685
2686
2687
2688
2689
2690
2691
2692
2693
0 0.019 0.008
0 0.019 0.01
0 0.0195 0.008
0 0.0195 0.01
0 0.019 0.007
0 0.01875 0.008
0 0.019 0.009000000000000001
0 0.01875 0.01
0 0.019 0.011
0 0.0195 0.007
0 0.01925 0.008
0 0.0195 0.009000000000000001
0 0.01925 0.01
0 0.0195 0.011
0 0.01975 0.008
0 0.01975 0.01
2 110 0 23
2694
2695
2696
2697
2698
2699
2700
2701
2702
2703
2704
2705
2706
2707
2708
2709
2710
2711
2712
2713
2714
2715
2716
-0.002296100594190669 0.01804327719506767 0.008
-0.002296100594190669 0.01804327719506767 0.01
-0.004242640687119355 0.01674264068711922 0.008
-0.004242640687119355 0.01674264068711922 0.01
-0.00554327719506774 0.01479610059419049 0.008
-0.00554327719506774 0.01479610059419049 0.01
-0.001170541932096931 0.01838471168241935 0.008
-0.002296100594190669 0.01804327719506767 0.007
-0.001170541932096931 0.01838471168241935 0.01
-0.002296100594190669 0.01804327719506767 0.009000000000000001
-0.002296100594190669 0.01804327719506767 0.011
-0.003333421398117714 0.01748881767381521 0.008
-0.004242640687119355 0.01674264068711922 0.007
-0.003333421398117714 0.01748881767381521 0.01
-0.004242640687119355 0.01674264068711922 0.009000000000000001
-0.004242640687119355 0.01674264068711922 0.011
-0.004988817673815314 0.01583342139811755 0.008
-0.00554327719506774 0.01479610059419049 0.007
-0.004988817673815314 0.01583342139811755 0.01
-0.00554327719506774 0.01479610059419049 0.009000000000000001
-0.00554327719506774 0.01479610059419049 0.011
-0.005884711682419412 0.01367054193209662 0.008
-0.005884711682419412 0.01367054193209662 0.01
2 111 0 23
2717
2718
2719
2720
2721
2722
2723
2724
2725
2726
2727
2728
2729
2730
2731
2732
2733
2734
2735
2736
2737
2738
2739
-0.006005216961323377 0.01498744231037305 0.012
-0.004596194077712606 0.01709619407771251 0.012
-0.002487442310373172 0.01850521696132333 0.012
-0.006467156727579014 0.01517878402655562 0.012
-0.004949747468305858 0.01744974746830581 0.012
-0.002678784026555673 0.01896715672757899 0.012
-0.005774247078195558 0.01489177145228177 0.012
-0.006252608480661688 0.01374372115518653 0.012
-0.004419417382415981 0.01691941738241587 0.012
-0.005300705519517991 0.01604181819404278 0.012
-0.00239177145228192 0.0182742470781955 0.012
-0.003541818194042889 0.01780070551951792 0.012
-0.001243721155186586 0.01875260848066167 0.012
-0.006236186844451196 0.01508311316846433 0.012
-0.006733578363789507 0.01383939201327781 0.012
-0.004772970773009232 0.01727297077300916 0.012
-0.005708452097942436 0.01631426574743072 0.012
-0.002583113168464422 0.01873618684445116 0.012
-0.003814265747430765 0.0182084520979424 0.012
-0.001339392013277836 0.0192335783637895 0.012
-0.006698126610706833 0.0152744548846469 0.012
-0.005126524163602482 0.01762652416360246 0.012
-0.002774454884646923 0.01919812661070682 0.012
2 112 0 23
2740
2741
2742
2743
2744
2745
2746
2747
2748
2749
2750
2751
2752
2753
2754
2755
2756
2757
2758
2759
2760
2761
2762
-0.003635492607468578 0.02127685555885713 0.008
-0.003635492607468578 0.02127685555885713 0.01
-0.006717514421272323 0.01921751442127208 0.008
-0.006717514421272323 0.01921751442127208 0.01
-0.008776855558857256 0.01613549260746828 0.008
-0.008776855558857256 0.01613549260746828 0.01
-0.003635492607468578 0.02127685555885713 0.007
-0.001853358059153497 0.02181746016383063 0.008
-0.003635492607468578 0.02127685555885713 0.009000000000000001
-0.001853358059153497 0.02181746016383063 0.01
-0.003635492607468578 0.02127685555885713 0.011
-0.00671751442127232 0.01921751442127208 0.007
-0.005277917213686393 0.02039896131687406 0.008
-0.00671751442127232 0.01921751442127208 0.009000000000000001
-0.005277917213686393 0.02039896131687406 0.01
-0.00671751442127232 0.01921751442127208 0.011
-0.008776855558857254 0.01613549260746828 0.007
-0.007898961316874249 0.01777791721368612 0.008
-0.008776855558857254 0.01613549260746828 0.009000000000000001
-0.007898961316874249 0.01777791721368612 0.01
-0.008776855558857254 0.01613549260746828 0.011
-0.009317460163830721 0.01435335805915306 0.008
-0.009317460163830721 0.01435335805915306 0.01
2 113 0 16
2763
2764
2765
2766
2767
2768
2769
2770
2771
2772
2773
2774
2775
2776
2777
2778
0 0.02066666666666667 0.008
0 0.02066666666666667 0.01
0 0.02133333333333333 0.008
0 0.02133333333333333 0.01
0 0.02066666666666667 0.007
0 0.02033333333333334 0.008
0 0.02066666666666667 0.009000000000000001
0 0.02033333333333334 0.01
0 0.02066666666666667 0.011
0 0.02133333333333333 0.007
0 0.021 0.008
0 0.02133333333333333 0.009000000000000001
0 0.021 0.01
0 0.02133333333333333 0.011
0 0.02166666666666667 0.008
0 0.02166666666666667 0.01
2 114 0 23
2779
2780
2781
2782
2783
2784
2785
2786
2787
2788
2789
2790
2791
2792
2793
2794
2795
2796
2797
2798
2799
2800
2801
-0.007545016182175492 0.01562524803098154 0.012
-0.005774705379690125 0.0182747053796901 0.012
-0.003125248030981562 0.02004501618217548 0.012
-0.008160935870516334 0.01588037031922491 0.012
-0.006246109900481143 0.01874610990048109 0.012
-0.003380370319224948 0.0206609358705163 0.012
-0.007237056338005071 0.01549768688685986 0.012
-0.007855841424421079 0.01406262401549077 0.012
-0.005539003119294615 0.0180390031192946 0.012
-0.006659860780932808 0.01694997670533582 0.012
-0.002997686886859867 0.01973705633800506 0.012
-0.004449976705335843 0.01915986078093279 0.012
-0.001562624015490781 0.02035584142442107 0.012
-0.007852976026345913 0.01575280917510322 0.012
-0.008497134601924833 0.01419018515961245 0.012
-0.006010407640085634 0.0185104076400856 0.012
-0.007203522885498739 0.017313240109853 0.012
-0.003252809175103255 0.02035297602634589 0.012
-0.004813240109853046 0.0197035228854987 0.012
-0.001690185159612475 0.02099713460192482 0.012
-0.008468895714686795 0.01600793146334659 0.012
-0.006481812160876734 0.01898181216087658 0.012
-0.003507931463346763 0.02096889571468672 0.012
2 115 0 9
2802
2803
2804
2805
2806
2807
2808
2809
2810
-0.0125 0.01875 0.008
-0.0125 0.01875 0.01
-0.0125 0.01875 0.007
-0.0125 0.021875 0.008
-0.0125 0.01875 0.009000000000000001
-0.0125 0.021875 0.01
-0.0125 0.01875 0.011
-0.0125 0.015625 0.008
-0.0125 0.015625 0.01
2 116 0 23
2811
2812
2813
2814
2815
2816
2817
2818
2819
2820
2821
2822
2823
2824
2825
2826
2827
2828
2829
2830
2831
2832
2833
0 0.02275 0.008
0 0.02275 0.01
0 0.0235 0.008
0 0.0235 0.01
0 0.02425 0.008
0 0.02425 0.01
0 0.02275 0.007
0 0.022375 0.008
0 0.02275 0.009000000000000001
0 0.022375 0.01
0 0.02275 0.011
0 0.0235 0.007
0 0.023125 0.008
0 0.0235 0.009000000000000001
0 0.023125 0.01
0 0.0235 0.011
0 0.02425 0.007
0 0.023875 0.008
0 0.02425 0.009000000000000001
0 0.023875 0.01
0 0.02425 0.011
0 0.024625 0.008
0 0.024625 0.01
2 117 0 33
2834
2835
2836
2837
2838
2839
2840
2841
2842
2843
2844
2845
2846
2847
2848
2849
2850
2851
2852
2853
2854
2855
2856
2857
2858
2859
2860
2861
2862
2863
2864
2865
2866
-0.009707641669142879 0.01678911945560121 0.012
-0.01063842777942859 0.01744274630373414 0.012
-0.01156921388971429 0.01809637315186707 0.012
-0.008163135815954119 0.02066313581595406 0.012
-0.009608757210636081 0.02210875721063604 0.012
-0.01105437860531804 0.02355437860531802 0.012
-0.004289119455601252 0.02220764166914285 0.012
-0.004942746303734169 0.02313842777942857 0.012
-0.005596373151867087 0.02406921388971428 0.012
-0.009242248614000068 0.01646230603153474 0.012
-0.009978820834571439 0.0146445597278006 0.012
-0.01017303472428573 0.01711593287966767 0.012
-0.01081921388971429 0.01497137315186707 0.012
-0.01110382083457144 0.0177695597278006 0.012
-0.01165960694485715 0.01529818657593353 0.012
-0.01203460694485715 0.01842318657593353 0.012
-0.007440325118613221 0.01994032511861307 0.012
-0.008935388742548499 0.01872612763577763 0.012
-0.0088859465132951 0.02138594651329505 0.012
-0.01012359249503233 0.01977575175718509 0.012
-0.01033156790797706 0.02283156790797703 0.012
-0.01131179624751617 0.02082537587859255 0.012
-0.01177718930265902 0.02427718930265901 0.012
-0.003962306031534915 0.02174224861399999 0.012
-0.006226127635777685 0.02143538874254845 0.012
-0.004615932879667711 0.02267303472428571 0.012
-0.007275751757185125 0.0226235924950323 0.012
-0.005269559727800629 0.02360382083457142 0.012
-0.008325375878592564 0.02381179624751615 0.012
-0.005923186575933546 0.02453460694485714 0.012
-0.002144559727800626 0.02247882083457142 0.012
-0.002471373151867085 0.02331921388971428 0.012
-0.002798186575933544 0.02415960694485714 0.012
2 118 0 23
2867
2868
2869
2870
2871
2872
2873
2874
2875
2876
2877
2878
2879
2880
2881
2882
2883
2884
2885
2886
2887
2888
2889
0.005543277195067702 0.01479610059419059 0.008
0.005543277195067702 0.01479610059419059 0.01
0.004242640687119212 0.01674264068711936 0.008
0.004242640687119212 0.01674264068711936 0.01
0.002296100594190402 0.01804327719506778 0.008
0.002296100594190402 0.01804327719506778 0.01
0.005884711682419378 0.0136705419320968 0.008
0.005543277195067702 0.01479610059419059 0.007
0.005884711682419378 0.0136705419320968 0.01
0.005543277195067702 0.01479610059419059 0.009000000000000001
0.005543277195067702 0.01479610059419059 0.011
0.00498881767381523 0.01583342139811768 0.008
0.004242640687119213 0.01674264068711936 0.007
0.00498881767381523 0.01583342139811768 0.01
0.004242640687119213 0.01674264068711936 0.009000000000000001
0.004242640687119213 0.01674264068711936 0.011
0.003333421398117509 0.01748881767381534 0.008
0.002296100594190402 0.01804327719506778 0.007
0.003333421398117509 0.01748881767381534 0.01
0.002296100594190402 0.01804327719506778 0.009000000000000001
0.002296100594190402 0.01804327719506778 0.011
0.001170541932096604 0.01838471168241942 0.008
0.001170541932096604 0.01838471168241942 0.01
2 119 0 23
2890
2891
2892
2893
2894
2895
2896
2897
2898
2899
2900
2901
2902
2903
2904
2905
2906
2907
2908
2909
2910
2911
2912
0.00692909649383465 0.01537012574273817 0.008
0.00692909649383465 0.01537012574273817 0.01
0.005303300858899105 0.01780330085889911 0.008
0.005303300858899105 0.01780330085889911 0.01
0.002870125742738178 0.01942909649383465 0.008
0.002870125742738178 0.01942909649383465 0.01
0.00692909649383465 0.01537012574273817 0.007
0.007355889603024228 0.01396317741512096 0.008
0.00692909649383465 0.01537012574273817 0.009000000000000001
0.007355889603024228 0.01396317741512096 0.01
0.00692909649383465 0.01537012574273817 0.011
0.005303300858899104 0.01780330085889911 0.007
0.006236022092269086 0.01666677674764702 0.008
0.005303300858899104 0.01780330085889911 0.009000000000000001
0.006236022092269086 0.01666677674764702 0.01
0.005303300858899104 0.01780330085889911 0.011
0.002870125742738178 0.01942909649383465 0.007
0.004166776747647017 0.01873602209226909 0.008
0.002870125742738178 0.01942909649383465 0.009000000000000001
0.004166776747647017 0.01873602209226909 0.01
0.002870125742738178 0.01942909649383465 0.011
0.001463177415120967 0.01985588960302423 0.008
0.001463177415120967 0.01985588960302423 0.01
2 120 0 16
2913
2914
2915
2916
2917
2918
2919
2920
2921
2922
2923
2924
2925
2926
2927
2928
0.0065 0.0125 0.008
0.0065 0.0125 0.01
0.006999999999999999 0.0125 0.008
0.006999999999999999 0.0125 0.01
0.0065 0.0125 0.007
0.00625 0.0125 0.008
0.0065 0.0125 0.009000000000000001
0.00625 0.0125 0.01
0.0065 0.0125 0.011
0.006999999999999999 0.0125 0.007
0.006749999999999999 0.0125 0.008
0.006999999999999999 0.0125 0.009000000000000001
0.006749999999999999 0.0125 0.01
0.006999999999999999 0.0125 0.011
0.00725 0.0125 0.008
0.00725 0.0125 0.01
2 121 0 23
2929
2930
2931
2932
2933
2934
2935
2936
2937
2938
2939
2940
2941
2942
2943
2944
2945
2946
2947
2948
2949
2950
2951
0.006005216961323352 0.01498744231037312 0.012
0.006467156727579 0.01517878402655565 0.012
0.00459619407771251 0.01709619407771261 0.012
0.004949747468305806 0.01744974746830586 0.012
0.002487442310372993 0.0185052169613234 0.012
0.002678784026555588 0.01896715672757903 0.012
0.006252608480661675 0.01374372115518656 0.012
0.005774247078195526 0.01489177145228185 0.012
0.0067335783637895 0.01383939201327782 0.012
0.006236186844451176 0.01508311316846438 0.012
0.006698126610706826 0.01527445488464691 0.012
0.005300705519517931 0.01604181819404286 0.012
0.004419417382415861 0.01691941738241598 0.012
0.005708452097942403 0.01631426574743075 0.012
0.004772970773009158 0.01727297077300924 0.012
0.005126524163602456 0.01762652416360248 0.012
0.003541818194042751 0.01780070551951801 0.012
0.002391771452281698 0.01827424707819559 0.012
0.003814265747430697 0.01820845209794245 0.012
0.00258311316846429 0.01873618684445121 0.012
0.002774454884646883 0.01919812661070684 0.012
0.001243721155186497 0.0187526084806617 0.012
0.001339392013277794 0.01923357836378951 0.012
2 122 0 23
2952
2953
2954
2955
2956
2957
2958
2959
2960
2961
2962
2963
2964
2965
2966
2967
2968
2969
2970
2971
2972
2973
2974
0.008776855558857191 0.01613549260746843 0.008
0.008776855558857191 0.01613549260746843 0.01
0.006717514421272075 0.01921751442127233 0.008
0.006717514421272075 0.01921751442127233 0.01
0.003635492607468115 0.02127685555885732 0.008
0.003635492607468115 0.02127685555885732 0.01
0.008776855558857191 0.01613549260746843 0.007
0.00931746016383068 0.01435335805915326 0.008
0.008776855558857191 0.01613549260746843 0.009000000000000001
0.00931746016383068 0.01435335805915326 0.01
0.008776855558857191 0.01613549260746843 0.011
0.006717514421272075 0.01921751442127233 0.007
0.007898961316874106 0.01777791721368633 0.008
0.006717514421272075 0.01921751442127233 0.009000000000000001
0.007898961316874106 0.01777791721368633 0.01
0.006717514421272075 0.01921751442127233 0.011
0.003635492607468115 0.02127685555885732 0.007
0.005277917213686041 0.0203989613168743 0.008
0.003635492607468115 0.02127685555885732 0.009000000000000001
0.005277917213686041 0.0203989613168743 0.01
0.003635492607468115 0.02127685555885732 0.011
0.001853358059152933 0.02181746016383074 0.008
0.001853358059152933 0.02181746016383074 0.01
2 123 0 16
2975
2976
2977
2978
2979
2980
2981
2982
2983
2984
2985
2986
2987
2988
2989
2990
0.008166666666666666 0.0125 0.008
0.008166666666666666 0.0125 0.01
0.008833333333333334 0.0125 0.008
0.008833333333333334 0.0125 0.01
0.008166666666666666 0.0125 0.007
0.007833333333333333 0.0125 0.008
0.008166666666666666 0.0125 0.009000000000000001
0.007833333333333333 0.0125 0.01
0.008166666666666666 0.0125 0.011
0.008833333333333334 0.0125 0.007
0.008500000000000001 0.0125 0.008
0.008833333333333334 0.0125 0.009000000000000001
0.008500000000000001 0.0125 0.01
0.008833333333333334 0.0125 0.011
0.009166666666666667 0.0125 0.008
0.009166666666666667 0.0125 0.01
2 124 0 23
2991
2992
2993
2994
2995
2996
2997
2998
2999
3000
3001
3002
3003
3004
3005
3006
3007
3008
3009
3010
3011
3012
3013
0.007545016182175497 0.01562524803098159 0.012
0.008160935870516344 0.01588037031922501 0.012
0.005774705379690095 0.01827470537969018 0.012
0.006246109900481085 0.01874610990048126 0.012
0.003125248030981491 0.02004501618217554 0.012
0.003380370319224804 0.02066093587051643 0.012
0.00785584142442108 0.0140626240154908 0.012
0.007237056338005074 0.01549768688685988 0.012
0.00849713460192484 0.01419018515961251 0.012
0.00785297602634592 0.0157528091751033 0.012
0.008468895714686769 0.01600793146334672 0.012
0.006659860780932796 0.01694997670533589 0.012
0.0055390031192946 0.01803900311929464 0.012
0.007203522885498715 0.01731324010985313 0.012
0.00601040764008559 0.01851040764008572 0.012
0.00648181216087658 0.01898181216087679 0.012
0.004449976705335793 0.01915986078093286 0.012
0.002997686886859834 0.0197370563380051 0.012
0.004813240109852944 0.01970352288549884 0.012
0.003252809175103147 0.02035297602634599 0.012
0.00350793146334646 0.02096889571468688 0.012
0.001562624015490745 0.0203558414244211 0.012
0.001690185159612402 0.02099713460192488 0.012
2 125 0 9
3014
3015
3016
3017
3018
3019
3020
3021
3022
0.0125 0.01875000000000001 0.008
0.0125 0.01875000000000001 0.01
0.0125 0.01875000000000001 0.007
0.0125 0.015625 0.008
0.0125 0.01875000000000001 0.009000000000000001
0.0125 0.015625 0.01
0.0125 0.01875000000000001 0.011
0.0125 0.02187500000000001 0.008
0.0125 0.02187500000000001 0.01
2 126 0 23
3023
3024
3025
3026
3027
3028
3029
3030
3031
3032
3033
3034
3035
3036
3037
3038
3039
3040
3041
3042
3043
3044
3045
0.01025 0.0125 0.008
0.01025 0.0125 0.01
0.011 0.0125 0.008
0.011 0.0125 0.01
0.01175 0.0125 0.008
0.01175 0.0125 0.01
0.01025 0.0125 0.007
0.009874999999999998 0.0125 0.008
0.01025 0.0125 0.009000000000000001
0.009874999999999998 0.0125 0.01
0.01025 0.0125 0.011
0.011 0.0125 0.007
0.010625 0.0125 0.008
0.011 0.0125 0.009000000000000001
0.010625 0.0125 0.01
0.011 0.0125 0.011
0.01175 0.0125 0.007
0.011375 0.0125 0.008
0.01175 0.0125 0.009000000000000001
0.011375 0.0125 0.01
0.01175 0.0125 0.011
0.012125 0.0125 0.008
0.012125 0.0125 0.01
2 127 0 33
3046
3047
3048
3049
3050
3051
3052
3053
3054
3055
3056
3057
3058
3059
3060
3061
3062
3063
3064
3065
3066
3067
3068
3069
3070
3071
3072
3073
3074
3075
3076
3077
3078
0.004289119455601085 0.02220764166914299 0.012
0.008163135815954056 0.02066313581595424 0.012
0.009707641669142893 0.01678911945560133 0.012
0.004942746303734055 0.02313842777942866 0.012
0.009608757210636037 0.02210875721063616 0.012
0.0106384277794286 0.01744274630373422 0.012
0.005596373151867026 0.02406921388971433 0.012
0.01105437860531802 0.02355437860531808 0.012
0.0115692138897143 0.01809637315186711 0.012
0.0039623060315346 0.02174224861400016 0.012
0.002144559727800543 0.0224788208345715 0.012
0.007440325118613066 0.01994032511861329 0.012
0.006226127635777571 0.02143538874254862 0.012
0.009242248614000043 0.01646230603153488 0.012
0.008935388742548475 0.01872612763577779 0.012
0.009978820834571446 0.01464455972780066 0.012
0.004615932879667569 0.02267303472428583 0.012
0.002471373151867027 0.02331921388971433 0.012
0.008885946513295048 0.0213859465132952 0.012
0.007275751757185046 0.02262359249503242 0.012
0.01017303472428574 0.01711593287966777 0.012
0.01012359249503232 0.01977575175718519 0.012
0.0108192138897143 0.01497137315186711 0.012
0.00526955972780054 0.0236038208345715 0.012
0.002798186575933513 0.02415960694485716 0.012
0.01033156790797703 0.02283156790797712 0.012
0.008325375878592525 0.02381179624751621 0.012
0.01110382083457145 0.01776955972780066 0.012
0.01131179624751616 0.0208253758785926 0.012
0.01165960694485715 0.01529818657593356 0.012
0.005923186575933511 0.02453460694485717 0.012
0.01177718930265901 0.02427718930265904 0.012
0.01203460694485715 0.01842318657593356 0.012
2 128 0 23
3079
3080
3081
3082
3083
3084
3085
3086
3087
3088
3089
3090
3091
3092
3093
3094
3095
3096
3097
3098
3099
3100
3101
0.003635492607468129 0.003723144441142684 0.008
0.003635492607468129 0.003723144441142684 0.01
0.006717514421272087 0.005782485578727685 0.008
0.006717514421272087 0.005782485578727685 0.01
0.008776855558857191 0.008864507392531572 0.008
0.008776855558857191 0.008864507392531572 0.01
0.001853358059152938 0.003182539836169255 0.008
0.003635492607468129 0.003723144441142684 0.007
0.001853358059152938 0.003182539836169255 0.01
0.003635492607468129 0.003723144441142684 0.009000000000000001
0.003635492607468129 0.003723144441142684 0.011
0.00527791721368605 0.004601038683125707 0.008
0.006717514421272087 0.005782485578727685 0.007
0.00527791721368605 0.004601038683125707 0.01
0.006717514421272087 0.005782485578727685 0.009000000000000001
0.006717514421272087 0.005782485578727685 0.011
0.007898961316874108 0.007222082786313675 0.008
0.008776855558857191 0.008864507392531572 0.007
0.007898961316874108 0.007222082786313675 0.01
0.008776855558857191 0.008864507392531572 0.009000000000000001
0.008776855558857191 0.008864507392531572 0.011
0.00931746016383068 0.01064664194084674 0.008
0.00931746016383068 0.01064664194084674 0.01
2 129 0 9
3102
3103
3104
3105
3106
3107
3108
3109
3110
0.0125 0.006250000000000005 0.008
0.0125 0.006250000000000005 0.01
0.0125 0.006250000000000005 0.007
0.0125 0.003125000000000002 0.008
0.0125 0.006250000000000005 0.009000000000000001
0.0125 0.003125000000000002 0.01
0.0125 0.006250000000000005 0.011
0.0125 0.009375000000000003 0.008
0.0125 0.009375000000000003 0.01
2 130 0 9
3111
3112
3113
3114
3115
3116
3117
3118
3119
0.006250000000000005 0 0.008
0.006250000000000005 0 0.01
0.006250000000000005 0 0.007
0.003125000000000002 0 0.008
0.006250000000000005 0 0.009000000000000001
0.003125000000000002 0 0.01
0.006250000000000005 0 0.011
0.009375000000000003 0 0.008
0.009375000000000003 0 0.01
2 131 0 33
3120
3121
3122
3123
3124
3125
3126
3127
3128
3129
3130
3131
3132
3133
3134
3135
3136
3137
3138
3139
3140
3141
3142
3143
3144
3145
3146
3147
3148
3149
3150
3151
3152
0.009707641669142893 0.008210880544398681 0.012
0.008163135815954063 0.004336864184045765 0.012
0.004289119455601098 0.002792358330857013 0.012
0.0106384277794286 0.007557253696265789 0.012
0.009608757210636042 0.002891242789363843 0.012
0.004942746303734067 0.001861572220571343 0.012
0.0115692138897143 0.006903626848132897 0.012
0.01105437860531802 0.001445621394681922 0.012
0.005596373151867035 0.0009307861102856715 0.012
0.009242248614000043 0.008537693968465127 0.012
0.009978820834571446 0.01035544027219934 0.012
0.007440325118613075 0.005059674881386725 0.012
0.008935388742548478 0.006273872364222223 0.012
0.003962306031534613 0.003257751385999849 0.012
0.00622612763577758 0.003564611257451389 0.012
0.002144559727800549 0.002521179165428507 0.012
0.01017303472428575 0.007884067120332235 0.012
0.0108192138897143 0.01002862684813289 0.012
0.008885946513295053 0.003614053486704804 0.012
0.01012359249503232 0.005224248242814816 0.012
0.004615932879667582 0.002326965275714177 0.012
0.007275751757185055 0.002376407504967593 0.012
0.002471373151867034 0.001680786110285671 0.012
0.01110382083457145 0.007230440272199342 0.012
0.01165960694485715 0.009701813424066449 0.012
0.01033156790797703 0.002168432092022883 0.012
0.01131179624751616 0.004174624121407409 0.012
0.005269559727800551 0.001396179165428507 0.012
0.008325375878592528 0.001188203752483796 0.012
0.002798186575933518 0.0008403930551428357 0.012
0.01203460694485715 0.006576813424066451 0.012
0.01177718930265901 0.000722810697340961 0.012
0.00592318657593352 0.0004653930551428362 0.012
2 132 0 23
3153
3154
3155
3156
3157
3158
3159
3160
3161
3162
3163
3164
3165
3166
3167
3168
3169
3170
3171
3172
3173
3174
3175
0.002870125742738175 0.005570903506165351 0.008
0.002870125742738175 0.005570903506165351 0.01
0.005303300858899095 0.007196699141100884 0.008
0.005303300858899095 0.007196699141100884 0.01
0.006929096493834646 0.009629874257261816 0.008
0.006929096493834646 0.009629874257261816 0.01
0.001463177415120969 0.005144110396975774 0.008
0.002870125742738175 0.005570903506165351 0.007
0.001463177415120969 0.005144110396975774 0.01
0.002870125742738175 0.005570903506165351 0.009000000000000001
0.002870125742738175 0.005570903506165351 0.011
0.004166776747647009 0.006263977907730906 0.008
0.005303300858899095 0.007196699141100884 0.007
0.004166776747647009 0.006263977907730906 0.01
0.005303300858899095 0.007196699141100884 0.009000000000000001
0.005303300858899095 0.007196699141100884 0.011
0.006236022092269081 0.008333223252352973 0.008
0.006929096493834646 0.009629874257261816 0.007
0.006236022092269081 0.008333223252352973 0.01
0.006929096493834646 0.009629874257261816 0.009000000000000001
0.006929096493834646 0.009629874257261816 0.011
0.007355889603024226 0.01103682258487903 0.008
0.007355889603024226 0.01103682258487903 0.01
2 133 0 23
3176
3177
3178
3179
3180
3181
3182
3183
3184
3185
3186
3187
3188
3189
3190
3191
3192
3193
3194
3195
3196
3197
3198
0.003380370319224811 0.004339064129483573 0.012
0.00624610990048109 0.006253890099518752 0.012
0.008160935870516344 0.009119629680774987 0.012
0.003125248030981492 0.004954983817824462 0.012
0.005774705379690092 0.006725294620309818 0.012
0.007545016182175493 0.009374751969018401 0.012
0.00350793146334647 0.004031104285313129 0.012
0.001690185159612405 0.00400286539807512 0.012
0.006481812160876588 0.006018187839123218 0.012
0.00481324010985295 0.005296477114501163 0.012
0.008468895714686769 0.00899206853665328 0.012
0.007203522885498716 0.007686759890146869 0.012
0.00849713460192484 0.01080981484038749 0.012
0.003252809175103152 0.004647023973654018 0.012
0.001562624015490746 0.004644158575578898 0.012
0.006010407640085591 0.006489592359914285 0.012
0.004449976705335792 0.005840139219067141 0.012
0.00785297602634592 0.009247190824896695 0.012
0.006659860780932792 0.008050023294664109 0.012
0.00785584142442108 0.0109373759845092 0.012
0.002997686886859834 0.005262943661994907 0.012
0.005539003119294594 0.006960996880705351 0.012
0.00723705633800507 0.009502313113140108 0.012
2 134 0 23
3199
3200
3201
3202
3203
3204
3205
3206
3207
3208
3209
3210
3211
3212
3213
3214
3215
3216
3217
3218
3219
3220
3221
0.002296100594190412 0.006956722804932228 0.008
0.002296100594190412 0.006956722804932228 0.01
0.004242640687119221 0.008257359312880651 0.008
0.004242640687119221 0.008257359312880651 0.01
0.005543277195067703 0.01020389940580942 0.008
0.005543277195067703 0.01020389940580942 0.01
0.001170541932096608 0.006615288317580586 0.008
0.002296100594190412 0.006956722804932228 0.007
0.001170541932096608 0.006615288317580586 0.01
0.002296100594190412 0.006956722804932228 0.009000000000000001
0.002296100594190412 0.006956722804932228 0.011
0.003333421398117519 0.007511182326184666 0.008
0.004242640687119221 0.008257359312880651 0.007
0.003333421398117519 0.007511182326184666 0.01
0.004242640687119221 0.008257359312880651 0.009000000000000001
0.004242640687119221 0.008257359312880651 0.011
0.004988817673815233 0.00916657860188233 0.008
0.005543277195067703 0.01020389940580942 0.007
0.004988817673815233 0.00916657860188233 0.01
0.005543277195067703 0.01020389940580942 0.009000000000000001
0.005543277195067703 0.01020389940580942 0.011
0.005884711682419378 0.01132945806790321 0.008
0.005884711682419378 0.01132945806790321 0.01
2 135 0 23
3222
3223
3224
3225
3226
3227
3228
3229
3230
3231
3232
3233
3234
3235
3236
3237
3238
3239
3240
3241
3242
3243
3244
0.002678784026555585 0.006032843272420977 0.012
0.004949747468305803 0.00755025253169414 0.012
0.006467156727578998 0.009821215973444351 0.012
0.002487442310373 0.006494783038676602 0.012
0.004596194077712511 0.007903805922287396 0.012
0.006005216961323351 0.01001255768962688 0.012
0.00277445488464688 0.005801873389293164 0.012
0.001339392013277792 0.005766421636210489 0.012
0.00512652416360245 0.007373475836397513 0.012
0.003814265747430694 0.006791547902057559 0.012
0.006698126610706822 0.009725545115353083 0.012
0.0057084520979424 0.008685734252569246 0.012
0.006733578363789499 0.01116060798672218 0.012
0.002583113168464293 0.006263813155548789 0.012
0.001243721155186501 0.006247391519338301 0.012
0.004772970773009157 0.007727029226990768 0.012
0.003541818194042756 0.007199294480481999 0.012
0.006236186844451174 0.009916886831535618 0.012
0.005300705519517931 0.00895818180595714 0.012
0.006252608480661675 0.01125627884481344 0.012
0.002391771452281706 0.006725752921804416 0.012
0.004419417382415866 0.008080582617584023 0.012
0.005774247078195526 0.01010822854771815 0.012
3 1 0 35
3245
3246
3247
3248
3249
3250
3251
3252
3253
3254
3255
3256
3257
3258
3259
3260
3261
3262
3263
3264
3265
3266
3267
3268
3269
3270
3271
3272
3273
3274
3275
3276
3277
3278
3279
-0.006250000000000006 0.027 0.002
-0.006250000000000006 0.027 0.004
-0.006250000000000005 0.029 0.002
-0.006250000000000005 0.029 0.004
-0.006250000000000006 0.031 0.002
-0.006250000000000006 0.031 0.004
-0.006250000000000006 0.027 0.001
-0.006250000000000006 0.026 0.002
-0.003125000000000003 0.027 0.002
-0.006250000000000006 0.027 0.003
-0.006250000000000006 0.026 0.004
-0.003125000000000003 0.027 0.004
-0.006250000000000006 0.027 0.005
-0.006250000000000005 0.029 0.001
-0.006250000000000006 0.028 0.002
-0.003125000000000002 0.029 0.002
-0.006250000000000005 0.029 0.003
-0.006250000000000006 0.028 0.004
-0.003125000000000002 0.029 0.004
-0.006250000000000005 0.029 0.005
-0.006250000000000006 0.031 0.001
-0.006250000000000006 0.03 0.002
-0.003125000000000003 0.031 0.002
-0.006250000000000006 0.031 0.003
-0.006250000000000006 0.03 0.004
-0.003125000000000003 0.031 0.004
-0.006250000000000006 0.031 0.005
-0.006250000000000006 0.032 0.002
-0.006250000000000006 0.032 0.004
-0.009375000000000003 0.027 0.002
-0.009375000000000003 0.027 0.004
-0.009375000000000003 0.029 0.002
-0.009375000000000003 0.029 0.004
-0.009375000000000003 0.031 0.002
-0.009375000000000003 0.031 0.004
3 2 0 35
3280
3281
3282
3283
3284
3285
3286
3287
3288
3289
3290
3291
3292
3293
3294
3295
3296
3297
3298
3299
3300
3301
3302
3303
3304
3305
3306
3307
3308
3309
3310
3311
3312
3313
3314
0.006249999999999995 0.027 0.002
0.006249999999999995 0.027 0.004
0.006249999999999995 0.029 0.002
0.006249999999999995 0.029 0.004
0.006249999999999995 0.031 0.002
0.006249999999999995 0.031 0.004
0.006249999999999995 0.027 0.001
0.006249999999999995 0.026 0.002
0.009374999999999998 0.027 0.002
0.006249999999999995 0.027 0.003
0.006249999999999995 0.026 0.004
0.009374999999999998 0.027 0.004
0.006249999999999995 0.027 0.005
0.006249999999999995 0.029 0.001
0.006249999999999995 0.028 0.002
0.009374999999999998 0.029 0.002
0.006249999999999995 0.029 0.003
0.006249999999999995 0.028 0.004
0.009374999999999998 0.029 0.004
0.006249999999999995 0.029 0.005
0.006249999999999995 0.031 0.001
0.006249999999999995 0.03 0.002
0.009374999999999998 0.031 0.002
0.006249999999999995 0.031 0.003
0.006249999999999995 0.03 0.004
0.009374999999999998 0.031 0.004
0.006249999999999995 0.031 0.005
0.006249999999999995 0.032 0.002
0.006249999999999995 0.032 0.004
0.003124999999999998 0.027 0.002
0.003124999999999998 0.027 0.004
0.003124999999999998 0.029 0.002
0.003124999999999998 0.029 0.004
0.003124999999999998 0.031 0.002
0.003124999999999998 0.031 0.004
3 3 0 93
3315
3316
3317
3318
3319
3320
3321
3322
3323
3324
3325
3326
3327
3328
3329
3330
3331
3332
3333
3334
3335
3336
3337
3338
3339
3340
3341
3342
3343
3344
3345
3346
3347
3348
3349
3350
3351
3352
3353
3354
3355
3356
3357
3358
3359
3360
3361
3362
3363
3364
3365
3366
3367
3368
3369
3370
3371
3372
3373
3374
3375
3376
3377
3378
3379
3380
3381
3382
3383
3384
3385
3386
3387
3388
3389
3390
3391
3392
3393
3394
3395
3396
3397
3398
3399
3400
3401
3402
3403
3404
3405
3406
3407
-0.009707641669142878 0.008210880544398788 0.002
-0.009707641669142878 0.008210880544398788 0.004
-0.01063842777942858 0.007557253696265857 0.002
-0.01063842777942858 0.007557253696265857 0.004
-0.01156921388971429 0.006903626848132927 0.002
-0.01156921388971429 0.006903626848132927 0.004
-0.008163135815954103 0.004336864184045927 0.002
-0.008163135815954103 0.004336864184045927 0.004
-0.009608757210636068 0.002891242789363952 0.002
-0.009608757210636068 0.002891242789363952 0.004
-0.01105437860531804 0.001445621394681977 0.002
-0.01105437860531804 0.001445621394681977 0.004
-0.004289119455601239 0.00279235833085715 0.002
-0.004289119455601239 0.00279235833085715 0.004
-0.004942746303734159 0.001861572220571433 0.002
-0.004942746303734159 0.001861572220571433 0.004
-0.005596373151867076 0.0009307861102857175 0.002
-0.005596373151867076 0.0009307861102857175 0.004
-0.009707641669142878 0.008210880544398788 0.001
-0.009242248614000066 0.008537693968465255 0.002
-0.009978820834571439 0.0103554402721994 0.002
-0.009707641669142878 0.008210880544398788 0.003
-0.009242248614000066 0.008537693968465255 0.004
-0.009978820834571439 0.0103554402721994 0.004
-0.009707641669142878 0.008210880544398788 0.005
-0.01063842777942858 0.007557253696265857 0.001
-0.01017303472428573 0.007884067120332322 0.002
-0.01081921388971429 0.01002862684813293 0.002
-0.01063842777942858 0.007557253696265857 0.003
-0.01017303472428573 0.007884067120332322 0.004
-0.01081921388971429 0.01002862684813293 0.004
-0.01063842777942858 0.007557253696265857 0.005
-0.01156921388971429 0.006903626848132927 0.001
-0.01110382083457144 0.007230440272199393 0.002
-0.01165960694485715 0.009701813424066464 0.002
-0.01156921388971429 0.006903626848132927 0.003
-0.01110382083457144 0.007230440272199393 0.004
-0.01165960694485715 0.009701813424066464 0.004
-0.01156921388971429 0.006903626848132927 0.005
-0.01203460694485715 0.006576813424066462 0.002
-0.01203460694485715 0.006576813424066462 0.004
-0.008163135815954103 0.004336864184045927 0.001
-0.007440325118613204 0.005059674881386915 0.002
-0.00893538874254849 0.006273872364222358 0.002
-0.008163135815954103 0.004336864184045927 0.003
-0.007440325118613204 0.005059674881386915 0.004
-0.00893538874254849 0.006273872364222358 0.004
-0.008163135815954103 0.004336864184045927 0.005
-0.009608757210636068 0.002891242789363952 0.001
-0.008885946513295086 0.003614053486704939 0.002
-0.01012359249503233 0.005224248242814904 0.002
-0.009608757210636068 0.002891242789363952 0.003
-0.008885946513295086 0.003614053486704939 0.004
-0.01012359249503233 0.005224248242814904 0.004
-0.009608757210636068 0.002891242789363952 0.005
-0.01105437860531804 0.001445621394681977 0.001
-0.01033156790797705 0.002168432092022964 0.002
-0.01131179624751616 0.004174624121407452 0.002
-0.01105437860531804 0.001445621394681977 0.003
-0.01033156790797705 0.002168432092022964 0.004
-0.01131179624751616 0.004174624121407452 0.004
-0.01105437860531804 0.001445621394681977 0.005
-0.01177718930265902 0.0007228106973409883 0.002
-0.01177718930265902 0.0007228106973409883 0.004
-0.004289119455601239 0.00279235833085715 0.001
-0.003962306031534904 0.003257751386000008 0.002
-0.006226127635777672 0.003564611257451538 0.002
-0.004289119455601239 0.00279235833085715 0.003
-0.003962306031534904 0.003257751386000008 0.004
-0.006226127635777672 0.003564611257451538 0.004
-0.004289119455601239 0.00279235833085715 0.005
-0.004942746303734159 0.001861572220571433 0.001
-0.004615932879667699 0.002326965275714292 0.002
-0.007275751757185114 0.002376407504967692 0.002
-0.004942746303734159 0.001861572220571433 0.003
-0.004615932879667699 0.002326965275714292 0.004
-0.007275751757185114 0.002376407504967692 0.004
-0.004942746303734159 0.001861572220571433 0.005
-0.005596373151867076 0.0009307861102857175 0.001
-0.005269559727800618 0.001396179165428575 0.002
-0.008325375878592556 0.001188203752483847 0.002
-0.005596373151867076 0.0009307861102857175 0.003
-0.005269559727800618 0.001396179165428575 0.004
-0.008325375878592556 0.001188203752483847 0.004
-0.005596373151867076 0.0009307861102857175 0.005
-0.005923186575933536 0.0004653930551428587 0.002
-0.005923186575933536 0.0004653930551428587 0.004
-0.00214455972780062 0.002521179165428575 0.002
-0.00214455972780062 0.002521179165428575 0.004
-0.002471373151867079 0.001680786110285717 0.002
-0.002471373151867079 0.001680786110285717 0.004
-0.002798186575933538 0.0008403930551428587 0.002
-0.002798186575933538 0.0008403930551428587 0.004
3 4 0 64
3408
3409
3410
3411
3412
3413
3414
3415
3416
3417
3418
3419
3420
3421
3422
3423
3424
3425
3426
3427
3428
3429
3430
3431
3432
3433
3434
3435
3436
3437
3438
3439
3440
3441
3442
3443
3444
3445
3446
3447
3448
3449
3450
3451
3452
3453
3454
3455
3456
3457
3458
3459
3460
3461
3462
3463
3464
3465
3466
3467
3468
3469
3470
3471
-0.008160935870516334 0.00911962968077509 0.002
-0.008160935870516334 0.00911962968077509 0.004
-0.007545016182175493 0.009374751969018456 0.002
-0.007545016182175493 0.009374751969018456 0.004
-0.006246109900481132 0.006253890099518901 0.002
-0.006246109900481132 0.006253890099518901 0.004
-0.005774705379690125 0.0067252946203099 0.002
-0.005774705379690125 0.0067252946203099 0.004
-0.00338037031922494 0.004339064129483694 0.002
-0.00338037031922494 0.004339064129483694 0.004
-0.00312524803098156 0.004954983817824521 0.002
-0.00312524803098156 0.004954983817824521 0.004
-0.008160935870516334 0.00911962968077509 0.001
-0.008468895714686793 0.008992068536653405 0.002
-0.008497134601924833 0.01080981484038755 0.002
-0.008160935870516334 0.00911962968077509 0.003
-0.008468895714686793 0.008992068536653405 0.004
-0.008497134601924833 0.01080981484038755 0.004
-0.008160935870516334 0.00911962968077509 0.005
-0.007545016182175493 0.009374751969018456 0.001
-0.007852976026345913 0.009247190824896773 0.002
-0.00785584142442108 0.01093737598450923 0.002
-0.007545016182175493 0.009374751969018456 0.003
-0.007852976026345913 0.009247190824896773 0.004
-0.00785584142442108 0.01093737598450923 0.004
-0.007545016182175493 0.009374751969018456 0.005
-0.007237056338005072 0.009502313113140141 0.002
-0.007237056338005072 0.009502313113140141 0.004
-0.006246109900481132 0.006253890099518901 0.001
-0.006481812160876718 0.006018187839123401 0.002
-0.007203522885498733 0.007686759890146996 0.002
-0.006246109900481132 0.006253890099518901 0.003
-0.006481812160876718 0.006018187839123401 0.004
-0.007203522885498733 0.007686759890146996 0.004
-0.006246109900481132 0.006253890099518901 0.005
-0.005774705379690125 0.0067252946203099 0.001
-0.006010407640085628 0.006489592359914401 0.002
-0.006659860780932809 0.008050023294664178 0.002
-0.005774705379690125 0.0067252946203099 0.003
-0.006010407640085628 0.006489592359914401 0.004
-0.006659860780932809 0.008050023294664178 0.004
-0.005774705379690125 0.0067252946203099 0.005
-0.005539003119294618 0.0069609968807054 0.002
-0.005539003119294618 0.0069609968807054 0.004
-0.00338037031922494 0.004339064129483694 0.001
-0.003507931463346755 0.004031104285313281 0.002
-0.004813240109853036 0.005296477114501297 0.002
-0.00338037031922494 0.004339064129483694 0.003
-0.003507931463346755 0.004031104285313281 0.004
-0.004813240109853036 0.005296477114501297 0.004
-0.00338037031922494 0.004339064129483694 0.005
-0.00312524803098156 0.004954983817824521 0.001
-0.00325280917510325 0.004647023973654107 0.002
-0.004449976705335842 0.005840139219067211 0.002
-0.00312524803098156 0.004954983817824521 0.003
-0.00325280917510325 0.004647023973654107 0.004
-0.004449976705335842 0.005840139219067211 0.004
-0.00312524803098156 0.004954983817824521 0.005
-0.002997686886859865 0.005262943661994935 0.002
-0.002997686886859865 0.005262943661994935 0.004
-0.00169018515961247 0.004002865398075181 0.002
-0.00169018515961247 0.004002865398075181 0.004
-0.00156262401549078 0.004644158575578927 0.002
-0.00156262401549078 0.004644158575578927 0.004
3 5 0 64
3472
3473
3474
3475
3476
3477
3478
3479
3480
3481
3482
3483
3484
3485
3486
3487
3488
3489
3490
3491
3492
3493
3494
3495
3496
3497
3498
3499
3500
3501
3502
3503
3504
3505
3506
3507
3508
3509
3510
3511
3512
3513
3514
3515
3516
3517
3518
3519
3520
3521
3522
3523
3524
3525
3526
3527
3528
3529
3530
3531
3532
3533
3534
3535
-0.006467156727579 0.009821215973444385 0.002
-0.006467156727579 0.009821215973444385 0.004
-0.006005216961323345 0.01001255768962694 0.002
-0.006005216961323345 0.01001255768962694 0.004
-0.004949747468305828 0.00755025253169419 0.002
-0.004949747468305828 0.00755025253169419 0.004
-0.004596194077712537 0.007903805922287481 0.002
-0.004596194077712537 0.007903805922287481 0.004
-0.002678784026555626 0.00603284327242101 0.002
-0.002678784026555626 0.00603284327242101 0.004
-0.002487442310373075 0.00649478303867667 0.002
-0.002487442310373075 0.00649478303867667 0.004
-0.006467156727579 0.009821215973444385 0.001
-0.006698126610706826 0.009725545115353108 0.002
-0.006733578363789499 0.01116060798672219 0.002
-0.006467156727579 0.009821215973444385 0.003
-0.006698126610706826 0.009725545115353108 0.004
-0.006733578363789499 0.01116060798672219 0.004
-0.006467156727579 0.009821215973444385 0.005
-0.006005216961323345 0.01001255768962694 0.001
-0.006236186844451172 0.009916886831535665 0.002
-0.006252608480661672 0.01125627884481347 0.002
-0.006005216961323345 0.01001255768962694 0.003
-0.006236186844451172 0.009916886831535665 0.004
-0.006252608480661672 0.01125627884481347 0.004
-0.006005216961323345 0.01001255768962694 0.005
-0.005774247078195541 0.01010822854771822 0.002
-0.005774247078195541 0.01010822854771822 0.004
-0.004949747468305828 0.00755025253169419 0.001
-0.00512652416360247 0.007373475836397545 0.002
-0.005708452097942414 0.008685734252569287 0.002
-0.004949747468305828 0.00755025253169419 0.003
-0.00512652416360247 0.007373475836397545 0.004
-0.005708452097942414 0.008685734252569287 0.004
-0.004949747468305828 0.00755025253169419 0.005
-0.004596194077712537 0.007903805922287481 0.001
-0.004772970773009182 0.007727029226990836 0.002
-0.005300705519517941 0.008958181805957213 0.002
-0.004596194077712537 0.007903805922287481 0.003
-0.004772970773009182 0.007727029226990836 0.004
-0.005300705519517941 0.008958181805957213 0.004
-0.004596194077712537 0.007903805922287481 0.005
-0.004419417382415939 0.008080582617584126 0.002
-0.004419417382415939 0.008080582617584126 0.004
-0.002678784026555626 0.00603284327242101 0.001
-0.002774454884646898 0.00580187338929318 0.002
-0.003814265747430727 0.0067915479020576 0.002
-0.002678784026555626 0.00603284327242101 0.003
-0.002774454884646898 0.00580187338929318 0.004
-0.003814265747430727 0.0067915479020576 0.004
-0.002678784026555626 0.00603284327242101 0.005
-0.002487442310373075 0.00649478303867667 0.001
-0.00258311316846435 0.006263813155548839 0.002
-0.003541818194042806 0.007199294480482075 0.002
-0.002487442310373075 0.00649478303867667 0.003
-0.00258311316846435 0.006263813155548839 0.004
-0.003541818194042806 0.007199294480482075 0.004
-0.002487442310373075 0.00649478303867667 0.005
-0.002391771452281867 0.006725752921804501 0.002
-0.002391771452281867 0.006725752921804501 0.004
-0.001339392013277813 0.005766421636210505 0.002
-0.001339392013277813 0.005766421636210505 0.004
-0.001243721155186537 0.006247391519338335 0.002
-0.001243721155186537 0.006247391519338335 0.004
3 6 0 64
3536
3537
3538
3539
3540
3541
3542
3543
3544
3545
3546
3547
3548
3549
3550
3551
3552
3553
3554
3555
3556
3557
3558
3559
3560
3561
3562
3563
3564
3565
3566
3567
3568
3569
3570
3571
3572
3573
3574
3575
3576
3577
3578
3579
3580
3581
3582
3583
3584
3585
3586
3587
3588
3589
3590
3591
3592
3593
3594
3595
3596
3597
3598
3599
-0.006005216961323377 0.01498744231037305 0.002
-0.006005216961323377 0.01498744231037305 0.004
-0.004596194077712606 0.01709619407771251 0.002
-0.004596194077712606 0.01709619407771251 0.004
-0.002487442310373172 0.01850521696132333 0.002
-0.002487442310373172 0.01850521696132333 0.004
-0.006467156727579014 0.01517878402655562 0.002
-0.006467156727579014 0.01517878402655562 0.004
-0.004949747468305858 0.01744974746830581 0.002
-0.004949747468305858 0.01744974746830581 0.004
-0.002678784026555673 0.01896715672757899 0.002
-0.002678784026555673 0.01896715672757899 0.004
-0.006005216961323377 0.01498744231037305 0.001
-0.006252608480661688 0.01374372115518653 0.002
-0.005774247078195558 0.01489177145228177 0.002
-0.006005216961323377 0.01498744231037305 0.003
-0.006252608480661688 0.01374372115518653 0.004
-0.005774247078195558 0.01489177145228177 0.004
-0.006005216961323377 0.01498744231037305 0.005
-0.004596194077712606 0.01709619407771251 0.001
-0.005300705519517991 0.01604181819404278 0.002
-0.004419417382415981 0.01691941738241586 0.002
-0.004596194077712606 0.01709619407771251 0.003
-0.005300705519517991 0.01604181819404278 0.004
-0.004419417382415981 0.01691941738241586 0.004
-0.004596194077712606 0.01709619407771251 0.005
-0.002487442310373172 0.01850521696132333 0.001
-0.003541818194042889 0.01780070551951792 0.002
-0.00239177145228192 0.0182742470781955 0.002
-0.002487442310373172 0.01850521696132333 0.003
-0.003541818194042889 0.01780070551951792 0.004
-0.00239177145228192 0.0182742470781955 0.004
-0.002487442310373172 0.01850521696132333 0.005
-0.001243721155186586 0.01875260848066167 0.002
-0.001243721155186586 0.01875260848066167 0.004
-0.006467156727579014 0.01517878402655562 0.001
-0.006733578363789507 0.01383939201327781 0.002
-0.006236186844451196 0.01508311316846433 0.002
-0.006467156727579014 0.01517878402655562 0.003
-0.006733578363789507 0.01383939201327781 0.004
-0.006236186844451196 0.01508311316846433 0.004
-0.006467156727579014 0.01517878402655562 0.005
-0.004949747468305858 0.01744974746830581 0.001
-0.005708452097942436 0.01631426574743072 0.002
-0.004772970773009232 0.01727297077300916 0.002
-0.004949747468305858 0.01744974746830581 0.003
-0.005708452097942436 0.01631426574743072 0.004
-0.004772970773009232 0.01727297077300916 0.004
-0.004949747468305858 0.01744974746830581 0.005
-0.002678784026555673 0.01896715672757899 0.001
-0.003814265747430765 0.0182084520979424 0.002
-0.002583113168464422 0.01873618684445116 0.002
-0.002678784026555673 0.01896715672757899 0.003
-0.003814265747430765 0.0182084520979424 0.004
-0.002583113168464422 0.01873618684445116 0.004
-0.002678784026555673 0.01896715672757899 0.005
-0.001339392013277836 0.0192335783637895 0.002
-0.001339392013277836 0.0192335783637895 0.004
-0.006698126610706833 0.0152744548846469 0.002
-0.006698126610706833 0.0152744548846469 0.004
-0.005126524163602482 0.01762652416360246 0.002
-0.005126524163602482 0.01762652416360246 0.004
-0.002774454884646923 0.01919812661070682 0.002
-0.002774454884646923 0.01919812661070682 0.004
3 7 0 64
3600
3601
3602
3603
3604
3605
3606
3607
3608
3609
3610
3611
3612
3613
3614
3615
3616
3617
3618
3619
3620
3621
3622
3623
3624
3625
3626
3627
3628
3629
3630
3631
3632
3633
3634
3635
3636
3637
3638
3639
3640
3641
3642
3643
3644
3645
3646
3647
3648
3649
3650
3651
3652
3653
3654
3655
3656
3657
3658
3659
3660
3661
3662
3663
-0.007545016182175492 0.01562524803098154 0.002
-0.007545016182175492 0.01562524803098154 0.004
-0.005774705379690125 0.0182747053796901 0.002
-0.005774705379690125 0.0182747053796901 0.004
-0.003125248030981562 0.02004501618217548 0.002
-0.003125248030981562 0.02004501618217548 0.004
-0.008160935870516334 0.01588037031922491 0.002
-0.008160935870516334 0.01588037031922491 0.004
-0.006246109900481143 0.01874610990048109 0.002
-0.006246109900481143 0.01874610990048109 0.004
-0.003380370319224948 0.0206609358705163 0.002
-0.003380370319224948 0.0206609358705163 0.004
-0.007545016182175492 0.01562524803098154 0.001
-0.007855841424421079 0.01406262401549077 0.002
-0.007237056338005071 0.01549768688685986 0.002
-0.007545016182175492 0.01562524803098154 0.003
-0.007855841424421079 0.01406262401549077 0.004
-0.007237056338005071 0.01549768688685986 0.004
-0.007545016182175492 0.01562524803098154 0.005
-0.005774705379690125 0.0182747053796901 0.001
-0.006659860780932808 0.01694997670533582 0.002
-0.005539003119294615 0.0180390031192946 0.002
-0.005774705379690125 0.0182747053796901 0.003
-0.006659860780932808 0.01694997670533582 0.004
-0.005539003119294615 0.0180390031192946 0.004
-0.005774705379690125 0.0182747053796901 0.005
-0.003125248030981562 0.02004501618217548 0.001
-0.004449976705335843 0.01915986078093279 0.002
-0.002997686886859867 0.01973705633800506 0.002
-0.003125248030981562 0.02004501618217548 0.003
-0.004449976705335843 0.01915986078093279 0.004
-0.002997686886859867 0.01973705633800506 0.004
-0.003125248030981562 0.02004501618217548 0.005
-0.001562624015490781 0.02035584142442107 0.002
-0.001562624015490781 0.02035584142442107 0.004
-0.008160935870516334 0.01588037031922491 0.001
-0.008497134601924833 0.01419018515961245 0.002
-0.007852976026345913 0.01575280917510322 0.002
-0.008160935870516334 0.01588037031922491 0.003
-0.008497134601924833 0.01419018515961245 0.004
-0.007852976026345913 0.01575280917510322 0.004
-0.008160935870516334 0.01588037031922491 0.005
-0.006246109900481143 0.01874610990048109 0.001
-0.007203522885498739 0.017313240109853 0.002
-0.006010407640085634 0.0185104076400856 0.002
-0.006246109900481143 0.01874610990048109 0.003
-0.007203522885498739 0.017313240109853 0.004
-0.006010407640085634 0.0185104076400856 0.004
-0.006246109900481143 0.01874610990048109 0.005
-0.003380370319224948 0.0206609358705163 0.001
-0.004813240109853046 0.0197035228854987 0.002
-0.003252809175103255 0.02035297602634589 0.002
-0.003380370319224948 0.0206609358705163 0.003
-0.004813240109853046 0.0197035228854987 0.004
-0.003252809175103255 0.02035297602634589 0.004
-0.003380370319224948 0.0206609358705163 0.005
-0.001690185159612474 0.02099713460192482 0.002
-0.001690185159612474 0.02099713460192482 0.004
-0.008468895714686795 0.01600793146334659 0.002
-0.008468895714686795 0.01600793146334659 0.004
-0.006481812160876734 0.01898181216087658 0.002
-0.006481812160876734 0.01898181216087658 0.004
-0.003507931463346763 0.02096889571468672 0.002
-0.003507931463346763 0.02096889571468672 0.004
3 8 0 93
3664
3665
3666
3667
3668
3669
3670
3671
3672
3673
3674
3675
3676
3677
3678
3679
3680
3681
3682
3683
3684
3685
3686
3687
3688
3689
3690
3691
3692
3693
3694
3695
3696
3697
3698
3699
3700
3701
3702
3703
3704
3705
3706
3707
3708
3709
3710
3711
3712
3713
3714
3715
3716
3717
3718
3719
3720
3721
3722
3723
3724
3725
3726
3727
3728
3729
3730
3731
3732
3733
3734
3735
3736
3737
3738
3739
3740
3741
3742
3743
3744
3745
3746
3747
3748
3749
3750
3751
3752
3753
3754
3755
3756
-0.009707641669142879 0.01678911945560121 0.002
-0.009707641669142879 0.01678911945560121 0.004
-0.01063842777942859 0.01744274630373414 0.002
-0.01063842777942859 0.01744274630373414 0.004
-0.01156921388971429 0.01809637315186707 0.002
-0.01156921388971429 0.01809637315186707 0.004
-0.008163135815954119 0.02066313581595406 0.002
-0.008163135815954119 0.02066313581595406 0.004
-0.009608757210636081 0.02210875721063604 0.002
-0.009608757210636081 0.02210875721063604 0.004
-0.01105437860531804 0.02355437860531802 0.002
-0.01105437860531804 0.02355437860531802 0.004
-0.004289119455601252 0.02220764166914285 0.002
-0.004289119455601252 0.02220764166914285 0.004
-0.004942746303734169 0.02313842777942857 0.002
-0.004942746303734169 0.02313842777942857 0.004
-0.005596373151867087 0.02406921388971428 0.002
-0.005596373151867087 0.02406921388971428 0.004
-0.009707641669142879 0.01678911945560121 0.001
-0.009242248614000068 0.01646230603153474 0.002
-0.009978820834571439 0.0146445597278006 0.002
-0.009707641669142879 0.01678911945560121 0.003
-0.009242248614000068 0.01646230603153474 0.004
-0.009978820834571439 0.0146445597278006 0.004
-0.009707641669142879 0.01678911945560121 0.005
-0.01063842777942859 0.01744274630373414 0.001
-0.01017303472428573 0.01711593287966767 0.002
-0.01081921388971429 0.01497137315186707 0.002
-0.01063842777942859 0.01744274630373414 0.003
-0.01017303472428573 0.01711593287966767 0.004
-0.01081921388971429 0.01497137315186707 0.004
-0.01063842777942859 0.01744274630373414 0.005
-0.01156921388971429 0.01809637315186707 0.001
-0.01110382083457144 0.0177695597278006 0.002
-0.01165960694485715 0.01529818657593353 0.002
-0.01156921388971429 0.01809637315186707 0.003
-0.01110382083457144 0.0177695597278006 0.004
-0.01165960694485715 0.01529818657593353 0.004
-0.01156921388971429 0.01809637315186707 0.005
-0.01203460694485715 0.01842318657593353 0.002
-0.01203460694485715 0.01842318657593353 0.004
-0.008163135815954119 0.02066313581595406 0.001
-0.007440325118613221 0.01994032511861307 0.002
-0.008935388742548499 0.01872612763577763 0.002
-0.008163135815954119 0.02066313581595406 0.003
-0.007440325118613221 0.01994032511861307 0.004
-0.008935388742548499 0.01872612763577763 0.004
-0.008163135815954119 0.02066313581595406 0.005
-0.009608757210636081 0.02210875721063604 0.001
-0.0088859465132951 0.02138594651329505 0.002
-0.01012359249503233 0.01977575175718509 0.002
-0.009608757210636081 0.02210875721063604 0.003
-0.0088859465132951 0.02138594651329505 0.004
-0.01012359249503233 0.01977575175718509 0.004
-0.009608757210636081 0.02210875721063604 0.005
-0.01105437860531804 0.02355437860531802 0.001
-0.01033156790797706 0.02283156790797703 0.002
-0.01131179624751617 0.02082537587859255 0.002
-0.01105437860531804 0.02355437860531802 0.003
-0.01033156790797706 0.02283156790797703 0.004
-0.01131179624751617 0.02082537587859255 0.004
-0.01105437860531804 0.02355437860531802 0.005
-0.01177718930265902 0.02427718930265901 0.002
-0.01177718930265902 0.02427718930265901 0.004
-0.004289119455601252 0.02220764166914285 0.001
-0.003962306031534915 0.02174224861399999 0.002
-0.006226127635777685 0.02143538874254845 0.002
-0.004289119455601252 0.02220764166914285 0.003
-0.003962306031534915 0.02174224861399999 0.004
-0.006226127635777685 0.02143538874254845 0.004
-0.004289119455601252 0.02220764166914285 0.005
-0.004942746303734169 0.02313842777942857 0.001
-0.004615932879667711 0.02267303472428571 0.002
-0.007275751757185125 0.0226235924950323 0.002
-0.004942746303734169 0.02313842777942857 0.003
-0.004615932879667711 0.02267303472428571 0.004
-0.007275751757185125 0.0226235924950323 0.004
-0.004942746303734169 0.02313842777942857 0.005
-0.005596373151867087 0.02406921388971428 0.001
-0.005269559727800629 0.02360382083457142 0.002
-0.008325375878592564 0.02381179624751615 0.002
-0.005596373151867087 0.02406921388971428 0.003
-0.005269559727800629 0.02360382083457142 0.004
-0.008325375878592564 0.02381179624751615 0.004
-0.005596373151867087 0.02406921388971428 0.005
-0.005923186575933546 0.02453460694485714 0.002
-0.005923186575933546 0.02453460694485714 0.004
-0.002144559727800626 0.02247882083457142 0.002
-0.002144559727800626 0.02247882083457142 0.004
-0.002471373151867085 0.02331921388971428 0.002
-0.002471373151867085 0.02331921388971428 0.004
-0.002798186575933544 0.02415960694485714 0.002
-0.002798186575933544 0.02415960694485714 0.004
3 9 0 64
3757
3758
3759
3760
3761
3762
3763
3764
3765
3766
3767
3768
3769
3770
3771
3772
3773
3774
3775
3776
3777
3778
3779
3780
3781
3782
3783
3784
3785
3786
3787
3788
3789
3790
3791
3792
3793
3794
3795
3796
3797
3798
3799
3800
3801
3802
3803
3804
3805
3806
3807
3808
3809
3810
3811
3812
3813
3814
3815
3816
3817
3818
3819
3820
0.006005216961323352 0.01498744231037312 0.002
0.006005216961323352 0.01498744231037312 0.004
0.006467156727579 0.01517878402655565 0.002
0.006467156727579 0.01517878402655565 0.004
0.00459619407771251 0.01709619407771261 0.002
0.00459619407771251 0.01709619407771261 0.004
0.004949747468305806 0.01744974746830586 0.002
0.004949747468305806 0.01744974746830586 0.004
0.002487442310372993 0.0185052169613234 0.002
0.002487442310372993 0.0185052169613234 0.004
0.002678784026555588 0.01896715672757903 0.002
0.002678784026555588 0.01896715672757903 0.004
0.006005216961323352 0.01498744231037312 0.001
0.005774247078195526 0.01489177145228185 0.002
0.006252608480661675 0.01374372115518656 0.002
0.006005216961323352 0.01498744231037312 0.003
0.005774247078195526 0.01489177145228185 0.004
0.006252608480661675 0.01374372115518656 0.004
0.006005216961323352 0.01498744231037312 0.005
0.006467156727579 0.01517878402655565 0.001
0.006236186844451176 0.01508311316846438 0.002
0.0067335783637895 0.01383939201327782 0.002
0.006467156727579 0.01517878402655565 0.003
0.006236186844451176 0.01508311316846438 0.004
0.0067335783637895 0.01383939201327782 0.004
0.006467156727579 0.01517878402655565 0.005
0.006698126610706826 0.01527445488464691 0.002
0.006698126610706826 0.01527445488464691 0.004
0.00459619407771251 0.01709619407771261 0.001
0.004419417382415861 0.01691941738241598 0.002
0.005300705519517931 0.01604181819404286 0.002
0.00459619407771251 0.01709619407771261 0.003
0.004419417382415861 0.01691941738241598 0.004
0.005300705519517931 0.01604181819404286 0.004
0.00459619407771251 0.01709619407771261 0.005
0.004949747468305806 0.01744974746830586 0.001
0.004772970773009158 0.01727297077300924 0.002
0.005708452097942403 0.01631426574743075 0.002
0.004949747468305806 0.01744974746830586 0.003
0.004772970773009158 0.01727297077300924 0.004
0.005708452097942403 0.01631426574743075 0.004
0.004949747468305806 0.01744974746830586 0.005
0.005126524163602456 0.01762652416360248 0.002
0.005126524163602456 0.01762652416360248 0.004
0.002487442310372993 0.0185052169613234 0.001
0.002391771452281698 0.01827424707819559 0.002
0.003541818194042751 0.01780070551951801 0.002
0.002487442310372993 0.0185052169613234 0.003
0.002391771452281698 0.01827424707819559 0.004
0.003541818194042751 0.01780070551951801 0.004
0.002487442310372993 0.0185052169613234 0.005
0.002678784026555588 0.01896715672757903 0.001
0.00258311316846429 0.01873618684445121 0.002
0.003814265747430697 0.01820845209794245 0.002
0.002678784026555588 0.01896715672757903 0.003
0.00258311316846429 0.01873618684445121 0.004
0.003814265747430697 0.01820845209794245 0.004
0.002678784026555588 0.01896715672757903 0.005
0.002774454884646883 0.01919812661070684 0.002
0.002774454884646883 0.01919812661070684 0.004
0.001243721155186497 0.0187526084806617 0.002
0.001243721155186497 0.0187526084806617 0.004
0.001339392013277794 0.01923357836378951 0.002
0.001339392013277794 0.01923357836378951 0.004
3 10 0 64
3821
3822
3823
3824
3825
3826
3827
3828
3829
3830
3831
3832
3833
3834
3835
3836
3837
3838
3839
3840
3841
3842
3843
3844
3845
3846
3847
3848
3849
3850
3851
3852
3853
3854
3855
3856
3857
3858
3859
3860
3861
3862
3863
3864
3865
3866
3867
3868
3869
3870
3871
3872
3873
3874
3875
3876
3877
3878
3879
3880
3881
3882
3883
3884
0.007545016182175497 0.01562524803098159 0.002
0.007545016182175497 0.01562524803098159 0.004
0.008160935870516344 0.01588037031922501 0.002
0.008160935870516344 0.01588037031922501 0.004
0.005774705379690095 0.01827470537969018 0.002
0.005774705379690095 0.01827470537969018 0.004
0.006246109900481085 0.01874610990048126 0.002
0.006246109900481085 0.01874610990048126 0.004
0.003125248030981491 0.02004501618217554 0.002
0.003125248030981491 0.02004501618217554 0.004
0.003380370319224804 0.02066093587051643 0.002
0.003380370319224804 0.02066093587051643 0.004
0.007545016182175497 0.01562524803098159 0.001
0.007237056338005074 0.01549768688685988 0.002
0.00785584142442108 0.0140626240154908 0.002
0.007545016182175497 0.01562524803098159 0.003
0.007237056338005074 0.01549768688685988 0.004
0.00785584142442108 0.0140626240154908 0.004
0.007545016182175497 0.01562524803098159 0.005
0.008160935870516344 0.01588037031922501 0.001
0.00785297602634592 0.0157528091751033 0.002
0.00849713460192484 0.01419018515961251 0.002
0.008160935870516344 0.01588037031922501 0.003
0.00785297602634592 0.0157528091751033 0.004
0.00849713460192484 0.01419018515961251 0.004
0.008160935870516344 0.01588037031922501 0.005
0.008468895714686769 0.01600793146334672 0.002
0.008468895714686769 0.01600793146334672 0.004
0.005774705379690095 0.01827470537969018 0.001
0.0055390031192946 0.01803900311929464 0.002
0.006659860780932796 0.01694997670533589 0.002
0.005774705379690095 0.01827470537969018 0.003
0.0055390031192946 0.01803900311929464 0.004
0.006659860780932796 0.01694997670533589 0.004
0.005774705379690095 0.01827470537969018 0.005
0.006246109900481085 0.01874610990048126 0.001
0.00601040764008559 0.01851040764008572 0.002
0.007203522885498715 0.01731324010985313 0.002
0.006246109900481085 0.01874610990048126 0.003
0.00601040764008559 0.01851040764008572 0.004
0.007203522885498715 0.01731324010985313 0.004
0.006246109900481085 0.01874610990048126 0.005
0.00648181216087658 0.01898181216087679 0.002
0.00648181216087658 0.01898181216087679 0.004
0.003125248030981491 0.02004501618217554 0.001
0.002997686886859834 0.0197370563380051 0.002
0.004449976705335793 0.01915986078093286 0.002
0.003125248030981491 0.02004501618217554 0.003
0.002997686886859834 0.0197370563380051 0.004
0.004449976705335793 0.01915986078093286 0.004
0.003125248030981491 0.02004501618217554 0.005
0.003380370319224804 0.02066093587051643 0.001
0.003252809175103147 0.02035297602634599 0.002
0.004813240109852944 0.01970352288549884 0.002
0.003380370319224804 0.02066093587051643 0.003
0.003252809175103147 0.02035297602634599 0.004
0.004813240109852944 0.01970352288549884 0.004
0.003380370319224804 0.02066093587051643 0.005
0.00350793146334646 0.02096889571468688 0.002
0.00350793146334646 0.02096889571468688 0.004
0.001562624015490745 0.0203558414244211 0.002
0.001562624015490745 0.0203558414244211 0.004
0.001690185159612402 0.02099713460192488 0.002
0.001690185159612402 0.02099713460192488 0.004
3 11 0 93
3885
3886
3887
3888
3889
3890
3891
3892
3893
3894
3895
3896
3897
3898
3899
3900
3901
3902
3903
3904
3905
3906
3907
3908
3909
3910
3911
3912
3913
3914
3915
3916
3917
3918
3919
3920
3921
3922
3923
3924
3925
3926
3927
3928
3929
3930
3931
3932
3933
3934
3935
3936
3937
3938
3939
3940
3941
3942
3943
3944
3945
3946
3947
3948
3949
3950
3951
3952
3953
3954
3955
3956
3957
3958
3959
3960
3961
3962
3963
3964
3965
3966
3967
3968
3969
3970
3971
3972
3973
3974
3975
3976
3977
0.004289119455601085 0.02220764166914299 0.002
0.004289119455601085 0.02220764166914299 0.004
0.008163135815954056 0.02066313581595424 0.002
0.008163135815954056 0.02066313581595424 0.004
0.009707641669142893 0.01678911945560133 0.002
0.009707641669142893 0.01678911945560133 0.004
0.004942746303734055 0.02313842777942866 0.002
0.004942746303734055 0.02313842777942866 0.004
0.009608757210636037 0.02210875721063616 0.002
0.009608757210636037 0.02210875721063616 0.004
0.0106384277794286 0.01744274630373422 0.002
0.0106384277794286 0.01744274630373422 0.004
0.005596373151867026 0.02406921388971433 0.002
0.005596373151867026 0.02406921388971433 0.004
0.01105437860531802 0.02355437860531808 0.002
0.01105437860531802 0.02355437860531808 0.004
0.0115692138897143 0.01809637315186711 0.002
0.0115692138897143 0.01809637315186711 0.004
0.004289119455601085 0.02220764166914299 0.001
0.002144559727800542 0.0224788208345715 0.002
0.0039623060315346 0.02174224861400016 0.002
0.004289119455601085 0.02220764166914299 0.003
0.002144559727800542 0.0224788208345715 0.004
0.0039623060315346 0.02174224861400016 0.004
0.004289119455601085 0.02220764166914299 0.005
0.008163135815954056 0.02066313581595424 0.001
0.006226127635777571 0.02143538874254862 0.002
0.007440325118613066 0.01994032511861329 0.002
0.008163135815954056 0.02066313581595424 0.003
0.006226127635777571 0.02143538874254862 0.004
0.007440325118613066 0.01994032511861329 0.004
0.008163135815954056 0.02066313581595424 0.005
0.009707641669142893 0.01678911945560133 0.001
0.008935388742548475 0.01872612763577779 0.002
0.009242248614000043 0.01646230603153488 0.002
0.009707641669142893 0.01678911945560133 0.003
0.008935388742548475 0.01872612763577779 0.004
0.009242248614000043 0.01646230603153488 0.004
0.009707641669142893 0.01678911945560133 0.005
0.009978820834571446 0.01464455972780066 0.002
0.009978820834571446 0.01464455972780066 0.004
0.004942746303734055 0.02313842777942866 0.001
0.002471373151867027 0.02331921388971433 0.002
0.004615932879667569 0.02267303472428583 0.002
0.004942746303734055 0.02313842777942866 0.003
0.002471373151867027 0.02331921388971433 0.004
0.004615932879667569 0.02267303472428583 0.004
0.004942746303734055 0.02313842777942866 0.005
0.009608757210636037 0.02210875721063616 0.001
0.007275751757185046 0.02262359249503242 0.002
0.008885946513295048 0.0213859465132952 0.002
0.009608757210636037 0.02210875721063616 0.003
0.007275751757185046 0.02262359249503242 0.004
0.008885946513295048 0.0213859465132952 0.004
0.009608757210636037 0.02210875721063616 0.005
0.0106384277794286 0.01744274630373422 0.001
0.01012359249503232 0.01977575175718519 0.002
0.01017303472428574 0.01711593287966777 0.002
0.0106384277794286 0.01744274630373422 0.003
0.01012359249503232 0.01977575175718519 0.004
0.01017303472428574 0.01711593287966777 0.004
0.0106384277794286 0.01744274630373422 0.005
0.0108192138897143 0.01497137315186711 0.002
0.0108192138897143 0.01497137315186711 0.004
0.005596373151867026 0.02406921388971433 0.001
0.002798186575933513 0.02415960694485716 0.002
0.00526955972780054 0.0236038208345715 0.002
0.005596373151867026 0.02406921388971433 0.003
0.002798186575933513 0.02415960694485716 0.004
0.00526955972780054 0.0236038208345715 0.004
0.005596373151867026 0.02406921388971433 0.005
0.01105437860531802 0.02355437860531808 0.001
0.008325375878592525 0.02381179624751621 0.002
0.01033156790797703 0.02283156790797712 0.002
0.01105437860531802 0.02355437860531808 0.003
0.008325375878592525 0.02381179624751621 0.004
0.01033156790797703 0.02283156790797712 0.004
0.01105437860531802 0.02355437860531808 0.005
0.0115692138897143 0.01809637315186711 0.001
0.01131179624751616 0.0208253758785926 0.002
0.01110382083457145 0.01776955972780066 0.002
0.0115692138897143 0.01809637315186711 0.003
0.01131179624751616 0.0208253758785926 0.004
0.01110382083457145 0.01776955972780066 0.004
0.0115692138897143 0.01809637315186711 0.005
0.01165960694485715 0.01529818657593356 0.002
0.01165960694485715 0.01529818657593356 0.004
0.005923186575933511 0.02453460694485717 0.002
0.005923186575933511 0.02453460694485717 0.004
0.01177718930265901 0.02427718930265904 0.002
0.01177718930265901 0.02427718930265904 0.004
0.01203460694485715 0.01842318657593356 0.002
0.01203460694485715 0.01842318657593356 0.004
3 12 0 93
3978
3979
3980
3981
3982
3983
3984
3985
3986
3987
3988
3989
3990
3991
3992
3993
3994
3995
3996
3997
3998
3999
4000
4001
4002
4003
4004
4005
4006
4007
4008
4009
4010
4011
4012
4013
4014
4015
4016
4017
4018
4019
4020
4021
4022
4023
4024
4025
4026
4027
4028
4029
4030
4031
4032
4033
4034
4035
4036
4037
4038
4039
4040
4041
4042
4043
4044
4045
4046
4047
4048
4049
4050
4051
4052
4053
4054
4055
4056
4057
4058
4059
4060
4061
4062
4063
4064
4065
4066
4067
4068
4069
4070
0.009707641669142893 0.008210880544398681 0.002
0.009707641669142893 0.008210880544398681 0.004
0.008163135815954063 0.004336864184045765 0.002
0.008163135815954063 0.004336864184045765 0.004
0.004289119455601098 0.002792358330857013 0.002
0.004289119455601098 0.002792358330857013 0.004
0.0106384277794286 0.007557253696265789 0.002
0.0106384277794286 0.007557253696265789 0.004
0.009608757210636042 0.002891242789363843 0.002
0.009608757210636042 0.002891242789363843 0.004
0.004942746303734067 0.001861572220571343 0.002
0.004942746303734067 0.001861572220571343 0.004
0.0115692138897143 0.006903626848132897 0.002
0.0115692138897143 0.006903626848132897 0.004
0.01105437860531802 0.001445621394681922 0.002
0.01105437860531802 0.001445621394681922 0.004
0.005596373151867035 0.0009307861102856715 0.002
0.005596373151867035 0.0009307861102856715 0.004
0.009707641669142893 0.008210880544398681 0.001
0.009978820834571446 0.01035544027219934 0.002
0.009242248614000043 0.008537693968465127 0.002
0.009707641669142893 0.008210880544398681 0.003
0.009978820834571446 0.01035544027219934 0.004
0.009242248614000043 0.008537693968465127 0.004
0.009707641669142893 0.008210880544398681 0.005
0.008163135815954063 0.004336864184045765 0.001
0.008935388742548478 0.006273872364222223 0.002
0.007440325118613075 0.005059674881386725 0.002
0.008163135815954063 0.004336864184045765 0.003
0.008935388742548478 0.006273872364222223 0.004
0.007440325118613075 0.005059674881386725 0.004
0.008163135815954063 0.004336864184045765 0.005
0.004289119455601098 0.002792358330857013 0.001
0.00622612763577758 0.003564611257451389 0.002
0.003962306031534613 0.003257751385999849 0.002
0.004289119455601098 0.002792358330857013 0.003
0.00622612763577758 0.003564611257451389 0.004
0.003962306031534613 0.003257751385999849 0.004
0.004289119455601098 0.002792358330857013 0.005
0.002144559727800549 0.002521179165428507 0.002
0.002144559727800549 0.002521179165428507 0.004
0.0106384277794286 0.007557253696265789 0.001
0.0108192138897143 0.01002862684813289 0.002
0.01017303472428575 0.007884067120332235 0.002
0.0106384277794286 0.007557253696265789 0.003
0.0108192138897143 0.01002862684813289 0.004
0.01017303472428575 0.007884067120332235 0.004
0.0106384277794286 0.007557253696265789 0.005
0.009608757210636042 0.002891242789363843 0.001
0.01012359249503232 0.005224248242814816 0.002
0.008885946513295053 0.003614053486704804 0.002
0.009608757210636042 0.002891242789363843 0.003
0.01012359249503232 0.005224248242814816 0.004
0.008885946513295053 0.003614053486704804 0.004
0.009608757210636042 0.002891242789363843 0.005
0.004942746303734067 0.001861572220571343 0.001
0.007275751757185055 0.002376407504967593 0.002
0.004615932879667582 0.002326965275714178 0.002
0.004942746303734067 0.001861572220571343 0.003
0.007275751757185055 0.002376407504967593 0.004
0.004615932879667582 0.002326965275714178 0.004
0.004942746303734067 0.001861572220571343 0.005
0.002471373151867034 0.001680786110285672 0.002
0.002471373151867034 0.001680786110285672 0.004
0.0115692138897143 0.006903626848132897 0.001
0.01165960694485715 0.009701813424066449 0.002
0.01110382083457145 0.007230440272199342 0.002
0.0115692138897143 0.006903626848132897 0.003
0.01165960694485715 0.009701813424066449 0.004
0.01110382083457145 0.007230440272199342 0.004
0.0115692138897143 0.006903626848132897 0.005
0.01105437860531802 0.001445621394681922 0.001
0.01131179624751616 0.004174624121407409 0.002
0.01033156790797703 0.002168432092022883 0.002
0.01105437860531802 0.001445621394681922 0.003
0.01131179624751616 0.004174624121407409 0.004
0.01033156790797703 0.002168432092022883 0.004
0.01105437860531802 0.001445621394681922 0.005
0.005596373151867035 0.0009307861102856715 0.001
0.008325375878592528 0.001188203752483797 0.002
0.005269559727800551 0.001396179165428507 0.002
0.005596373151867035 0.0009307861102856715 0.003
0.008325375878592528 0.001188203752483797 0.004
0.005269559727800551 0.001396179165428507 0.004
0.005596373151867035 0.0009307861102856715 0.005
0.002798186575933518 0.0008403930551428358 0.002
0.002798186575933518 0.0008403930551428358 0.004
0.01203460694485715 0.006576813424066451 0.002
0.01203460694485715 0.006576813424066451 0.004
0.01177718930265901 0.000722810697340961 0.002
0.01177718930265901 0.000722810697340961 0.004
0.00592318657593352 0.0004653930551428358 0.002
0.00592318657593352 0.0004653930551428358 0.004
3 13 0 64
4071
4072
4073
4074
4075
4076
4077
4078
4079
4080
4081
4082
4083
4084
4085
4086
4087
4088
4089
4090
4091
4092
4093
4094
4095
4096
4097
4098
4099
4100
4101
4102
4103
4104
4105
4106
4107
4108
4109
4110
4111
4112
4113
4114
4115
4116
4117
4118
4119
4120
4121
4122
4123
4124
4125
4126
4127
4128
4129
4130
4131
4132
4133
4134
0.003380370319224811 0.004339064129483573 0.002
0.003380370319224811 0.004339064129483573 0.004
0.00624610990048109 0.006253890099518752 0.002
0.00624610990048109 0.006253890099518752 0.004
0.008160935870516344 0.009119629680774987 0.002
0.008160935870516344 0.009119629680774987 0.004
0.003125248030981492 0.004954983817824462 0.002
0.003125248030981492 0.004954983817824462 0.004
0.005774705379690092 0.006725294620309818 0.002
0.005774705379690092 0.006725294620309818 0.004
0.007545016182175493 0.009374751969018401 0.002
0.007545016182175493 0.009374751969018401 0.004
0.003380370319224811 0.004339064129483573 0.001
0.001690185159612406 0.00400286539807512 0.002
0.00350793146334647 0.004031104285313129 0.002
0.003380370319224811 0.004339064129483573 0.003
0.001690185159612406 0.00400286539807512 0.004
0.00350793146334647 0.004031104285313129 0.004
0.003380370319224811 0.004339064129483573 0.005
0.00624610990048109 0.006253890099518752 0.001
0.00481324010985295 0.005296477114501163 0.002
0.006481812160876588 0.006018187839123218 0.002
0.00624610990048109 0.006253890099518752 0.003
0.00481324010985295 0.005296477114501163 0.004
0.006481812160876588 0.006018187839123218 0.004
0.00624610990048109 0.006253890099518752 0.005
0.008160935870516344 0.009119629680774987 0.001
0.007203522885498716 0.007686759890146869 0.002
0.008468895714686769 0.00899206853665328 0.002
0.008160935870516344 0.009119629680774987 0.003
0.007203522885498716 0.007686759890146869 0.004
0.008468895714686769 0.00899206853665328 0.004
0.008160935870516344 0.009119629680774987 0.005
0.00849713460192484 0.01080981484038749 0.002
0.00849713460192484 0.01080981484038749 0.004
0.003125248030981492 0.004954983817824462 0.001
0.001562624015490746 0.004644158575578898 0.002
0.003252809175103152 0.004647023973654018 0.002
0.003125248030981492 0.004954983817824462 0.003
0.001562624015490746 0.004644158575578898 0.004
0.003252809175103152 0.004647023973654018 0.004
0.003125248030981492 0.004954983817824462 0.005
0.005774705379690092 0.006725294620309818 0.001
0.004449976705335792 0.005840139219067141 0.002
0.006010407640085591 0.006489592359914285 0.002
0.005774705379690092 0.006725294620309818 0.003
0.004449976705335792 0.005840139219067141 0.004
0.006010407640085591 0.006489592359914285 0.004
0.005774705379690092 0.006725294620309818 0.005
0.007545016182175493 0.009374751969018401 0.001
0.006659860780932792 0.008050023294664109 0.002
0.00785297602634592 0.009247190824896695 0.002
0.007545016182175493 0.009374751969018401 0.003
0.006659860780932792 0.008050023294664109 0.004
0.00785297602634592 0.009247190824896695 0.004
0.007545016182175493 0.009374751969018401 0.005
0.00785584142442108 0.0109373759845092 0.002
0.00785584142442108 0.0109373759845092 0.004
0.002997686886859834 0.005262943661994907 0.002
0.002997686886859834 0.005262943661994907 0.004
0.005539003119294594 0.006960996880705351 0.002
0.005539003119294594 0.006960996880705351 0.004
0.00723705633800507 0.009502313113140108 0.002
0.00723705633800507 0.009502313113140108 0.004
3 14 0 64
4135
4136
4137
4138
4139
4140
4141
4142
4143
4144
4145
4146
4147
4148
4149
4150
4151
4152
4153
4154
4155
4156
4157
4158
4159
4160
4161
4162
4163
4164
4165
4166
4167
4168
4169
4170
4171
4172
4173
4174
4175
4176
4177
4178
4179
4180
4181
4182
4183
4184
4185
4186
4187
4188
4189
4190
4191
4192
4193
4194
4195
4196
4197
4198
0.002678784026555585 0.006032843272420977 0.002
0.002678784026555585 0.006032843272420977 0.004
0.004949747468305803 0.00755025253169414 0.002
0.004949747468305803 0.00755025253169414 0.004
0.006467156727578998 0.009821215973444351 0.002
0.006467156727578998 0.009821215973444351 0.004
0.002487442310373 0.006494783038676602 0.002
0.002487442310373 0.006494783038676602 0.004
0.004596194077712511 0.007903805922287396 0.002
0.004596194077712511 0.007903805922287396 0.004
0.006005216961323351 0.01001255768962688 0.002
0.006005216961323351 0.01001255768962688 0.004
0.002678784026555585 0.006032843272420977 0.001
0.001339392013277793 0.005766421636210489 0.002
0.00277445488464688 0.005801873389293164 0.002
0.002678784026555585 0.006032843272420977 0.003
0.001339392013277793 0.005766421636210489 0.004
0.00277445488464688 0.005801873389293164 0.004
0.002678784026555585 0.006032843272420977 0.005
0.004949747468305803 0.00755025253169414 0.001
0.003814265747430694 0.006791547902057559 0.002
0.00512652416360245 0.007373475836397513 0.002
0.004949747468305803 0.00755025253169414 0.003
0.003814265747430694 0.006791547902057559 0.004
0.00512652416360245 0.007373475836397513 0.004
0.004949747468305803 0.00755025253169414 0.005
0.006467156727578998 0.009821215973444351 0.001
0.0057084520979424 0.008685734252569246 0.002
0.006698126610706822 0.009725545115353083 0.002
0.006467156727578998 0.009821215973444351 0.003
0.0057084520979424 0.008685734252569246 0.004
0.006698126610706822 0.009725545115353083 0.004
0.006467156727578998 0.009821215973444351 0.005
0.006733578363789499 0.01116060798672218 0.002
0.006733578363789499 0.01116060798672218 0.004
0.002487442310373 0.006494783038676602 0.001
0.0012437211551865 0.006247391519338301 0.002
0.002583113168464293 0.006263813155548789 0.002
0.002487442310373 0.006494783038676602 0.003
0.0012437211551865 0.006247391519338301 0.004
0.002583113168464293 0.006263813155548789 0.004
0.002487442310373 0.006494783038676602 0.005
0.004596194077712511 0.007903805922287396 0.001
0.003541818194042756 0.007199294480481999 0.002
0.004772970773009157 0.007727029226990768 0.002
0.004596194077712511 0.007903805922287396 0.003
0.003541818194042756 0.007199294480481999 0.004
0.004772970773009157 0.007727029226990768 0.004
0.004596194077712511 0.007903805922287396 0.005
0.006005216961323351 0.01001255768962688 0.001
0.005300705519517931 0.00895818180595714 0.002
0.006236186844451174 0.009916886831535618 0.002
0.006005216961323351 0.01001255768962688 0.003
0.005300705519517931 0.00895818180595714 0.004
0.006236186844451174 0.009916886831535618 0.004
0.006005216961323351 0.01001255768962688 0.005
0.006252608480661675 0.01125627884481344 0.002
0.006252608480661675 0.01125627884481344 0.004
0.002391771452281706 0.006725752921804416 0.002
0.002391771452281706 0.006725752921804416 0.004
0.004419417382415866 0.008080582617584023 0.002
0.004419417382415866 0.008080582617584023 0.004
0.005774247078195526 0.01010822854771815 0.002
0.005774247078195526 0.01010822854771815 0.004
3 15 0 35
4199
4200
4201
4202
4203
4204
4205
4206
4207
4208
4209
4210
4211
4212
4213
4214
4215
4216
4217
4218
4219
4220
4221
4222
4223
4224
4225
4226
4227
4228
4229
4230
4231
4232
4233
-0.006250000000000006 0.027 0.008
-0.006250000000000006 0.027 0.01
-0.006250000000000005 0.029 0.008
-0.006250000000000005 0.029 0.01
-0.006250000000000006 0.031 0.008
-0.006250000000000006 0.031 0.01
-0.006250000000000006 0.027 0.007
-0.006250000000000006 0.026 0.008
-0.003125000000000003 0.027 0.008
-0.006250000000000006 0.027 0.009000000000000001
-0.006250000000000006 0.026 0.01
-0.003125000000000003 0.027 0.01
-0.006250000000000006 0.027 0.011
-0.006250000000000005 0.029 0.007
-0.006250000000000006 0.028 0.008
-0.003125000000000002 0.029 0.008
-0.006250000000000005 0.029 0.009000000000000001
-0.006250000000000006 0.028 0.01
-0.003125000000000002 0.029 0.01
-0.006250000000000005 0.029 0.011
-0.006250000000000006 0.031 0.007
-0.006250000000000006 0.03 0.008
-0.003125000000000003 0.031 0.008
-0.006250000000000006 0.031 0.009000000000000001
-0.006250000000000006 0.03 0.01
-0.003125000000000003 0.031 0.01
-0.006250000000000006 0.031 0.011
-0.006250000000000006 0.032 0.008
-0.006250000000000006 0.032 0.01
-0.009375000000000003 0.027 0.008
-0.009375000000000003 0.027 0.01
-0.009375000000000003 0.029 0.008
-0.009375000000000003 0.029 0.01
-0.009375000000000003 0.031 0.008
-0.009375000000000003 0.031 0.01
3 16 0 35
4234
4235
4236
4237
4238
4239
4240
4241
4242
4243
4244
4245
4246
4247
4248
4249
4250
4251
4252
4253
4254
4255
4256
4257
4258
4259
4260
4261
4262
4263
4264
4265
4266
4267
4268
0.006249999999999995 0.027 0.008
0.006249999999999995 0.027 0.01
0.006249999999999995 0.029 0.008
0.006249999999999995 0.029 0.01
0.006249999999999995 0.031 0.008
0.006249999999999995 0.031 0.01
0.006249999999999995 0.027 0.007
0.006249999999999995 0.026 0.008
0.009374999999999998 0.027 0.008
0.006249999999999995 0.027 0.009000000000000001
0.006249999999999995 0.026 0.01
0.009374999999999998 0.027 0.01
0.006249999999999995 0.027 0.011
0.006249999999999995 0.029 0.007
0.006249999999999995 0.028 0.008
0.009374999999999998 0.029 0.008
0.006249999999999995 0.029 0.009000000000000001
0.006249999999999995 0.028 0.01
0.009374999999999998 0.029 0.01
0.006249999999999995 0.029 0.011
0.006249999999999995 0.031 0.007
0.006249999999999995 0.03 0.008
0.009374999999999998 0.031 0.008
0.006249999999999995 0.031 0.009000000000000001
0.006249999999999995 0.03 0.01
0.009374999999999998 0.031 0.01
0.006249999999999995 0.031 0.011
0.006249999999999995 0.032 0.008
0.006249999999999995 0.032 0.01
0.003124999999999998 0.027 0.008
0.003124999999999998 0.027 0.01
0.003124999999999998 0.029 0.008
0.003124999999999998 0.029 0.01
0.003124999999999998 0.031 0.008
0.003124999999999998 0.031 0.01
3 17 0 93
4269
4270
4271
4272
4273
4274
4275
4276
4277
4278
4279
4280
4281
4282
4283
4284
4285
4286
4287
4288
4289
4290
4291
4292
4293
4294
4295
4296
4297
4298
4299
4300
4301
4302
4303
4304
4305
4306
4307
4308
4309
4310
4311
4312
4313
4314
4315
4316
4317
4318
4319
4320
4321
4322
4323
4324
4325
4326
4327
4328
4329
4330
4331
4332
4333
4334
4335
4336
4337
4338
4339
4340
4341
4342
4343
4344
4345
4346
4347
4348
4349
4350
4351
4352
4353
4354
4355
4356
4357
4358
4359
4360
4361
-0.009707641669142878 0.008210880544398788 0.008
-0.009707641669142878 0.008210880544398788 0.01
-0.01063842777942858 0.007557253696265857 0.008
-0.01063842777942858 0.007557253696265857 0.01
-0.01156921388971429 0.006903626848132927 0.008
-0.01156921388971429 0.006903626848132927 0.01
-0.008163135815954103 0.004336864184045927 0.008
-0.008163135815954103 0.004336864184045927 0.01
-0.009608757210636068 0.002891242789363952 0.008
-0.009608757210636068 0.002891242789363952 0.01
-0.01105437860531804 0.001445621394681977 0.008
-0.01105437860531804 0.001445621394681977 0.01
-0.004289119455601239 0.00279235833085715 0.008
-0.004289119455601239 0.00279235833085715 0.01
-0.004942746303734159 0.001861572220571433 0.008
-0.004942746303734159 0.001861572220571433 0.01
-0.005596373151867076 0.0009307861102857175 0.008
-0.005596373151867076 0.0009307861102857175 0.01
-0.009707641669142878 0.008210880544398788 0.007
-0.009242248614000066 0.008537693968465255 0.008
-0.009978820834571439 0.0103554402721994 0.008
-0.009707641669142878 0.008210880544398788 0.009000000000000001
-0.009242248614000066 0.008537693968465255 0.01
-0.009978820834571439 0.0103554402721994 0.01
-0.009707641669142878 0.008210880544398788 0.011
-0.01063842777942858 0.007557253696265857 0.007
-0.01017303472428573 0.007884067120332322 0.008
-0.01081921388971429 0.01002862684813293 0.008
-0.01063842777942858 0.007557253696265857 0.009000000000000001
-0.01017303472428573 0.007884067120332322 0.01
-0.01081921388971429 0.01002862684813293 0.01
-0.01063842777942858 0.007557253696265857 0.011
-0.01156921388971429 0.006903626848132927 0.007
-0.01110382083457144 0.007230440272199393 0.008
-0.01165960694485715 0.009701813424066464 0.008
-0.01156921388971429 0.006903626848132927 0.009000000000000001
-0.01110382083457144 0.007230440272199393 0.01
-0.01165960694485715 0.009701813424066464 0.01
-0.01156921388971429 0.006903626848132927 0.011
-0.01203460694485715 0.006576813424066462 0.008
-0.01203460694485715 0.006576813424066462 0.01
-0.008163135815954103 0.004336864184045927 0.007
-0.007440325118613204 0.005059674881386915 0.008
-0.00893538874254849 0.006273872364222358 0.008
-0.008163135815954103 0.004336864184045927 0.009000000000000001
-0.007440325118613204 0.005059674881386915 0.01
-0.00893538874254849 0.006273872364222358 0.01
-0.008163135815954103 0.004336864184045927 0.011
-0.009608757210636068 0.002891242789363952 0.007
-0.008885946513295086 0.003614053486704939 0.008
-0.01012359249503233 0.005224248242814904 0.008
-0.009608757210636068 0.002891242789363952 0.009000000000000001
-0.008885946513295086 0.003614053486704939 0.01
-0.01012359249503233 0.005224248242814904 0.01
-0.009608757210636068 0.002891242789363952 0.011
-0.01105437860531804 0.001445621394681977 0.007
-0.01033156790797705 0.002168432092022964 0.008
-0.01131179624751616 0.004174624121407452 0.008
-0.01105437860531804 0.001445621394681977 0.009000000000000001
-0.01033156790797705 0.002168432092022964 0.01
-0.01131179624751616 0.004174624121407452 0.01
-0.01105437860531804 0.001445621394681977 0.011
-0.01177718930265902 0.0007228106973409883 0.008
-0.01177718930265902 0.0007228106973409883 0.01
-0.004289119455601239 0.00279235833085715 0.007
-0.003962306031534904 0.003257751386000008 0.008
-0.006226127635777672 0.003564611257451538 0.008
-0.004289119455601239 0.00279235833085715 0.009000000000000001
-0.003962306031534904 0.003257751386000008 0.01
-0.006226127635777672 0.003564611257451538 0.01
-0.004289119455601239 0.00279235833085715 0.011
-0.004942746303734159 0.001861572220571433 0.007
-0.004615932879667699 0.002326965275714292 0.008
-0.007275751757185114 0.002376407504967692 0.008
-0.004942746303734159 0.001861572220571433 0.009000000000000001
-0.004615932879667699 0.002326965275714292 0.01
-0.007275751757185114 0.002376407504967692 0.01
-0.004942746303734159 0.001861572220571433 0.011
-0.005596373151867076 0.0009307861102857175 0.007
-0.005269559727800618 0.001396179165428575 0.008
-0.008325375878592556 0.001188203752483847 0.008
-0.005596373151867076 0.0009307861102857175 0.009000000000000001
-0.005269559727800618 0.001396179165428575 0.01
-0.008325375878592556 0.001188203752483847 0.01
-0.005596373151867076 0.0009307861102857175 0.011
-0.005923186575933536 0.0004653930551428587 0.008
-0.005923186575933536 0.0004653930551428587 0.01
-0.00214455972780062 0.002521179165428575 0.008
-0.00214455972780062 0.002521179165428575 0.01
-0.002471373151867079 0.001680786110285717 0.008
-0.002471373151867079 0.001680786110285717 0.01
-0.002798186575933538 0.0008403930551428587 0.008
-0.002798186575933538 0.0008403930551428587 0.01
3 18 0 64
4362
4363
4364
4365
4366
4367
4368
4369
4370
4371
4372
4373
4374
4375
4376
4377
4378
4379
4380
4381
4382
4383
4384
4385
4386
4387
4388
4389
4390
4391
4392
4393
4394
4395
4396
4397
4398
4399
4400
4401
4402
4403
4404
4405
4406
4407
4408
4409
4410
4411
4412
4413
4414
4415
4416
4417
4418
4419
4420
4421
4422
4423
4424
4425
-0.008160935870516334 0.00911962968077509 0.008
-0.008160935870516334 0.00911962968077509 0.01
-0.007545016182175493 0.009374751969018456 0.008
-0.007545016182175493 0.009374751969018456 0.01
-0.006246109900481132 0.006253890099518901 0.008
-0.006246109900481132 0.006253890099518901 0.01
-0.005774705379690125 0.0067252946203099 0.008
-0.005774705379690125 0.0067252946203099 0.01
-0.00338037031922494 0.004339064129483694 0.008
-0.00338037031922494 0.004339064129483694 0.01
-0.00312524803098156 0.004954983817824521 0.008
-0.00312524803098156 0.004954983817824521 0.01
-0.008160935870516334 0.00911962968077509 0.007
-0.008468895714686793 0.008992068536653405 0.008
-0.008497134601924833 0.01080981484038755 0.008
-0.008160935870516334 0.00911962968077509 0.009000000000000001
-0.008468895714686793 0.008992068536653405 0.01
-0.008497134601924833 0.01080981484038755 0.01
-0.008160935870516334 0.00911962968077509 0.011
-0.007545016182175493 0.009374751969018456 0.007
-0.007852976026345913 0.009247190824896773 0.008
-0.00785584142442108 0.01093737598450923 0.008
-0.007545016182175493 0.009374751969018456 0.009000000000000001
-0.007852976026345913 0.009247190824896773 0.01
-0.00785584142442108 0.01093737598450923 0.01
-0.007545016182175493 0.009374751969018456 0.011
-0.007237056338005072 0.009502313113140141 0.008
-0.007237056338005072 0.009502313113140141 0.01
-0.006246109900481132 0.006253890099518901 0.007
-0.006481812160876718 0.006018187839123401 0.008
-0.007203522885498733 0.007686759890146996 0.008
-0.006246109900481132 0.006253890099518901 0.009000000000000001
-0.006481812160876718 0.006018187839123401 0.01
-0.007203522885498733 0.007686759890146996 0.01
-0.006246109900481132 0.006253890099518901 0.011
-0.005774705379690125 0.0067252946203099 0.007
-0.006010407640085628 0.006489592359914401 0.008
-0.006659860780932809 0.008050023294664178 0.008
-0.005774705379690125 0.0067252946203099 0.009000000000000001
-0.006010407640085628 0.006489592359914401 0.01
-0.006659860780932809 0.008050023294664178 0.01
-0.005774705379690125 0.0067252946203099 0.011
-0.005539003119294618 0.0069609968807054 0.008
-0.005539003119294618 0.0069609968807054 0.01
-0.00338037031922494 0.004339064129483694 0.007
-0.003507931463346755 0.004031104285313281 0.008
-0.004813240109853036 0.005296477114501297 0.008
-0.00338037031922494 0.004339064129483694 0.009000000000000001
-0.003507931463346755 0.004031104285313281 0.01
-0.004813240109853036 0.005296477114501297 0.01
-0.00338037031922494 0.004339064129483694 0.011
-0.00312524803098156 0.004954983817824521 0.007
-0.00325280917510325 0.004647023973654107 0.008
-0.004449976705335842 0.005840139219067211 0.008
-0.00312524803098156 0.004954983817824521 0.009000000000000001
-0.00325280917510325 0.004647023973654107 0.01
-0.004449976705335842 0.005840139219067211 0.01
-0.00312524803098156 0.004954983817824521 0.011
-0.002997686886859865 0.005262943661994935 0.008
-0.002997686886859865 0.005262943661994935 0.01
-0.00169018515961247 0.004002865398075181 0.008
-0.00169018515961247 0.004002865398075181 0.01
-0.00156262401549078 0.004644158575578927 0.008
-0.00156262401549078 0.004644158575578927 0.01
3 19 0 64
4426
4427
4428
4429
4430
4431
4432
4433
4434
4435
4436
4437
4438
4439
4440
4441
4442
4443
4444
4445
4446
4447
4448
4449
4450
4451
4452
4453
4454
4455
4456
4457
4458
4459
4460
4461
4462
4463
4464
4465
4466
4467
4468
4469
4470
4471
4472
4473
4474
4475
4476
4477
4478
4479
4480
4481
4482
4483
4484
4485
4486
4487
4488
4489
-0.006467156727579 0.009821215973444385 0.008
-0.006467156727579 0.009821215973444385 0.01
-0.006005216961323345 0.01001255768962694 0.008
-0.006005216961323345 0.01001255768962694 0.01
-0.004949747468305828 0.00755025253169419 0.008
-0.004949747468305828 0.00755025253169419 0.01
-0.004596194077712537 0.007903805922287481 0.008
-0.004596194077712537 0.007903805922287481 0.01
-0.002678784026555626 0.00603284327242101 0.008
-0.002678784026555626 0.00603284327242101 0.01
-0.002487442310373075 0.00649478303867667 0.008
-0.002487442310373075 0.00649478303867667 0.01
-0.006467156727579 0.009821215973444385 0.007
-0.006698126610706826 0.009725545115353108 0.008
-0.006733578363789499 0.01116060798672219 0.008
-0.006467156727579 0.009821215973444385 0.009000000000000001
-0.006698126610706826 0.009725545115353108 0.01
-0.006733578363789499 0.01116060798672219 0.01
-0.006467156727579 0.009821215973444385 0.011
-0.006005216961323345 0.01001255768962694 0.007
-0.006236186844451172 0.009916886831535665 0.008
-0.006252608480661672 0.01125627884481347 0.008
-0.006005216961323345 0.01001255768962694 0.009000000000000001
-0.006236186844451172 0.009916886831535665 0.01
-0.006252608480661672 0.01125627884481347 0.01
-0.006005216961323345 0.01001255768962694 0.011
-0.005774247078195541 0.01010822854771822 0.008
-0.005774247078195541 0.01010822854771822 0.01
-0.004949747468305828 0.00755025253169419 0.007
-0.00512652416360247 0.007373475836397545 0.008
-0.005708452097942414 0.008685734252569287 0.008
-0.004949747468305828 0.00755025253169419 0.009000000000000001
-0.00512652416360247 0.007373475836397545 0.01
-0.005708452097942414 0.008685734252569287 0.01
-0.004949747468305828 0.00755025253169419 0.011
-0.004596194077712537 0.007903805922287481 0.007
-0.004772970773009182 0.007727029226990836 0.008
-0.005300705519517941 0.008958181805957213 0.008
-0.004596194077712537 0.007903805922287481 0.009000000000000001
-0.004772970773009182 0.007727029226990836 0.01
-0.005300705519517941 0.008958181805957213 0.01
-0.004596194077712537 0.007903805922287481 0.011
-0.004419417382415939 0.008080582617584126 0.008
-0.004419417382415939 0.008080582617584126 0.01
-0.002678784026555626 0.00603284327242101 0.007
-0.002774454884646898 0.00580187338929318 0.008
-0.003814265747430727 0.0067915479020576 0.008
-0.002678784026555626 0.00603284327242101 0.009000000000000001
-0.002774454884646898 0.00580187338929318 0.01
-0.003814265747430727 0.0067915479020576 0.01
-0.002678784026555626 0.00603284327242101 0.011
-0.002487442310373075 0.00649478303867667 0.007
-0.00258311316846435 0.006263813155548839 0.008
-0.003541818194042806 0.007199294480482075 0.008
-0.002487442310373075 0.00649478303867667 0.009000000000000001
-0.00258311316846435 0.006263813155548839 0.01
-0.003541818194042806 0.007199294480482075 0.01
-0.002487442310373075 0.00649478303867667 0.011
-0.002391771452281867 0.006725752921804501 0.008
-0.002391771452281867 0.006725752921804501 0.01
-0.001339392013277813 0.005766421636210505 0.008
-0.001339392013277813 0.005766421636210505 0.01
-0.001243721155186537 0.006247391519338335 0.008
-0.001243721155186537 0.006247391519338335 0.01
3 20 0 64
4490
4491
4492
4493
4494
4495
4496
4497
4498
4499
4500
4501
4502
4503
4504
4505
4506
4507
4508
4509
4510
4511
4512
4513
4514
4515
4516
4517
4518
4519
4520
4521
4522
4523
4524
4525
4526
4527
4528
4529
4530
4531
4532
4533
4534
4535
4536
4537
4538
4539
4540
4541
4542
4543
4544
4545
4546
4547
4548
4549
4550
4551
4552
4553
-0.006005216961323377 0.01498744231037305 0.008
-0.006005216961323377 0.01498744231037305 0.01
-0.004596194077712606 0.01709619407771251 0.008
-0.004596194077712606 0.01709619407771251 0.01
-0.002487442310373172 0.01850521696132333 0.008
-0.002487442310373172 0.01850521696132333 0.01
-0.006467156727579014 0.01517878402655562 0.008
-0.006467156727579014 0.01517878402655562 0.01
-0.004949747468305858 0.01744974746830581 0.008
-0.004949747468305858 0.01744974746830581 0.01
-0.002678784026555673 0.01896715672757899 0.008
-0.002678784026555673 0.01896715672757899 0.01
-0.006005216961323377 0.01498744231037305 0.007
-0.006252608480661688 0.01374372115518653 0.008
-0.005774247078195558 0.01489177145228177 0.008
-0.006005216961323377 0.01498744231037305 0.009000000000000001
-0.006252608480661688 0.01374372115518653 0.01
-0.005774247078195558 0.01489177145228177 0.01
-0.006005216961323377 0.01498744231037305 0.011
-0.004596194077712606 0.01709619407771251 0.007
-0.005300705519517991 0.01604181819404278 0.008
-0.004419417382415981 0.01691941738241586 0.008
-0.004596194077712606 0.01709619407771251 0.009000000000000001
-0.005300705519517991 0.01604181819404278 0.01
-0.004419417382415981 0.01691941738241586 0.01
-0.004596194077712606 0.01709619407771251 0.011
-0.002487442310373172 0.01850521696132333 0.007
-0.003541818194042889 0.01780070551951792 0.008
-0.00239177145228192 0.0182742470781955 0.008
-0.002487442310373172 0.01850521696132333 0.009000000000000001
-0.003541818194042889 0.01780070551951792 0.01
-0.00239177145228192 0.0182742470781955 0.01
-0.002487442310373172 0.01850521696132333 0.011
-0.001243721155186586 0.01875260848066167 0.008
-0.001243721155186586 0.01875260848066167 0.01
-0.006467156727579014 0.01517878402655562 0.007
-0.006733578363789507 0.01383939201327781 0.008
-0.006236186844451196 0.01508311316846433 0.008
-0.006467156727579014 0.01517878402655562 0.009000000000000001
-0.006733578363789507 0.01383939201327781 0.01
-0.006236186844451196 0.01508311316846433 0.01
-0.006467156727579014 0.01517878402655562 0.011
-0.004949747468305858 0.01744974746830581 0.007
-0.005708452097942436 0.01631426574743072 0.008
-0.004772970773009232 0.01727297077300916 0.008
-0.004949747468305858 0.01744974746830581 0.009000000000000001
-0.005708452097942436 0.01631426574743072 0.01
-0.004772970773009232 0.01727297077300916 0.01
-0.004949747468305858 0.01744974746830581 0.011
-0.002678784026555673 0.01896715672757899 0.007
-0.003814265747430765 0.0182084520979424 0.008
-0.002583113168464422 0.01873618684445116 0.008
-0.002678784026555673 0.01896715672757899 0.009000000000000001
-0.003814265747430765 0.0182084520979424 0.01
-0.002583113168464422 0.01873618684445116 0.01
-0.002678784026555673 0.01896715672757899 0.011
-0.001339392013277836 0.0192335783637895 0.008
-0.001339392013277836 0.0192335783637895 0.01
-0.006698126610706833 0.0152744548846469 0.008
-0.006698126610706833 0.0152744548846469 0.01
-0.005126524163602482 0.01762652416360246 0.008
-0.005126524163602482 0.01762652416360246 0.01
-0.002774454884646923 0.01919812661070682 0.008
-0.002774454884646923 0.01919812661070682 0.01
3 21 0 64
4554
4555
4556
4557
4558
4559
4560
4561
4562
4563
4564
4565
4566
4567
4568
4569
4570
4571
4572
4573
4574
4575
4576
4577
4578
4579
4580
4581
4582
4583
4584
4585
4586
4587
4588
4589
4590
4591
4592
4593
4594
4595
4596
4597
4598
4599
4600
4601
4602
4603
4604
4605
4606
4607
4608
4609
4610
4611
4612
4613
4614
4615
4616
4617
-0.007545016182175492 0.01562524803098154 0.008
-0.007545016182175492 0.01562524803098154 0.01
-0.005774705379690125 0.0182747053796901 0.008
-0.005774705379690125 0.0182747053796901 0.01
-0.003125248030981562 0.02004501618217548 0.008
-0.003125248030981562 0.02004501618217548 0.01
-0.008160935870516334 0.01588037031922491 0.008
-0.008160935870516334 0.01588037031922491 0.01
-0.006246109900481143 0.01874610990048109 0.008
-0.006246109900481143 0.01874610990048109 0.01
-0.003380370319224948 0.0206609358705163 0.008
-0.003380370319224948 0.0206609358705163 0.01
-0.007545016182175492 0.01562524803098154 0.007
-0.007855841424421079 0.01406262401549077 0.008
-0.007237056338005071 0.01549768688685986 0.008
-0.007545016182175492 0.01562524803098154 0.009000000000000001
-0.007855841424421079 0.01406262401549077 0.01
-0.007237056338005071 0.01549768688685986 0.01
-0.007545016182175492 0.01562524803098154 0.011
-0.005774705379690125 0.0182747053796901 0.007
-0.006659860780932808 0.01694997670533582 0.008
-0.005539003119294615 0.0180390031192946 0.008
-0.005774705379690125 0.0182747053796901 0.009000000000000001
-0.006659860780932808 0.01694997670533582 0.01
-0.005539003119294615 0.0180390031192946 0.01
-0.005774705379690125 0.0182747053796901 0.011
-0.003125248030981562 0.02004501618217548 0.007
-0.004449976705335843 0.01915986078093279 0.008
-0.002997686886859867 0.01973705633800506 0.008
-0.003125248030981562 0.02004501618217548 0.009000000000000001
-0.004449976705335843 0.01915986078093279 0.01
-0.002997686886859867 0.01973705633800506 0.01
-0.003125248030981562 0.02004501618217548 0.011
-0.001562624015490781 0.02035584142442107 0.008
-0.001562624015490781 0.02035584142442107 0.01
-0.008160935870516334 0.01588037031922491 0.007
-0.008497134601924833 0.01419018515961245 0.008
-0.007852976026345913 0.01575280917510322 0.008
-0.008160935870516334 0.01588037031922491 0.009000000000000001
-0.008497134601924833 0.01419018515961245 0.01
-0.007852976026345913 0.01575280917510322 0.01
-0.008160935870516334 0.01588037031922491 0.011
-0.006246109900481143 0.01874610990048109 0.007
-0.007203522885498739 0.017313240109853 0.008
-0.006010407640085634 0.0185104076400856 0.008
-0.006246109900481143 0.01874610990048109 0.009000000000000001
-0.007203522885498739 0.017313240109853 0.01
-0.006010407640085634 0.0185104076400856 0.01
-0.006246109900481143 0.01874610990048109 0.011
-0.003380370319224948 0.0206609358705163 0.007
-0.004813240109853046 0.0197035228854987 0.008
-0.003252809175103255 0.02035297602634589 0.008
-0.003380370319224948 0.0206609358705163 0.009000000000000001
-0.004813240109853046 0.0197035228854987 0.01
-0.003252809175103255 0.02035297602634589 0.01
-0.003380370319224948 0.0206609358705163 0.011
-0.001690185159612474 0.02099713460192482 0.008
-0.001690185159612474 0.02099713460192482 0.01
-0.008468895714686795 0.01600793146334659 0.008
-0.008468895714686795 0.01600793146334659 0.01
-0.006481812160876734 0.01898181216087658 0.008
-0.006481812160876734 0.01898181216087658 0.01
-0.003507931463346763 0.02096889571468672 0.008
-0.003507931463346763 0.02096889571468672 0.01
3 22 0 93
4618
4619
4620
4621
4622
4623
4624
4625
4626
4627
4628
4629
4630
4631
4632
4633
4634
4635
4636
4637
4638
4639
4640
4641
4642
4643
4644
4645
4646
4647
4648
4649
4650
4651
4652
4653
4654
4655
4656
4657
4658
4659
4660
4661
4662
4663
4664
4665
4666
4667
4668
4669
4670
4671
4672
4673
4674
4675
4676
4677
4678
4679
4680
4681
4682
4683
4684
4685
4686
4687
4688
4689
4690
4691
4692
4693
4694
4695
4696
4697
4698
4699
4700
4701
4702
4703
4704
4705
4706
4707
4708
4709
4710
-0.009707641669142879 0.01678911945560121 0.008
-0.009707641669142879 0.01678911945560121 0.01
-0.01063842777942859 0.01744274630373414 0.008
-0.01063842777942859 0.01744274630373414 0.01
-0.01156921388971429 0.01809637315186707 0.008
-0.01156921388971429 0.01809637315186707 0.01
-0.008163135815954119 0.02066313581595406 0.008
-0.008163135815954119 0.02066313581595406 0.01
-0.009608757210636081 0.02210875721063604 0.008
-0.009608757210636081 0.02210875721063604 0.01
-0.01105437860531804 0.02355437860531802 0.008
-0.01105437860531804 0.02355437860531802 0.01
-0.004289119455601252 0.02220764166914285 0.008
-0.004289119455601252 0.02220764166914285 0.01
-0.004942746303734169 0.02313842777942857 0.008
-0.004942746303734169 0.02313842777942857 0.01
-0.005596373151867087 0.02406921388971428 0.008
-0.005596373151867087 0.02406921388971428 0.01
-0.009707641669142879 0.01678911945560121 0.007
-0.009242248614000068 0.01646230603153474 0.008
-0.009978820834571439 0.0146445597278006 0.008
-0.009707641669142879 0.01678911945560121 0.009000000000000001
-0.009242248614000068 0.01646230603153474 0.01
-0.009978820834571439 0.0146445597278006 0.01
-0.009707641669142879 0.01678911945560121 0.011
-0.01063842777942859 0.01744274630373414 0.007
-0.01017303472428573 0.01711593287966767 0.008
-0.01081921388971429 0.01497137315186707 0.008
-0.01063842777942859 0.01744274630373414 0.009000000000000001
-0.01017303472428573 0.01711593287966767 0.01
-0.01081921388971429 0.01497137315186707 0.01
-0.01063842777942859 0.01744274630373414 0.011
-0.01156921388971429 0.01809637315186707 0.007
-0.01110382083457144 0.0177695597278006 0.008
-0.01165960694485715 0.01529818657593353 0.008
-0.01156921388971429 0.01809637315186707 0.009000000000000001
-0.01110382083457144 0.0177695597278006 0.01
-0.01165960694485715 0.01529818657593353 0.01
-0.01156921388971429 0.01809637315186707 0.011
-0.01203460694485715 0.01842318657593353 0.008
-0.01203460694485715 0.01842318657593353 0.01
-0.008163135815954119 0.02066313581595406 0.007
-0.007440325118613221 0.01994032511861307 0.008
-0.008935388742548499 0.01872612763577763 0.008
-0.008163135815954119 0.02066313581595406 0.009000000000000001
-0.007440325118613221 0.01994032511861307 0.01
-0.008935388742548499 0.01872612763577763 0.01
-0.008163135815954119 0.02066313581595406 0.011
-0.009608757210636081 0.02210875721063604 0.007
-0.0088859465132951 0.02138594651329505 0.008
-0.01012359249503233 0.01977575175718509 0.008
-0.009608757210636081 0.02210875721063604 0.009000000000000001
-0.0088859465132951 0.02138594651329505 0.01
-0.01012359249503233 0.01977575175718509 0.01
-0.009608757210636081 0.02210875721063604 0.011
-0.01105437860531804 0.02355437860531802 0.007
-0.01033156790797706 0.02283156790797703 0.008
-0.01131179624751617 0.02082537587859255 0.008
-0.01105437860531804 0.02355437860531802 0.009000000000000001
-0.01033156790797706 0.02283156790797703 0.01
-0.01131179624751617 0.02082537587859255 0.01
-0.01105437860531804 0.02355437860531802 0.011
-0.01177718930265902 0.02427718930265901 0.008
-0.01177718930265902 0.02427718930265901 0.01
-0.004289119455601252 0.02220764166914285 0.007
-0.003962306031534915 0.02174224861399999 0.008
-0.006226127635777685 0.02143538874254845 0.008
-0.004289119455601252 0.02220764166914285 0.009000000000000001
-0.003962306031534915 0.02174224861399999 0.01
-0.006226127635777685 0.02143538874254845 0.01
-0.004289119455601252 0.02220764166914285 0.011
-0.004942746303734169 0.02313842777942857 0.007
-0.004615932879667711 0.02267303472428571 0.008
-0.007275751757185125 0.0226235924950323 0.008
-0.004942746303734169 0.02313842777942857 0.009000000000000001
-0.004615932879667711 0.02267303472428571 0.01
-0.007275751757185125 0.0226235924950323 0.01
-0.004942746303734169 0.02313842777942857 0.011
-0.005596373151867087 0.02406921388971428 0.007
-0.005269559727800629 0.02360382083457142 0.008
-0.008325375878592564 0.02381179624751615 0.008
-0.005596373151867087 0.02406921388971428 0.009000000000000001
-0.005269559727800629 0.02360382083457142 0.01
-0.008325375878592564 0.02381179624751615 0.01
-0.005596373151867087 0.02406921388971428 0.011
-0.005923186575933546 0.02453460694485714 0.008
-0.005923186575933546 0.02453460694485714 0.01
-0.002144559727800626 0.02247882083457142 0.008
-0.002144559727800626 0.02247882083457142 0.01
-0.002471373151867085 0.02331921388971428 0.008
-0.002471373151867085 0.02331921388971428 0.01
-0.002798186575933544 0.02415960694485714 0.008
-0.002798186575933544 0.02415960694485714 0.01
3 23 0 64
4711
4712
4713
4714
4715
4716
4717
4718
4719
4720
4721
4722
4723
4724
4725
4726
4727
4728
4729
4730
4731
4732
4733
4734
4735
4736
4737
4738
4739
4740
4741
4742
4743
4744
4745
4746
4747
4748
4749
4750
4751
4752
4753
4754
4755
4756
4757
4758
4759
4760
4761
4762
4763
4764
4765
4766
4767
4768
4769
4770
4771
4772
4773
4774
0.006005216961323352 0.01498744231037312 0.008
0.006005216961323352 0.01498744231037312 0.01
0.006467156727579 0.01517878402655565 0.008
0.006467156727579 0.01517878402655565 0.01
0.00459619407771251 0.01709619407771261 0.008
0.00459619407771251 0.01709619407771261 0.01
0.004949747468305806 0.01744974746830586 0.008
0.004949747468305806 0.01744974746830586 0.01
0.002487442310372993 0.0185052169613234 0.008
0.002487442310372993 0.0185052169613234 0.01
0.002678784026555588 0.01896715672757903 0.008
0.002678784026555588 0.01896715672757903 0.01
0.006005216961323352 0.01498744231037312 0.007
0.005774247078195526 0.01489177145228185 0.008
0.006252608480661675 0.01374372115518656 0.008
0.006005216961323352 0.01498744231037312 0.009000000000000001
0.005774247078195526 0.01489177145228185 0.01
0.006252608480661675 0.01374372115518656 0.01
0.006005216961323352 0.01498744231037312 0.011
0.006467156727579 0.01517878402655565 0.007
0.006236186844451176 0.01508311316846438 0.008
0.0067335783637895 0.01383939201327782 0.008
0.006467156727579 0.01517878402655565 0.009000000000000001
0.006236186844451176 0.01508311316846438 0.01
0.0067335783637895 0.01383939201327782 0.01
0.006467156727579 0.01517878402655565 0.011
0.006698126610706826 0.01527445488464691 0.008
0.006698126610706826 0.01527445488464691 0.01
0.00459619407771251 0.01709619407771261 0.007
0.004419417382415861 0.01691941738241598 0.008
0.005300705519517931 0.01604181819404286 0.008
0.00459619407771251 0.01709619407771261 0.009000000000000001
0.004419417382415861 0.01691941738241598 0.01
0.005300705519517931 0.01604181819404286 0.01
0.00459619407771251 0.01709619407771261 0.011
0.004949747468305806 0.01744974746830586 0.007
0.004772970773009158 0.01727297077300924 0.008
0.005708452097942403 0.01631426574743075 0.008
0.004949747468305806 0.01744974746830586 0.009000000000000001
0.004772970773009158 0.01727297077300924 0.01
0.005708452097942403 0.01631426574743075 0.01
0.004949747468305806 0.01744974746830586 0.011
0.005126524163602456 0.01762652416360248 0.008
0.005126524163602456 0.01762652416360248 0.01
0.002487442310372993 0.0185052169613234 0.007
0.002391771452281698 0.01827424707819559 0.008
0.003541818194042751 0.01780070551951801 0.008
0.002487442310372993 0.0185052169613234 0.009000000000000001
0.002391771452281698 0.01827424707819559 0.01
0.003541818194042751 0.01780070551951801 0.01
0.002487442310372993 0.0185052169613234 0.011
0.002678784026555588 0.01896715672757903 0.007
0.00258311316846429 0.01873618684445121 0.008
0.003814265747430697 0.01820845209794245 0.008
0.002678784026555588 0.01896715672757903 0.009000000000000001
0.00258311316846429 0.01873618684445121 0.01
0.003814265747430697 0.01820845209794245 0.01
0.002678784026555588 0.01896715672757903 0.011
0.002774454884646883 0.01919812661070684 0.008
0.002774454884646883 0.01919812661070684 0.01
0.001243721155186497 0.0187526084806617 0.008
0.001243721155186497 0.0187526084806617 0.01
0.001339392013277794 0.01923357836378951 0.008
0.001339392013277794 0.01923357836378951 0.01
3 24 0 64
4775
4776
4777
4778
4779
4780
4781
4782
4783
4784
4785
4786
4787
4788
4789
4790
4791
4792
4793
4794
4795
4796
4797
4798
4799
4800
4801
4802
4803
4804
4805
4806
4807
4808
4809
4810
4811
4812
4813
4814
4815
4816
4817
4818
4819
4820
4821
4822
4823
4824
4825
4826
4827
4828
4829
4830
4831
4832
4833
4834
4835
4836
4837
4838
0.007545016182175497 0.01562524803098159 0.008
0.007545016182175497 0.01562524803098159 0.01
0.008160935870516344 0.01588037031922501 0.008
0.008160935870516344 0.01588037031922501 0.01
0.005774705379690095 0.01827470537969018 0.008
0.005774705379690095 0.01827470537969018 0.01
0.006246109900481085 0.01874610990048126 0.008
0.006246109900481085 0.01874610990048126 0.01
0.003125248030981491 0.02004501618217554 0.008
0.003125248030981491 0.02004501618217554 0.01
0.003380370319224804 0.02066093587051643 0.008
0.003380370319224804 0.02066093587051643 0.01
0.007545016182175497 0.01562524803098159 0.007
0.007237056338005074 0.01549768688685988 0.008
0.00785584142442108 0.0140626240154908 0.008
0.007545016182175497 0.01562524803098159 0.009000000000000001
0.007237056338005074 0.01549768688685988 0.01
0.00785584142442108 0.0140626240154908 0.01
0.007545016182175497 0.01562524803098159 0.011
0.008160935870516344 0.01588037031922501 0.007
0.00785297602634592 0.0157528091751033 0.008
0.00849713460192484 0.01419018515961251 0.008
0.008160935870516344 0.01588037031922501 0.009000000000000001
0.00785297602634592 0.0157528091751033 0.01
0.00849713460192484 0.01419018515961251 0.01
0.008160935870516344 0.01588037031922501 0.011
0.008468895714686769 0.01600793146334672 0.008
0.008468895714686769 0.01600793146334672 0.01
0.005774705379690095 0.01827470537969018 0.007
0.0055390031192946 0.01803900311929464 0.008
0.006659860780932796 0.01694997670533589 0.008
0.005774705379690095 0.01827470537969018 0.009000000000000001
0.0055390031192946 0.01803900311929464 0.01
0.006659860780932796 0.01694997670533589 0.01
0.005774705379690095 0.01827470537969018 0.011
0.006246109900481085 0.01874610990048126 0.007
0.00601040764008559 0.01851040764008572 0.008
0.007203522885498715 0.01731324010985313 0.008
0.006246109900481085 0.01874610990048126 0.009000000000000001
0.00601040764008559 0.01851040764008572 0.01
0.007203522885498715 0.01731324010985313 0.01
0.006246109900481085 0.01874610990048126 0.011
0.00648181216087658 0.01898181216087679 0.008
0.00648181216087658 0.01898181216087679 0.01
0.003125248030981491 0.02004501618217554 0.007
0.002997686886859834 0.0197370563380051 0.008
0.004449976705335793 0.01915986078093286 0.008
0.003125248030981491 0.02004501618217554 0.009000000000000001
0.002997686886859834 0.0197370563380051 0.01
0.004449976705335793 0.01915986078093286 0.01
0.003125248030981491 0.02004501618217554 0.011
0.003380370319224804 0.02066093587051643 0.007
0.003252809175103147 0.02035297602634599 0.008
0.004813240109852944 0.01970352288549884 0.008
0.003380370319224804 0.02066093587051643 0.009000000000000001
0.003252809175103147 0.02035297602634599 0.01
0.004813240109852944 0.01970352288549884 0.01
0.003380370319224804 0.02066093587051643 0.011
0.00350793146334646 0.02096889571468688 0.008
0.00350793146334646 0.02096889571468688 0.01
0.001562624015490745 0.0203558414244211 0.008
0.001562624015490745 0.0203558414244211 0.01
0.001690185159612402 0.02099713460192488 0.008
0.001690185159612402 0.02099713460192488 0.01
3 25 0 93
4839
4840
4841
4842
4843
4844
4845
4846
4847
4848
4849
4850
4851
4852
4853
4854
4855
4856
4857
4858
4859
4860
4861
4862
4863
4864
4865
4866
4867
4868
4869
4870
4871
4872
4873
4874
4875
4876
4877
4878
4879
4880
4881
4882
4883
4884
4885
4886
4887
4888
4889
4890
4891
4892
4893
4894
4895
4896
4897
4898
4899
4900
4901
4902
4903
4904
4905
4906
4907
4908
4909
4910
4911
4912
4913
4914
4915
4916
4917
4918
4919
4920
4921
4922
4923
4924
4925
4926
4927
4928
4929
4930
4931
0.004289119455601085 0.02220764166914299 0.008
0.004289119455601085 0.02220764166914299 0.01
0.008163135815954056 0.02066313581595424 0.008
0.008163135815954056 0.02066313581595424 0.01
0.009707641669142893 0.01678911945560133 0.008
0.009707641669142893 0.01678911945560133 0.01
0.004942746303734055 0.02313842777942866 0.008
0.004942746303734055 0.02313842777942866 0.01
0.009608757210636037 0.02210875721063616 0.008
0.009608757210636037 0.02210875721063616 0.01
0.0106384277794286 0.01744274630373422 0.008
0.0106384277794286 0.01744274630373422 0.01
0.005596373151867026 0.02406921388971433 0.008
0.005596373151867026 0.02406921388971433 0.01
0.01105437860531802 0.02355437860531808 0.008
0.01105437860531802 0.02355437860531808 0.01
0.0115692138897143 0.01809637315186711 0.008
0.0115692138897143 0.01809637315186711 0.01
0.004289119455601085 0.02220764166914299 0.007
0.002144559727800542 0.0224788208345715 0.008
0.0039623060315346 0.02174224861400016 0.008
0.004289119455601085 0.02220764166914299 0.009000000000000001
0.002144559727800542 0.0224788208345715 0.01
0.0039623060315346 0.02174224861400016 0.01
0.004289119455601085 0.02220764166914299 0.011
0.008163135815954056 0.02066313581595424 0.007
0.006226127635777571 0.02143538874254862 0.008
0.007440325118613066 0.01994032511861329 0.008
0.008163135815954056 0.02066313581595424 0.009000000000000001
0.006226127635777571 0.02143538874254862 0.01
0.007440325118613066 0.01994032511861329 0.01
0.008163135815954056 0.02066313581595424 0.011
0.009707641669142893 0.01678911945560133 0.007
0.008935388742548475 0.01872612763577779 0.008
0.009242248614000043 0.01646230603153488 0.008
0.009707641669142893 0.01678911945560133 0.009000000000000001
0.008935388742548475 0.01872612763577779 0.01
0.009242248614000043 0.01646230603153488 0.01
0.009707641669142893 0.01678911945560133 0.011
0.009978820834571446 0.01464455972780066 0.008
0.009978820834571446 0.01464455972780066 0.01
0.004942746303734055 0.02313842777942866 0.007
0.002471373151867027 0.02331921388971433 0.008
0.004615932879667569 0.02267303472428583 0.008
0.004942746303734055 0.02313842777942866 0.009000000000000001
0.002471373151867027 0.02331921388971433 0.01
0.004615932879667569 0.02267303472428583 0.01
0.004942746303734055 0.02313842777942866 0.011
0.009608757210636037 0.02210875721063616 0.007
0.007275751757185046 0.02262359249503242 0.008
0.008885946513295048 0.0213859465132952 0.008
0.009608757210636037 0.02210875721063616 0.009000000000000001
0.007275751757185046 0.02262359249503242 0.01
0.008885946513295048 0.0213859465132952 0.01
0.009608757210636037 0.02210875721063616 0.011
0.0106384277794286 0.01744274630373422 0.007
0.01012359249503232 0.01977575175718519 0.008
0.01017303472428574 0.01711593287966777 0.008
0.0106384277794286 0.01744274630373422 0.009000000000000001
0.01012359249503232 0.01977575175718519 0.01
0.01017303472428574 0.01711593287966777 0.01
0.0106384277794286 0.01744274630373422 0.011
0.0108192138897143 0.01497137315186711 0.008
0.0108192138897143 0.01497137315186711 0.01
0.005596373151867026 0.02406921388971433 0.007
0.002798186575933513 0.02415960694485716 0.008
0.00526955972780054 0.0236038208345715 0.008
0.005596373151867026 0.02406921388971433 0.009000000000000001
0.002798186575933513 0.02415960694485716 0.01
0.00526955972780054 0.0236038208345715 0.01
0.005596373151867026 0.02406921388971433 0.011
0.01105437860531802 0.02355437860531808 0.007
0.008325375878592525 0.02381179624751621 0.008
0.01033156790797703 0.02283156790797712 0.008
0.01105437860531802 0.02355437860531808 0.009000000000000001
0.008325375878592525 0.02381179624751621 0.01
0.01033156790797703 0.02283156790797712 0.01
0.01105437860531802 0.02355437860531808 0.011
0.0115692138897143 0.01809637315186711 0.007
0.01131179624751616 0.0208253758785926 0.008
0.01110382083457145 0.01776955972780066 0.008
0.0115692138897143 0.01809637315186711 0.009000000000000001
0.01131179624751616 0.0208253758785926 0.01
0.01110382083457145 0.01776955972780066 0.01
0.0115692138897143 0.01809637315186711 0.011
0.01165960694485715 0.01529818657593356 0.008
0.01165960694485715 0.01529818657593356 0.01
0.005923186575933511 0.02453460694485717 0.008
0.005923186575933511 0.02453460694485717 0.01
0.01177718930265901 0.02427718930265904 0.008
0.01177718930265901 0.02427718930265904 0.01
0.01203460694485715 0.01842318657593356 0.008
0.01203460694485715 0.01842318657593356 0.01
3 26 0 93
4932
4933
4934
4935
4936
4937
4938
4939
4940
4941
4942
4943
4944
4945
4946
4947
4948
4949
4950
4951
4952
4953
4954
4955
4956
4957
4958
4959
4960
4961
4962
4963
4964
4965
4966
4967
4968
4969
4970
4971
4972
4973
4974
4975
4976
4977
4978
4979
4980
4981
4982
4983
4984
4985
4986
4987
4988
4989
4990
4991
4992
4993
4994
4995
4996
4997
4998
4999
5000
5001
5002
5003
5004
5005
5006
5007
5008
5009
5010
5011
5012
5013
5014
5015
5016
5017
5018
5019
5020
5021
5022
5023
5024
0.009707641669142893 0.008210880544398681 0.008
0.009707641669142893 0.008210880544398681 0.01
0.008163135815954063 0.004336864184045765 0.008
0.008163135815954063 0.004336864184045765 0.01
0.004289119455601098 0.002792358330857013 0.008
0.004289119455601098 0.002792358330857013 0.01
0.0106384277794286 0.007557253696265789 0.008
0.0106384277794286 0.007557253696265789 0.01
0.009608757210636042 0.002891242789363843 0.008
0.009608757210636042 0.002891242789363843 0.01
0.004942746303734067 0.001861572220571343 0.008
0.004942746303734067 0.001861572220571343 0.01
0.0115692138897143 0.006903626848132897 0.008
0.0115692138897143 0.006903626848132897 0.01
0.01105437860531802 0.001445621394681922 0.008
0.01105437860531802 0.001445621394681922 0.01
0.005596373151867035 0.0009307861102856715 0.008
0.005596373151867035 0.0009307861102856715 0.01
0.009707641669142893 0.008210880544398681 0.007
0.009978820834571446 0.01035544027219934 0.008
0.009242248614000043 0.008537693968465127 0.008
0.009707641669142893 0.008210880544398681 0.009000000000000001
0.009978820834571446 0.01035544027219934 0.01
0.009242248614000043 0.008537693968465127 0.01
0.009707641669142893 0.008210880544398681 0.011
0.008163135815954063 0.004336864184045765 0.007
0.008935388742548478 0.006273872364222223 0.008
0.007440325118613075 0.005059674881386725 0.008
0.008163135815954063 0.004336864184045765 0.009000000000000001
0.008935388742548478 0.006273872364222223 0.01
0.007440325118613075 0.005059674881386725 0.01
0.008163135815954063 0.004336864184045765 0.011
0.004289119455601098 0.002792358330857013 0.007
0.00622612763577758 0.003564611257451389 0.008
0.003962306031534613 0.003257751385999849 0.008
0.004289119455601098 0.002792358330857013 0.009000000000000001
0.00622612763577758 0.003564611257451389 0.01
0.003962306031534613 0.003257751385999849 0.01
0.004289119455601098 0.002792358330857013 0.011
0.002144559727800549 0.002521179165428507 0.008
0.002144559727800549 0.002521179165428507 0.01
0.0106384277794286 0.007557253696265789 0.007
0.0108192138897143 0.01002862684813289 0.008
0.01017303472428575 0.007884067120332235 0.008
0.0106384277794286 0.007557253696265789 0.009000000000000001
0.0108192138897143 0.01002862684813289 0.01
0.01017303472428575 0.007884067120332235 0.01
0.0106384277794286 0.007557253696265789 0.011
0.009608757210636042 0.002891242789363843 0.007
0.01012359249503232 0.005224248242814816 0.008
0.008885946513295053 0.003614053486704804 0.008
0.009608757210636042 0.002891242789363843 0.009000000000000001
0.01012359249503232 0.005224248242814816 0.01
0.008885946513295053 0.003614053486704804 0.01
0.009608757210636042 0.002891242789363843 0.011
0.004942746303734067 0.001861572220571343 0.007
0.007275751757185055 0.002376407504967593 0.008
0.004615932879667582 0.002326965275714178 0.008
0.004942746303734067 0.001861572220571343 0.009000000000000001
0.007275751757185055 0.002376407504967593 0.01
0.004615932879667582 0.002326965275714178 0.01
0.004942746303734067 0.001861572220571343 0.011
0.002471373151867034 0.001680786110285672 0.008
0.002471373151867034 0.001680786110285672 0.01
0.0115692138897143 0.006903626848132897 0.007
0.01165960694485715 0.009701813424066449 0.008
0.01110382083457145 0.007230440272199342 0.008
0.0115692138897143 0.006903626848132897 0.009000000000000001
0.01165960694485715 0.009701813424066449 0.01
0.01110382083457145 0.007230440272199342 0.01
0.0115692138897143 0.006903626848132897 0.011
0.01105437860531802 0.001445621394681922 0.007
0.01131179624751616 0.004174624121407409 0.008
0.01033156790797703 0.002168432092022883 0.008
0.01105437860531802 0.001445621394681922 0.009000000000000001
0.01131179624751616 0.004174624121407409 0.01
0.01033156790797703 0.002168432092022883 0.01
0.01105437860531802 0.001445621394681922 0.011
0.005596373151867035 0.0009307861102856715 0.007
0.008325375878592528 0.001188203752483797 0.008
0.005269559727800551 0.001396179165428507 0.008
0.005596373151867035 0.0009307861102856715 0.009000000000000001
0.008325375878592528 0.001188203752483797 0.01
0.005269559727800551 0.001396179165428507 0.01
0.005596373151867035 0.0009307861102856715 0.011
0.002798186575933518 0.0008403930551428358 0.008
0.002798186575933518 0.0008403930551428358 0.01
0.01203460694485715 0.006576813424066451 0.008
0.01203460694485715 0.006576813424066451 0.01
0.01177718930265901 0.000722810697340961 0.008
0.01177718930265901 0.000722810697340961 0.01
0.00592318657593352 0.0004653930551428358 0.008
0.00592318657593352 0.0004653930551428358 0.01
3 27 0 64
5025
5026
5027
5028
5029
5030
5031
5032
5033
5034
5035
5036
5037
5038
5039
5040
5041
5042
5043
5044
5045
5046
5047
5048
5049
5050
5051
5052
5053
5054
5055
5056
5057
5058
5059
5060
5061
5062
5063
5064
5065
5066
5067
5068
5069
5070
5071
5072
5073
5074
5075
5076
5077
5078
5079
5080
5081
5082
5083
5084
5085
5086
5087
5088
0.003380370319224811 0.004339064129483573 0.008
0.003380370319224811 0.004339064129483573 0.01
0.00624610990048109 0.006253890099518752 0.008
0.00624610990048109 0.006253890099518752 0.01
0.008160935870516344 0.009119629680774987 0.008
0.008160935870516344 0.009119629680774987 0.01
0.003125248030981492 0.004954983817824462 0.008
0.003125248030981492 0.004954983817824462 0.01
0.005774705379690092 0.006725294620309818 0.008
0.005774705379690092 0.006725294620309818 0.01
0.007545016182175493 0.009374751969018401 0.008
0.007545016182175493 0.009374751969018401 0.01
0.003380370319224811 0.004339064129483573 0.007
0.001690185159612406 0.00400286539807512 0.008
0.00350793146334647 0.004031104285313129 0.008
0.003380370319224811 0.004339064129483573 0.009000000000000001
0.001690185159612406 0.00400286539807512 0.01
0.00350793146334647 0.004031104285313129 0.01
0.003380370319224811 0.004339064129483573 0.011
0.00624610990048109 0.006253890099518752 0.007
0.00481324010985295 0.005296477114501163 0.008
0.006481812160876588 0.006018187839123218 0.008
0.00624610990048109 0.006253890099518752 0.009000000000000001
0.00481324010985295 0.005296477114501163 0.01
0.006481812160876588 0.006018187839123218 0.01
0.00624610990048109 0.006253890099518752 0.011
0.008160935870516344 0.009119629680774987 0.007
0.007203522885498716 0.007686759890146869 0.008
0.008468895714686769 0.00899206853665328 0.008
0.008160935870516344 0.009119629680774987 0.009000000000000001
0.007203522885498716 0.007686759890146869 0.01
0.008468895714686769 0.00899206853665328 0.01
0.008160935870516344 0.009119629680774987 0.011
0.00849713460192484 0.01080981484038749 0.008
0.00849713460192484 0.01080981484038749 0.01
0.003125248030981492 0.004954983817824462 0.007
0.001562624015490746 0.004644158575578898 0.008
0.003252809175103152 0.004647023973654018 0.008
0.003125248030981492 0.004954983817824462 0.009000000000000001
0.001562624015490746 0.004644158575578898 0.01
0.003252809175103152 0.004647023973654018 0.01
0.003125248030981492 0.004954983817824462 0.011
0.005774705379690092 0.006725294620309818 0.007
0.004449976705335792 0.005840139219067141 0.008
0.006010407640085591 0.006489592359914285 0.008
0.005774705379690092 0.006725294620309818 0.009000000000000001
0.004449976705335792 0.005840139219067141 0.01
0.006010407640085591 0.006489592359914285 0.01
0.005774705379690092 0.006725294620309818 0.011
0.007545016182175493 0.009374751969018401 0.007
0.006659860780932792 0.008050023294664109 0.008
0.00785297602634592 0.009247190824896695 0.008
0.007545016182175493 0.009374751969018401 0.009000000000000001
0.006659860780932792 0.008050023294664109 0.01
0.00785297602634592 0.009247190824896695 0.01
0.007545016182175493 0.009374751969018401 0.011
0.00785584142442108 0.0109373759845092 0.008
0.00785584142442108 0.0109373759845092 0.01
0.002997686886859834 0.005262943661994907 0.008
0.002997686886859834 0.005262943661994907 0.01
0.005539003119294594 0.006960996880705351 0.008
0.005539003119294594 0.006960996880705351 0.01
0.00723705633800507 0.009502313113140108 0.008
0.00723705633800507 0.009502313113140108 0.01
3 28 0 64
5089
5090
5091
5092
5093
5094
5095
5096
5097
5098
5099
5100
5101
5102
5103
5104
5105
5106
5107
5108
5109
5110
5111
5112
5113
5114
5115
5116
5117
5118
5119
5120
5121
5122
5123
5124
5125
5126
5127
5128
5129
5130
5131
5132
5133
5134
5135
5136
5137
5138
5139
5140
5141
5142
5143
5144
5145
5146
5147
5148
5149
5150
5151
5152
0.002678784026555585 0.006032843272420977 0.008
0.002678784026555585 0.006032843272420977 0.01
0.004949747468305803 0.00755025253169414 0.008
0.004949747468305803 0.00755025253169414 0.01
0.006467156727578998 0.009821215973444351 0.008
0.006467156727578998 0.009821215973444351 0.01
0.002487442310373 0.006494783038676602 0.008
0.002487442310373 0.006494783038676602 0.01
0.004596194077712511 0.007903805922287396 0.008
0.004596194077712511 0.007903805922287396 0.01
0.006005216961323351 0.01001255768962688 0.008
0.006005216961323351 0.01001255768962688 0.01
0.002678784026555585 0.006032843272420977 0.007
0.001339392013277793 0.005766421636210489 0.008
0.00277445488464688 0.005801873389293164 0.008
0.002678784026555585 0.006032843272420977 0.009000000000000001
0.001339392013277793 0.005766421636210489 0.01
0.00277445488464688 0.005801873389293164 0.01
0.002678784026555585 0.006032843272420977 0.011
0.004949747468305803 0.00755025253169414 0.007
0.003814265747430694 0.006791547902057559 0.008
0.00512652416360245 0.007373475836397513 0.008
0.004949747468305803 0.00755025253169414 0.009000000000000001
0.003814265747430694 0.006791547902057559 0.01
0.00512652416360245 0.007373475836397513 0.01
0.004949747468305803 0.00755025253169414 0.011
0.006467156727578998 0.009821215973444351 0.007
0.0057084520979424 0.008685734252569246 0.008
0.006698126610706822 0.009725545115353083 0.008
0.006467156727578998 0.009821215973444351 0.009000000000000001
0.0057084520979424 0.008685734252569246 0.01
0.006698126610706822 0.009725545115353083 0.01
0.006467156727578998 0.009821215973444351 0.011
0.006733578363789499 0.01116060798672218 0.008
0.006733578363789499 0.01116060798672218 0.01
0.002487442310373 0.006494783038676602 0.007
0.0012437211551865 0.006247391519338301 0.008
0.002583113168464293 0.006263813155548789 0.008
0.002487442310373 0.006494783038676602 0.009000000000000001
0.0012437211551865 0.006247391519338301 0.01
0.002583113168464293 0.006263813155548789 0.01
0.002487442310373 0.006494783038676602 0.011
0.004596194077712511 0.007903805922287396 0.007
0.003541818194042756 0.007199294480481999 0.008
0.004772970773009157 0.007727029226990768 0.008
0.004596194077712511 0.007903805922287396 0.009000000000000001
0.003541818194042756 0.007199294480481999 0.01
0.004772970773009157 0.007727029226990768 0.01
0.004596194077712511 0.007903805922287396 0.011
0.006005216961323351 0.01001255768962688 0.007
0.005300705519517931 0.00895818180595714 0.008
0.006236186844451174 0.009916886831535618 0.008
0.006005216961323351 0.01001255768962688 0.009000000000000001
0.005300705519517931 0.00895818180595714 0.01
0.006236186844451174 0.009916886831535618 0.01
0.006005216961323351 0.01001255768962688 0.011
0.006252608480661675 0.01125627884481344 0.008
0.006252608480661675 0.01125627884481344 0.01
0.002391771452281706 0.006725752921804416 0.008
0.002391771452281706 0.006725752921804416 0.01
0.004419417382415866 0.008080582617584023 0.008
0.004419417382415866 0.008080582617584023 0.01
0.005774247078195526 0.01010822854771815 0.008
0.005774247078195526 0.01010822854771815 0.01
$EndNodes
$Elements
49 1205 1 1205
0 17 15 1
1 11 
0 37 15 1
2 31 
0 40 15 1
3 34 
0 52 15 1
4 46 
0 63 15 1
5 57 
2 36 16 6
6 4 83 1283 286 84 1285 1286 288 
7 286 1283 1284 287 1286 1287 1288 289 
8 287 1284 303 26 1288 1289 304 290 
9 83 5 298 1283 85 300 1290 1285 
10 1283 298 299 1284 1290 301 1291 1287 
11 1284 299 27 303 1291 302 305 1289 
2 41 16 6
12 6 100 1360 321 101 1362 1363 323 
13 321 1360 1361 322 1363 1364 1365 324 
14 322 1361 333 29 1365 1366 334 325 
15 100 4 286 1360 102 288 1367 1362 
16 1360 286 287 1361 1367 289 1368 1364 
17 1361 287 26 333 1368 290 335 1366 
2 47 16 6
18 8 127 1460 341 128 1462 1463 343 
19 341 1460 1461 342 1463 1464 1465 344 
20 342 1461 385 31 1465 1466 386 345 
21 127 11 373 1460 129 375 1467 1462 
22 1460 373 374 1461 1467 376 1468 1464 
23 1461 374 34 385 1468 377 387 1466 
2 54 16 12
24 14 415 1596 152 417 1602 1603 155 
25 415 416 1597 1596 418 1604 1605 1602 
26 416 37 430 1597 419 433 1606 1604 
27 152 1596 1598 153 1603 1607 1608 156 
28 1596 1597 1599 1598 1605 1609 1610 1607 
29 1597 430 431 1599 1606 434 1611 1609 
30 153 1598 1600 154 1608 1612 1613 157 
31 1598 1599 1601 1600 1610 1614 1615 1612 
32 1599 431 432 1601 1611 435 1616 1614 
33 154 1600 425 15 1613 1617 427 158 
34 1600 1601 426 425 1615 1618 428 1617 
35 1601 432 38 426 1616 436 429 1618 
2 59 16 12
36 17 454 1697 176 456 1703 1704 179 
37 454 455 1698 1697 457 1705 1706 1703 
38 455 40 464 1698 458 467 1707 1705 
39 176 1697 1699 177 1704 1708 1709 180 
40 1697 1698 1700 1699 1706 1710 1711 1708 
41 1698 464 465 1700 1707 468 1712 1710 
42 177 1699 1701 178 1709 1713 1714 181 
43 1699 1700 1702 1701 1711 1715 1716 1713 
44 1700 465 466 1702 1712 469 1717 1715 
45 178 1701 415 14 1714 1718 417 182 
46 1701 1702 416 415 1716 1719 418 1718 
47 1702 466 37 416 1717 470 419 1719 
2 67 16 12
48 19 498 1870 205 500 1876 1877 208 
49 498 499 1871 1870 501 1878 1879 1876 
50 499 42 503 1871 502 506 1880 1878 
51 205 1870 1872 206 1877 1881 1882 209 
52 1870 1871 1873 1872 1879 1883 1884 1881 
53 1871 503 504 1873 1880 507 1885 1883 
54 206 1872 1874 207 1882 1886 1887 210 
55 1872 1873 1875 1874 1884 1888 1889 1886 
56 1873 504 505 1875 1885 508 1890 1888 
57 207 1874 454 17 1887 1891 456 211 
58 1874 1875 455 454 1889 1892 457 1891 
59 1875 505 40 455 1890 509 458 1892 
2 79 16 6
60 11 256 2114 373 257 2116 2117 375 
61 373 2114 2115 374 2117 2118 2119 376 
62 374 2115 574 34 2119 2120 575 377 
63 256 23 566 2114 258 568 2121 2116 
64 2114 566 567 2115 2121 569 2122 2118 
65 2115 567 46 574 2122 570 576 2120 
2 83 16 12
66 15 425 2202 266 427 2208 2209 269 
67 425 426 2203 2202 428 2210 2211 2208 
68 426 38 584 2203 429 587 2212 2210 
69 266 2202 2204 267 2209 2213 2214 270 
70 2202 2203 2205 2204 2211 2215 2216 2213 
71 2203 584 585 2205 2212 588 2217 2215 
72 267 2204 2206 268 2214 2218 2219 271 
73 2204 2205 2207 2206 2216 2220 2221 2218 
74 2205 585 586 2207 2217 589 2222 2220 
75 268 2206 498 19 2219 2223 500 272 
76 2206 2207 499 498 2221 2224 501 2223 
77 2207 586 42 499 2222 590 502 2224 
2 87 16 6
78 26 303 2280 604 304 2282 2283 606 
79 604 2280 2281 605 2283 2284 2285 607 
80 605 2281 621 49 2285 2286 622 608 
81 303 27 616 2280 305 618 2287 2282 
82 2280 616 617 2281 2287 619 2288 2284 
83 2281 617 50 621 2288 620 623 2286 
2 92 16 6
84 29 333 2357 639 334 2359 2360 641 
85 639 2357 2358 640 2360 2361 2362 642 
86 640 2358 651 52 2362 2363 652 643 
87 333 26 604 2357 335 606 2364 2359 
88 2357 604 605 2358 2364 607 2365 2361 
89 2358 605 49 651 2365 608 653 2363 
2 98 16 6
90 31 385 2457 659 386 2459 2460 661 
91 659 2457 2458 660 2460 2461 2462 662 
92 660 2458 703 54 2462 2463 704 663 
93 385 34 691 2457 387 693 2464 2459 
94 2457 691 692 2458 2464 694 2465 2461 
95 2458 692 57 703 2465 695 705 2463 
2 105 16 12
96 37 733 2593 430 735 2599 2600 433 
97 733 734 2594 2593 736 2601 2602 2599 
98 734 60 748 2594 737 751 2603 2601 
99 430 2593 2595 431 2600 2604 2605 434 
100 2593 2594 2596 2595 2602 2606 2607 2604 
101 2594 748 749 2596 2603 752 2608 2606 
102 431 2595 2597 432 2605 2609 2610 435 
103 2595 2596 2598 2597 2607 2611 2612 2609 
104 2596 749 750 2598 2608 753 2613 2611 
105 432 2597 743 38 2610 2614 745 436 
106 2597 2598 744 743 2612 2615 746 2614 
107 2598 750 61 744 2613 754 747 2615 
2 110 16 12
108 40 772 2694 464 774 2700 2701 467 
109 772 773 2695 2694 775 2702 2703 2700 
110 773 63 782 2695 776 785 2704 2702 
111 464 2694 2696 465 2701 2705 2706 468 
112 2694 2695 2697 2696 2703 2707 2708 2705 
113 2695 782 783 2697 2704 786 2709 2707 
114 465 2696 2698 466 2706 2710 2711 469 
115 2696 2697 2699 2698 2708 2712 2713 2710 
116 2697 783 784 2699 2709 787 2714 2712 
117 466 2698 733 37 2711 2715 735 470 
118 2698 2699 734 733 2713 2716 736 2715 
119 2699 784 60 734 2714 788 737 2716 
2 118 16 12
120 42 816 2867 503 818 2873 2874 506 
121 816 817 2868 2867 819 2875 2876 2873 
122 817 65 821 2868 820 824 2877 2875 
123 503 2867 2869 504 2874 2878 2879 507 
124 2867 2868 2870 2869 2876 2880 2881 2878 
125 2868 821 822 2870 2877 825 2882 2880 
126 504 2869 2871 505 2879 2883 2884 508 
127 2869 2870 2872 2871 2881 2885 2886 2883 
128 2870 822 823 2872 2882 826 2887 2885 
129 505 2871 772 40 2884 2888 774 509 
130 2871 2872 773 772 2886 2889 775 2888 
131 2872 823 63 773 2887 827 776 2889 
2 130 16 6
132 34 574 3111 691 575 3113 3114 693 
133 691 3111 3112 692 3114 3115 3116 694 
134 692 3112 892 57 3116 3117 893 695 
135 574 46 884 3111 576 886 3118 3113 
136 3111 884 885 3112 3118 887 3119 3115 
137 3112 885 69 892 3119 888 894 3117 
2 134 16 12
138 38 743 3199 584 745 3205 3206 587 
139 743 744 3200 3199 746 3207 3208 3205 
140 744 61 902 3200 747 905 3209 3207 
141 584 3199 3201 585 3206 3210 3211 588 
142 3199 3200 3202 3201 3208 3212 3213 3210 
143 3200 902 903 3202 3209 906 3214 3212 
144 585 3201 3203 586 3211 3215 3216 589 
145 3201 3202 3204 3203 3213 3217 3218 3215 
146 3202 903 904 3204 3214 907 3219 3217 
147 586 3203 816 42 3216 3220 818 590 
148 3203 3204 817 816 3218 3221 819 3220 
149 3204 904 65 817 3219 908 820 3221 
3 1 17 24
150 909 70 1 76 3245 1251 273 1260 913 912 3251 71 1254 79 275 1266 3252 3253 1253 1267 
151 3245 1251 273 1260 3246 1252 274 1261 3252 3253 3254 1253 1256 1267 276 1268 3255 3256 1255 1269 
152 3246 1252 274 1261 1315 283 24 291 3255 3256 3257 1255 1257 1269 277 1270 1319 1318 284 294 
153 910 909 76 77 3247 3245 1260 1262 915 914 3258 912 3251 80 1266 1271 3259 3260 3253 1272 
154 3247 3245 1260 1262 3248 3246 1261 1263 3259 3260 3261 3253 3254 1272 1268 1273 3262 3263 3256 1274 
155 3248 3246 1261 1263 1316 1315 291 292 3262 3263 3264 3256 3257 1274 1270 1275 1321 1320 1318 295 
156 911 910 77 78 3249 3247 1262 1264 917 916 3265 914 3258 81 1271 1276 3266 3267 3260 1277 
157 3249 3247 1262 1264 3250 3248 1263 1265 3266 3267 3268 3260 3261 1277 1273 1278 3269 3270 3263 1279 
158 3250 3248 1263 1265 1317 1316 292 293 3269 3270 3271 3263 3264 1279 1275 1280 1323 1322 1320 296 
159 83 911 78 4 1283 3249 1264 286 918 84 1285 916 3265 82 1276 288 3272 1286 3267 1281 
160 1283 3249 1264 286 1284 3250 1265 287 3272 1286 1287 3267 3268 1281 1278 289 3273 1288 3270 1282 
161 1284 3250 1265 287 303 1317 293 26 3273 1288 1289 3270 3271 1282 1280 290 1324 304 1322 297 
162 88 2 70 909 1296 278 1251 3245 92 919 1308 72 280 913 1254 3251 1313 3274 1258 3252 
163 1296 278 1251 3245 1297 279 1252 3246 1313 3274 1310 1258 281 3252 1256 3254 1314 3275 1259 3255 
164 1297 279 1252 3246 308 25 283 1315 1314 3275 1312 1259 282 3255 1257 3257 312 1325 285 1319 
165 87 88 909 910 1294 1296 3245 3247 91 920 1303 919 1308 915 3251 3258 1309 3276 3274 3259 
166 1294 1296 3245 3247 1295 1297 3246 3248 1309 3276 1305 3274 1310 3259 3254 3261 1311 3277 3275 3262 
167 1295 1297 3246 3248 307 308 1315 1316 1311 3277 1307 3275 1312 3262 3257 3264 311 1326 1325 1321 
168 86 87 910 911 1292 1294 3247 3249 90 921 1298 920 1303 917 3258 3265 1304 3278 3276 3266 
169 1292 1294 3247 3249 1293 1295 3248 3250 1304 3278 1300 3276 1305 3266 3261 3268 1306 3279 3277 3269 
170 1293 1295 3248 3250 306 307 1316 1317 1306 3279 1302 3277 1307 3269 3264 3271 310 1327 1326 1323 
171 5 86 911 83 298 1292 3249 1283 89 85 300 921 1298 918 3265 1285 1299 1290 3278 3272 
172 298 1292 3249 1283 299 1293 3250 1284 1299 1290 301 3278 1300 3272 3268 1287 1301 1291 3279 3273 
173 299 1293 3250 1284 27 306 1317 303 1301 1291 302 3279 1302 3273 3271 1289 309 305 1327 1324 
3 2 17 24
174 922 73 3 93 3280 1328 313 1337 926 925 3286 74 1331 96 315 1343 3287 3288 1330 1344 
175 3280 1328 313 1337 3281 1329 314 1338 3287 3288 3289 1330 1333 1344 316 1345 3290 3291 1332 1346 
176 3281 1329 314 1338 1369 318 28 326 3290 3291 3292 1332 1334 1346 317 1347 1373 1372 319 329 
177 923 922 93 94 3282 3280 1337 1339 928 927 3293 925 3286 97 1343 1348 3294 3295 3288 1349 
178 3282 3280 1337 1339 3283 3281 1338 1340 3294 3295 3296 3288 3289 1349 1345 1350 3297 3298 3291 1351 
179 3283 3281 1338 1340 1370 1369 326 327 3297 3298 3299 3291 3292 1351 1347 1352 1375 1374 1372 330 
180 924 923 94 95 3284 3282 1339 1341 930 929 3300 927 3293 98 1348 1353 3301 3302 3295 1354 
181 3284 3282 1339 1341 3285 3283 1340 1342 3301 3302 3303 3295 3296 1354 1350 1355 3304 3305 3298 1356 
182 3285 3283 1340 1342 1371 1370 327 328 3304 3305 3306 3298 3299 1356 1352 1357 1377 1376 1374 331 
183 100 924 95 6 1360 3284 1341 321 931 101 1362 929 3300 99 1353 323 3307 1363 3302 1358 
184 1360 3284 1341 321 1361 3285 1342 322 3307 1363 1364 3302 3303 1358 1355 324 3308 1365 3305 1359 
185 1361 3285 1342 322 333 1371 328 29 3308 1365 1366 3305 3306 1359 1357 325 1378 334 1376 332 
186 76 1 73 922 1260 273 1328 3280 79 932 1266 75 275 926 1331 3286 1267 3309 1335 3287 
187 1260 273 1328 3280 1261 274 1329 3281 1267 3309 1268 1335 276 3287 1333 3289 1269 3310 1336 3290 
188 1261 274 1329 3281 291 24 318 1369 1269 3310 1270 1336 277 3290 1334 3292 294 1379 320 1373 
189 77 76 922 923 1262 1260 3280 3282 80 933 1271 932 1266 928 3286 3293 1272 3311 3309 3294 
190 1262 1260 3280 3282 1263 1261 3281 3283 1272 3311 1273 3309 1268 3294 3289 3296 1274 3312 3310 3297 
191 1263 1261 3281 3283 292 291 1369 1370 1274 3312 1275 3310 1270 3297 3292 3299 295 1380 1379 1375 
192 78 77 923 924 1264 1262 3282 3284 81 934 1276 933 1271 930 3293 3300 1277 3313 3311 3301 
193 1264 1262 3282 3284 1265 1263 3283 3285 1277 3313 1278 3311 1273 3301 3296 3303 1279 3314 3312 3304 
194 1265 1263 3283 3285 293 292 1370 1371 1279 3314 1280 3312 1275 3304 3299 3306 296 1381 1380 1377 
195 4 78 924 100 286 1264 3284 1360 82 102 288 934 1276 931 3300 1362 1281 1367 3313 3307 
196 286 1264 3284 1360 287 1265 3285 1361 1281 1367 289 3313 1278 3307 3303 1364 1282 1368 3314 3308 
197 287 1265 3285 1361 26 293 1371 333 1282 1368 290 3314 1280 3308 3306 1366 297 335 1381 1378 
3 3 17 48
198 935 113 9 106 3315 1414 349 1391 945 944 3333 116 1421 109 351 1397 3334 3335 1420 1398 
199 3315 1414 349 1391 3316 1415 350 1392 3334 3335 3336 1420 1423 1398 352 1399 3337 3338 1422 1400 
200 3316 1415 350 1392 1469 366 32 354 3337 3338 3339 1422 1424 1400 353 1401 1479 1478 369 357 
201 936 935 106 107 3317 3315 1391 1393 947 946 3340 944 3333 110 1397 1402 3341 3342 3335 1403 
202 3317 3315 1391 1393 3318 3316 1392 1394 3341 3342 3343 3335 3336 1403 1399 1404 3344 3345 3338 1405 
203 3318 3316 1392 1394 1470 1469 354 355 3344 3345 3346 3338 3339 1405 1401 1406 1481 1480 1478 358 
204 937 936 107 108 3319 3317 1393 1395 949 948 3347 946 3340 111 1402 1407 3348 3349 3342 1408 
205 3319 3317 1393 1395 3320 3318 1394 1396 3348 3349 3350 3342 3343 1408 1404 1409 3351 3352 3345 1410 
206 3320 3318 1394 1396 1471 1470 355 356 3351 3352 3353 3345 3346 1410 1406 1411 1483 1482 1480 359 
207 103 937 108 7 1382 3319 1395 336 950 104 1384 948 3347 112 1407 338 3354 1385 3349 1412 
208 1382 3319 1395 336 1383 3320 1396 337 3354 1385 1386 3349 3350 1412 1409 339 3355 1387 3352 1413 
209 1383 3320 1396 337 346 1471 356 30 3355 1387 1388 3352 3353 1413 1411 340 1484 347 1482 360 
210 938 114 113 935 3321 1416 1414 3315 952 951 3356 117 1426 945 1421 3333 3357 3358 1425 3334 
211 3321 1416 1414 3315 3322 1417 1415 3316 3357 3358 3359 1425 1428 3334 1423 3336 3360 3361 1427 3337 
212 3322 1417 1415 3316 1472 367 366 1469 3360 3361 3362 1427 1429 3337 1424 3339 1486 1485 370 1479 
213 939 938 935 936 3323 3321 3315 3317 954 953 3363 951 3356 947 3333 3340 3364 3365 3358 3341 
214 3323 3321 3315 3317 3324 3322 3316 3318 3364 3365 3366 3358 3359 3341 3336 3343 3367 3368 3361 3344 
215 3324 3322 3316 3318 1473 1472 1469 1470 3367 3368 3369 3361 3362 3344 3339 3346 1488 1487 1485 1481 
216 940 939 936 937 3325 3323 3317 3319 956 955 3370 953 3363 949 3340 3347 3371 3372 3365 3348 
217 3325 3323 3317 3319 3326 3324 3318 3320 3371 3372 3373 3365 3366 3348 3343 3350 3374 3375 3368 3351 
218 3326 3324 3318 3320 1474 1473 1470 1471 3374 3375 3376 3368 3369 3351 3346 3353 1490 1489 1487 1483 
219 8 940 937 103 341 3325 3319 1382 957 105 343 955 3370 950 3347 1384 3377 1389 3372 3354 
220 341 3325 3319 1382 342 3326 3320 1383 3377 1389 344 3372 3373 3354 3350 1386 3378 1390 3375 3355 
221 342 3326 3320 1383 31 1474 1471 346 3378 1390 345 3375 3376 3355 3353 1388 1491 348 1489 1484 
222 941 115 114 938 3327 1418 1416 3321 959 958 3379 118 1431 952 1426 3356 3380 3381 1430 3357 
223 3327 1418 1416 3321 3328 1419 1417 3322 3380 3381 3382 1430 1433 3357 1428 3359 3383 3384 1432 3360 
224 3328 1419 1417 3322 1475 368 367 1472 3383 3384 3385 1432 1434 3360 1429 3362 1493 1492 371 1486 
225 942 941 938 939 3329 3327 3321 3323 961 960 3386 958 3379 954 3356 3363 3387 3388 3381 3364 
226 3329 3327 3321 3323 3330 3328 3322 3324 3387 3388 3389 3381 3382 3364 3359 3366 3390 3391 3384 3367 
227 3330 3328 3322 3324 1476 1475 1472 1473 3390 3391 3392 3384 3385 3367 3362 3369 1495 1494 1492 1488 
228 943 942 939 940 3331 3329 3323 3325 963 962 3393 960 3386 956 3363 3370 3394 3395 3388 3371 
229 3331 3329 3323 3325 3332 3330 3324 3326 3394 3395 3396 3388 3389 3371 3366 3373 3397 3398 3391 3374 
230 3332 3330 3324 3326 1477 1476 1473 1474 3397 3398 3399 3391 3392 3374 3369 3376 1497 1496 1494 1490 
231 127 943 940 8 1460 3331 3325 341 964 128 1462 962 3393 957 3370 343 3400 1463 3395 3377 
232 1460 3331 3325 341 1461 3332 3326 342 3400 1463 1464 3395 3396 3377 3373 344 3401 1465 3398 3378 
233 1461 3332 3326 342 385 1477 1474 31 3401 1465 1466 3398 3399 3378 3376 345 1498 386 1496 1491 
234 122 10 115 941 1441 361 1418 3327 126 965 1453 119 363 959 1431 3379 1458 3402 1435 3380 
235 1441 361 1418 3327 1442 362 1419 3328 1458 3402 1455 1435 364 3380 1433 3382 1459 3403 1436 3383 
236 1442 362 1419 3328 380 33 368 1475 1459 3403 1457 1436 365 3383 1434 3385 384 1499 372 1493 
237 121 122 941 942 1439 1441 3327 3329 125 966 1448 965 1453 961 3379 3386 1454 3404 3402 3387 
238 1439 1441 3327 3329 1440 1442 3328 3330 1454 3404 1450 3402 1455 3387 3382 3389 1456 3405 3403 3390 
239 1440 1442 3328 3330 379 380 1475 1476 1456 3405 1452 3403 1457 3390 3385 3392 383 1500 1499 1495 
240 120 121 942 943 1437 1439 3329 3331 124 967 1443 966 1448 963 3386 3393 1449 3406 3404 3394 
241 1437 1439 3329 3331 1438 1440 3330 3332 1449 3406 1445 3404 1450 3394 3389 3396 1451 3407 3405 3397 
242 1438 1440 3330 3332 378 379 1476 1477 1451 3407 1447 3405 1452 3397 3392 3399 382 1501 1500 1497 
243 11 120 943 127 373 1437 3331 1460 123 129 375 967 1443 964 3393 1462 1444 1467 3406 3400 
244 373 1437 3331 1460 374 1438 3332 1461 1444 1467 376 3406 1445 3400 3396 1464 1446 1468 3407 3401 
245 374 1438 3332 1461 34 378 1477 385 1446 1468 377 3407 1447 3401 3399 1466 381 387 1501 1498 
3 4 17 36
246 9 113 968 131 349 1414 3408 1504 116 134 351 974 1421 975 3420 1511 1420 1516 3421 3422 
247 349 1414 3408 1504 350 1415 3409 1505 1420 1516 352 3421 1423 3422 3423 1513 1422 1517 3424 3425 
248 350 1415 3409 1505 32 366 1557 394 1422 1517 353 3424 1424 3425 3426 1515 369 397 1563 1564 
249 131 968 969 130 1504 3408 3410 1502 975 133 1511 976 3420 977 3427 1506 3422 1512 3428 3429 
250 1504 3408 3410 1502 1505 3409 3411 1503 3422 1512 1513 3428 3423 3429 3430 1508 3425 1514 3431 3432 
251 1505 3409 3411 1503 394 1557 1558 393 3425 1514 1515 3431 3426 3432 3433 1510 1564 396 1565 1566 
252 130 969 135 12 1502 3410 1518 388 977 132 1506 978 3427 138 1525 390 3429 1507 3434 1524 
253 1502 3410 1518 388 1503 3411 1519 389 3429 1507 1508 3434 3430 1524 1527 391 3432 1509 3435 1526 
254 1503 3411 1519 389 393 1558 403 35 3432 1509 1510 3435 3433 1526 1528 392 1566 395 1567 406 
255 113 114 970 968 1414 1416 3412 3408 117 974 1421 979 1426 980 3436 3420 1425 3421 3437 3438 
256 1414 1416 3412 3408 1415 1417 3413 3409 1425 3421 1423 3437 1428 3438 3439 3423 1427 3424 3440 3441 
257 1415 1417 3413 3409 366 367 1559 1557 1427 3424 1424 3440 1429 3441 3442 3426 370 1563 1568 1569 
258 968 970 971 969 3408 3412 3414 3410 980 976 3420 981 3436 982 3443 3427 3438 3428 3444 3445 
259 3408 3412 3414 3410 3409 3413 3415 3411 3438 3428 3423 3444 3439 3445 3446 3430 3441 3431 3447 3448 
260 3409 3413 3415 3411 1557 1559 1560 1558 3441 3431 3426 3447 3442 3448 3449 3433 1569 1565 1570 1571 
261 969 971 136 135 3410 3414 1520 1518 982 978 3427 983 3443 139 1530 1525 3445 3434 3450 1529 
262 3410 3414 1520 1518 3411 3415 1521 1519 3445 3434 3430 3450 3446 1529 1532 1527 3448 3435 3451 1531 
263 3411 3415 1521 1519 1558 1560 404 403 3448 3435 3433 3451 3449 1531 1533 1528 1571 1567 1572 407 
264 114 115 972 970 1416 1418 3416 3412 118 979 1426 984 1431 985 3452 3436 1430 3437 3453 3454 
265 1416 1418 3416 3412 1417 1419 3417 3413 1430 3437 1428 3453 1433 3454 3455 3439 1432 3440 3456 3457 
266 1417 1419 3417 3413 367 368 1561 1559 1432 3440 1429 3456 1434 3457 3458 3442 371 1568 1573 1574 
267 970 972 973 971 3412 3416 3418 3414 985 981 3436 986 3452 987 3459 3443 3454 3444 3460 3461 
268 3412 3416 3418 3414 3413 3417 3419 3415 3454 3444 3439 3460 3455 3461 3462 3446 3457 3447 3463 3464 
269 3413 3417 3419 3415 1559 1561 1562 1560 3457 3447 3442 3463 3458 3464 3465 3449 1574 1570 1575 1576 
270 971 973 137 136 3414 3418 1522 1520 987 983 3443 988 3459 140 1535 1530 3461 3450 3466 1534 
271 3414 3418 1522 1520 3415 3419 1523 1521 3461 3450 3446 3466 3462 1534 1537 1532 3464 3451 3467 1536 
272 3415 3419 1523 1521 1560 1562 405 404 3464 3451 3449 3467 3465 1536 1538 1533 1576 1572 1577 408 
273 115 10 142 972 1418 361 1541 3416 119 984 1431 144 363 989 1545 3452 1435 3453 1546 3468 
274 1418 361 1541 3416 1419 362 1542 3417 1435 3453 1433 1546 364 3468 1547 3455 1436 3456 1548 3469 
275 1419 362 1542 3417 368 33 410 1561 1436 3456 1434 1548 365 3469 1549 3458 372 1573 412 1578 
276 972 142 143 973 3416 1541 1543 3418 989 986 3452 145 1545 990 1550 3459 3468 3460 1551 3470 
277 3416 1541 1543 3418 3417 1542 1544 3419 3468 3460 3455 1551 1547 3470 1552 3462 3469 3463 1553 3471 
278 3417 1542 1544 3419 1561 410 411 1562 3469 3463 3458 1553 1549 3471 1554 3465 1578 1575 413 1579 
279 973 143 13 137 3418 1543 398 1522 990 988 3459 146 1550 141 400 1535 3470 3466 1555 1539 
280 3418 1543 398 1522 3419 1544 399 1523 3470 3466 3462 1555 1552 1539 401 1537 3471 3467 1556 1540 
281 3419 1544 399 1523 1562 411 36 405 3471 3467 3465 1556 1554 1540 402 1538 1579 1577 414 409 
3 5 17 36
282 12 135 991 148 388 1518 3472 1582 138 151 390 997 1525 998 3484 1589 1524 1594 3485 3486 
283 388 1518 3472 1582 389 1519 3473 1583 1524 1594 391 3485 1527 3486 3487 1591 1526 1595 3488 3489 
284 389 1519 3473 1583 35 403 1635 421 1526 1595 392 3488 1528 3489 3490 1593 406 424 1641 1642 
285 148 991 992 147 1582 3472 3474 1580 998 150 1589 999 3484 1000 3491 1584 3486 1590 3492 3493 
286 1582 3472 3474 1580 1583 3473 3475 1581 3486 1590 1591 3492 3487 3493 3494 1586 3489 1592 3495 3496 
287 1583 3473 3475 1581 421 1635 1636 420 3489 1592 1593 3495 3490 3496 3497 1588 1642 423 1643 1644 
288 147 992 152 14 1580 3474 1596 415 1000 149 1584 1001 3491 155 1603 417 3493 1585 3498 1602 
289 1580 3474 1596 415 1581 3475 1597 416 3493 1585 1586 3498 3494 1602 1605 418 3496 1587 3499 1604 
290 1581 3475 1597 416 420 1636 430 37 3496 1587 1588 3499 3497 1604 1606 419 1644 422 1645 433 
291 135 136 993 991 1518 1520 3476 3472 139 997 1525 1002 1530 1003 3500 3484 1529 3485 3501 3502 
292 1518 1520 3476 3472 1519 1521 3477 3473 1529 3485 1527 3501 1532 3502 3503 3487 1531 3488 3504 3505 
293 1519 1521 3477 3473 403 404 1637 1635 1531 3488 1528 3504 1533 3505 3506 3490 407 1641 1646 1647 
294 991 993 994 992 3472 3476 3478 3474 1003 999 3484 1004 3500 1005 3507 3491 3502 3492 3508 3509 
295 3472 3476 3478 3474 3473 3477 3479 3475 3502 3492 3487 3508 3503 3509 3510 3494 3505 3495 3511 3512 
296 3473 3477 3479 3475 1635 1637 1638 1636 3505 3495 3490 3511 3506 3512 3513 3497 1647 1643 1648 1649 
297 992 994 153 152 3474 3478 1598 1596 1005 1001 3491 1006 3507 156 1608 1603 3509 3498 3514 1607 
298 3474 3478 1598 1596 3475 3479 1599 1597 3509 3498 3494 3514 3510 1607 1610 1605 3512 3499 3515 1609 
299 3475 3479 1599 1597 1636 1638 431 430 3512 3499 3497 3515 3513 1609 1611 1606 1649 1645 1650 434 
300 136 137 995 993 1520 1522 3480 3476 140 1002 1530 1007 1535 1008 3516 3500 1534 3501 3517 3518 
301 1520 1522 3480 3476 1521 1523 3481 3477 1534 3501 1532 3517 1537 3518 3519 3503 1536 3504 3520 3521 
302 1521 1523 3481 3477 404 405 1639 1637 1536 3504 1533 3520 1538 3521 3522 3506 408 1646 1651 1652 
303 993 995 996 994 3476 3480 3482 3478 1008 1004 3500 1009 3516 1010 3523 3507 3518 3508 3524 3525 
304 3476 3480 3482 3478 3477 3481 3483 3479 3518 3508 3503 3524 3519 3525 3526 3510 3521 3511 3527 3528 
305 3477 3481 3483 3479 1637 1639 1640 1638 3521 3511 3506 3527 3522 3528 3529 3513 1652 1648 1653 1654 
306 994 996 154 153 3478 3482 1600 1598 1010 1006 3507 1011 3523 157 1613 1608 3525 3514 3530 1612 
307 3478 3482 1600 1598 3479 3483 1601 1599 3525 3514 3510 3530 3526 1612 1615 1610 3528 3515 3531 1614 
308 3479 3483 1601 1599 1638 1640 432 431 3528 3515 3513 3531 3529 1614 1616 1611 1654 1650 1655 435 
309 137 13 159 995 1522 398 1619 3480 141 1007 1535 161 400 1012 1623 3516 1539 3517 1624 3532 
310 1522 398 1619 3480 1523 399 1620 3481 1539 3517 1537 1624 401 3532 1625 3519 1540 3520 1626 3533 
311 1523 399 1620 3481 405 36 437 1639 1540 3520 1538 1626 402 3533 1627 3522 409 1651 439 1656 
312 995 159 160 996 3480 1619 1621 3482 1012 1009 3516 162 1623 1013 1628 3523 3532 3524 1629 3534 
313 3480 1619 1621 3482 3481 1620 1622 3483 3532 3524 3519 1629 1625 3534 1630 3526 3533 3527 1631 3535 
314 3481 1620 1622 3483 1639 437 438 1640 3533 3527 3522 1631 1627 3535 1632 3529 1656 1653 440 1657 
315 996 160 15 154 3482 1621 425 1600 1013 1011 3523 163 1628 158 427 1613 3534 3530 1633 1617 
316 3482 1621 425 1600 3483 1622 426 1601 3534 3530 3526 1633 1630 1617 428 1615 3535 3531 1634 1618 
317 3483 1622 426 1601 1640 438 38 432 3535 3531 3529 1634 1632 1618 429 1616 1657 1655 441 436 
3 6 17 36
318 1014 147 14 178 3536 1580 415 1701 1021 1020 3548 149 1584 182 417 1714 3549 3550 1585 1718 
319 3536 1580 415 1701 3537 1581 416 1702 3549 3550 3551 1585 1586 1718 418 1716 3552 3553 1587 1719 
320 3537 1581 416 1702 1720 420 37 466 3552 3553 3554 1587 1588 1719 419 1717 1727 1726 422 470 
321 1015 1014 178 177 3538 3536 1701 1699 1023 1022 3555 1020 3548 181 1714 1709 3556 3557 3550 1713 
322 3538 3536 1701 1699 3539 3537 1702 1700 3556 3557 3558 3550 3551 1713 1716 1711 3559 3560 3553 1715 
323 3539 3537 1702 1700 1721 1720 466 465 3559 3560 3561 3553 3554 1715 1717 1712 1729 1728 1726 469 
324 1016 1015 177 176 3540 3538 1699 1697 1025 1024 3562 1022 3555 180 1709 1704 3563 3564 3557 1708 
325 3540 3538 1699 1697 3541 3539 1700 1698 3563 3564 3565 3557 3558 1708 1711 1706 3566 3567 3560 1710 
326 3541 3539 1700 1698 1722 1721 465 464 3566 3567 3568 3560 3561 1710 1712 1707 1731 1730 1728 468 
327 171 1016 176 17 1681 3540 1697 454 1026 173 1685 1024 3562 179 1704 456 3569 1686 3564 1703 
328 1681 3540 1697 454 1682 3541 1698 455 3569 1686 1687 3564 3565 1703 1706 457 3570 1688 3567 1705 
329 1682 3541 1698 455 459 1722 464 40 3570 1688 1689 3567 3568 1705 1707 458 1732 461 1730 467 
330 1017 148 147 1014 3542 1582 1580 3536 1028 1027 3571 150 1589 1021 1584 3548 3572 3573 1590 3549 
331 3542 1582 1580 3536 3543 1583 1581 3537 3572 3573 3574 1590 1591 3549 1586 3551 3575 3576 1592 3552 
332 3543 1583 1581 3537 1723 421 420 1720 3575 3576 3577 1592 1593 3552 1588 3554 1734 1733 423 1727 
333 1018 1017 1014 1015 3544 3542 3536 3538 1030 1029 3578 1027 3571 1023 3548 3555 3579 3580 3573 3556 
334 3544 3542 3536 3538 3545 3543 3537 3539 3579 3580 3581 3573 3574 3556 3551 3558 3582 3583 3576 3559 
335 3545 3543 3537 3539 1724 1723 1720 1721 3582 3583 3584 3576 3577 3559 3554 3561 1736 1735 1733 1729 
336 1019 1018 1015 1016 3546 3544 3538 3540 1032 1031 3585 1029 3578 1025 3555 3562 3586 3587 3580 3563 
337 3546 3544 3538 3540 3547 3545 3539 3541 3586 3587 3588 3580 3581 3563 3558 3565 3589 3590 3583 3566 
338 3547 3545 3539 3541 1725 1724 1721 1722 3589 3590 3591 3583 3584 3566 3561 3568 1738 1737 1735 1731 
339 172 1019 1016 171 1683 3546 3540 1681 1033 174 1690 1031 3585 1026 3562 1685 3592 1691 3587 3569 
340 1683 3546 3540 1681 1684 3547 3541 1682 3592 1691 1692 3587 3588 3569 3565 1687 3593 1693 3590 3570 
341 1684 3547 3541 1682 460 1725 1722 459 3593 1693 1694 3590 3591 3570 3568 1689 1739 462 1737 1732 
342 166 12 148 1017 1662 388 1582 3542 170 1034 1674 151 390 1028 1589 3571 1679 3594 1594 3572 
343 1662 388 1582 3542 1663 389 1583 3543 1679 3594 1676 1594 391 3572 1591 3574 1680 3595 1595 3575 
344 1663 389 1583 3543 449 35 421 1723 1680 3595 1678 1595 392 3575 1593 3577 453 1740 424 1734 
345 165 166 1017 1018 1660 1662 3542 3544 169 1035 1669 1034 1674 1030 3571 3578 1675 3596 3594 3579 
346 1660 1662 3542 3544 1661 1663 3543 3545 1675 3596 1671 3594 1676 3579 3574 3581 1677 3597 3595 3582 
347 1661 1663 3543 3545 448 449 1723 1724 1677 3597 1673 3595 1678 3582 3577 3584 452 1741 1740 1736 
348 164 165 1018 1019 1658 1660 3544 3546 168 1036 1664 1035 1669 1032 3578 3585 1670 3598 3596 3586 
349 1658 1660 3544 3546 1659 1661 3545 3547 1670 3598 1666 3596 1671 3586 3581 3588 1672 3599 3597 3589 
350 1659 1661 3545 3547 447 448 1724 1725 1672 3599 1668 3597 1673 3589 3584 3591 451 1742 1741 1738 
351 16 164 1019 172 442 1658 3546 1683 167 175 444 1036 1664 1033 3585 1690 1665 1695 3598 3592 
352 442 1658 3546 1683 443 1659 3547 1684 1665 1695 445 3598 1666 3592 3588 1692 1667 1696 3599 3593 
353 443 1659 3547 1684 39 447 1725 460 1667 1696 446 3599 1668 3593 3591 1694 450 463 1742 1739 
3 7 17 36
354 1037 130 12 166 3600 1502 388 1662 1044 1043 3612 132 1506 170 390 1674 3613 3614 1507 1679 
355 3600 1502 388 1662 3601 1503 389 1663 3613 3614 3615 1507 1508 1679 391 1676 3616 3617 1509 1680 
356 3601 1503 389 1663 1782 393 35 449 3616 3617 3618 1509 1510 1680 392 1678 1789 1788 395 453 
357 1038 1037 166 165 3602 3600 1662 1660 1046 1045 3619 1043 3612 169 1674 1669 3620 3621 3614 1675 
358 3602 3600 1662 1660 3603 3601 1663 1661 3620 3621 3622 3614 3615 1675 1676 1671 3623 3624 3617 1677 
359 3603 3601 1663 1661 1783 1782 449 448 3623 3624 3625 3617 3618 1677 1678 1673 1791 1790 1788 452 
360 1039 1038 165 164 3604 3602 1660 1658 1048 1047 3626 1045 3619 168 1669 1664 3627 3628 3621 1670 
361 3604 3602 1660 1658 3605 3603 1661 1659 3627 3628 3629 3621 3622 1670 1671 1666 3630 3631 3624 1672 
362 3605 3603 1661 1659 1784 1783 448 447 3630 3631 3632 3624 3625 1672 1673 1668 1793 1792 1790 451 
363 190 1039 164 16 1766 3604 1658 442 1049 192 1770 1047 3626 167 1664 444 3633 1771 3628 1665 
364 1766 3604 1658 442 1767 3605 1659 443 3633 1771 1772 3628 3629 1665 1666 445 3634 1773 3631 1667 
365 1767 3605 1659 443 483 1784 447 39 3634 1773 1774 3631 3632 1667 1668 446 1794 485 1792 450 
366 1040 131 130 1037 3606 1504 1502 3600 1051 1050 3635 133 1511 1044 1506 3612 3636 3637 1512 3613 
367 3606 1504 1502 3600 3607 1505 1503 3601 3636 3637 3638 1512 1513 3613 1508 3615 3639 3640 1514 3616 
368 3607 1505 1503 3601 1785 394 393 1782 3639 3640 3641 1514 1515 3616 1510 3618 1796 1795 396 1789 
369 1041 1040 1037 1038 3608 3606 3600 3602 1053 1052 3642 1050 3635 1046 3612 3619 3643 3644 3637 3620 
370 3608 3606 3600 3602 3609 3607 3601 3603 3643 3644 3645 3637 3638 3620 3615 3622 3646 3647 3640 3623 
371 3609 3607 3601 3603 1786 1785 1782 1783 3646 3647 3648 3640 3641 3623 3618 3625 1798 1797 1795 1791 
372 1042 1041 1038 1039 3610 3608 3602 3604 1055 1054 3649 1052 3642 1048 3619 3626 3650 3651 3644 3627 
373 3610 3608 3602 3604 3611 3609 3603 3605 3650 3651 3652 3644 3645 3627 3622 3629 3653 3654 3647 3630 
374 3611 3609 3603 3605 1787 1786 1783 1784 3653 3654 3655 3647 3648 3630 3625 3632 1800 1799 1797 1793 
375 191 1042 1039 190 1768 3610 3604 1766 1056 193 1775 1054 3649 1049 3626 1770 3656 1776 3651 3633 
376 1768 3610 3604 1766 1769 3611 3605 1767 3656 1776 1777 3651 3652 3633 3629 1772 3657 1778 3654 3634 
377 1769 3611 3605 1767 484 1787 1784 483 3657 1778 1779 3654 3655 3634 3632 1774 1801 486 1799 1794 
378 185 9 131 1040 1747 349 1504 3606 189 1057 1759 134 351 1051 1511 3635 1764 3658 1516 3636 
379 1747 349 1504 3606 1748 350 1505 3607 1764 3658 1761 1516 352 3636 1513 3638 1765 3659 1517 3639 
380 1748 350 1505 3607 478 32 394 1785 1765 3659 1763 1517 353 3639 1515 3641 482 1802 397 1796 
381 184 185 1040 1041 1745 1747 3606 3608 188 1058 1754 1057 1759 1053 3635 3642 1760 3660 3658 3643 
382 1745 1747 3606 3608 1746 1748 3607 3609 1760 3660 1756 3658 1761 3643 3638 3645 1762 3661 3659 3646 
383 1746 1748 3607 3609 477 478 1785 1786 1762 3661 1758 3659 1763 3646 3641 3648 481 1803 1802 1798 
384 183 184 1041 1042 1743 1745 3608 3610 187 1059 1749 1058 1754 1055 3642 3649 1755 3662 3660 3650 
385 1743 1745 3608 3610 1744 1746 3609 3611 1755 3662 1751 3660 1756 3650 3645 3652 1757 3663 3661 3653 
386 1744 1746 3609 3611 476 477 1786 1787 1757 3663 1753 3661 1758 3653 3648 3655 480 1804 1803 1800 
387 18 183 1042 191 471 1743 3610 1768 186 194 473 1059 1749 1056 3649 1775 1750 1780 3662 3656 
388 471 1743 3610 1768 472 1744 3611 1769 1750 1780 474 3662 1751 3656 3652 1777 1752 1781 3663 3657 
389 472 1744 3611 1769 41 476 1787 484 1752 1781 475 3663 1753 3657 3655 1779 479 487 1804 1801 
3 8 17 48
390 9 185 1060 106 349 1747 3664 1391 189 109 351 1069 1759 1070 3682 1397 1764 1398 3683 3684 
391 349 1747 3664 1391 350 1748 3665 1392 1764 1398 352 3683 1761 3684 3685 1399 1765 1400 3686 3687 
392 350 1748 3665 1392 32 478 1837 354 1765 1400 353 3686 1763 3687 3688 1401 482 357 1846 1847 
393 106 1060 1061 107 1391 3664 3666 1393 1070 110 1397 1071 3682 1072 3689 1402 3684 1403 3690 3691 
394 1391 3664 3666 1393 1392 3665 3667 1394 3684 1403 1399 3690 3685 3691 3692 1404 3687 1405 3693 3694 
395 1392 3665 3667 1394 354 1837 1838 355 3687 1405 1401 3693 3688 3694 3695 1406 1847 358 1848 1849 
396 107 1061 1062 108 1393 3666 3668 1395 1072 111 1402 1073 3689 1074 3696 1407 3691 1408 3697 3698 
397 1393 3666 3668 1395 1394 3667 3669 1396 3691 1408 1404 3697 3692 3698 3699 1409 3694 1410 3700 3701 
398 1394 3667 3669 1396 355 1838 1839 356 3694 1410 1406 3700 3695 3701 3702 1411 1849 359 1850 1851 
399 108 1062 195 7 1395 3668 1805 336 1074 112 1407 1075 3696 197 1807 338 3698 1412 3703 1812 
400 1395 3668 1805 336 1396 3669 1806 337 3698 1412 1409 3703 3699 1812 1809 339 3701 1413 3704 1813 
401 1396 3669 1806 337 356 1839 488 30 3701 1413 1411 3704 3702 1813 1811 340 1851 360 1852 490 
402 185 184 1063 1060 1747 1745 3670 3664 188 1069 1759 1076 1754 1077 3705 3682 1760 3683 3706 3707 
403 1747 1745 3670 3664 1748 1746 3671 3665 1760 3683 1761 3706 1756 3707 3708 3685 1762 3686 3709 3710 
404 1748 1746 3671 3665 478 477 1840 1837 1762 3686 1763 3709 1758 3710 3711 3688 481 1846 1853 1854 
405 1060 1063 1064 1061 3664 3670 3672 3666 1077 1071 3682 1078 3705 1079 3712 3689 3707 3690 3713 3714 
406 3664 3670 3672 3666 3665 3671 3673 3667 3707 3690 3685 3713 3708 3714 3715 3692 3710 3693 3716 3717 
407 3665 3671 3673 3667 1837 1840 1841 1838 3710 3693 3688 3716 3711 3717 3718 3695 1854 1848 1855 1856 
408 1061 1064 1065 1062 3666 3672 3674 3668 1079 1073 3689 1080 3712 1081 3719 3696 3714 3697 3720 3721 
409 3666 3672 3674 3668 3667 3673 3675 3669 3714 3697 3692 3720 3715 3721 3722 3699 3717 3700 3723 3724 
410 3667 3673 3675 3669 1838 1841 1842 1839 3717 3700 3695 3723 3718 3724 3725 3702 1856 1850 1857 1858 
411 1062 1065 2 195 3668 3674 278 1805 1081 1075 3696 1082 3719 196 280 1807 3721 3703 3726 1808 
412 3668 3674 278 1805 3669 3675 279 1806 3721 3703 3699 3726 3722 1808 281 1809 3724 3704 3727 1810 
413 3669 3675 279 1806 1839 1842 25 488 3724 3704 3702 3727 3725 1810 282 1811 1858 1852 1859 489 
414 184 183 1066 1063 1745 1743 3676 3670 187 1076 1754 1083 1749 1084 3728 3705 1755 3706 3729 3730 
415 1745 1743 3676 3670 1746 1744 3677 3671 1755 3706 1756 3729 1751 3730 3731 3708 1757 3709 3732 3733 
416 1746 1744 3677 3671 477 476 1843 1840 1757 3709 1758 3732 1753 3733 3734 3711 480 1853 1860 1861 
417 1063 1066 1067 1064 3670 3676 3678 3672 1084 1078 3705 1085 3728 1086 3735 3712 3730 3713 3736 3737 
418 3670 3676 3678 3672 3671 3677 3679 3673 3730 3713 3708 3736 3731 3737 3738 3715 3733 3716 3739 3740 
419 3671 3677 3679 3673 1840 1843 1844 1841 3733 3716 3711 3739 3734 3740 3741 3718 1861 1855 1862 1863 
420 1064 1067 1068 1065 3672 3678 3680 3674 1086 1080 3712 1087 3735 1088 3742 3719 3737 3720 3743 3744 
421 3672 3678 3680 3674 3673 3679 3681 3675 3737 3720 3715 3743 3738 3744 3745 3722 3740 3723 3746 3747 
422 3673 3679 3681 3675 1841 1844 1845 1842 3740 3723 3718 3746 3741 3747 3748 3725 1863 1857 1864 1865 
423 1065 1068 70 2 3674 3680 1251 278 1088 1082 3719 1089 3742 72 1254 280 3744 3726 3749 1258 
424 3674 3680 1251 278 3675 3681 1252 279 3744 3726 3722 3749 3745 1258 1256 281 3747 3727 3750 1259 
425 3675 3681 1252 279 1842 1845 283 25 3747 3727 3725 3750 3748 1259 1257 282 1865 1859 1866 285 
426 183 18 198 1066 1743 471 1814 3676 186 1083 1749 201 473 1090 1820 3728 1750 3729 1821 3751 
427 1743 471 1814 3676 1744 472 1815 3677 1750 3729 1751 1821 474 3751 1822 3731 1752 3732 1823 3752 
428 1744 472 1815 3677 476 41 491 1843 1752 3732 1753 1823 475 3752 1824 3734 479 1860 494 1867 
429 1066 198 199 1067 3676 1814 1816 3678 1090 1085 3728 202 1820 1091 1825 3735 3751 3736 1826 3753 
430 3676 1814 1816 3678 3677 1815 1817 3679 3751 3736 3731 1826 1822 3753 1827 3738 3752 3739 1828 3754 
431 3677 1815 1817 3679 1843 491 492 1844 3752 3739 3734 1828 1824 3754 1829 3741 1867 1862 495 1868 
432 1067 199 200 1068 3678 1816 1818 3680 1091 1087 3735 203 1825 1092 1830 3742 3753 3743 1831 3755 
433 3678 1816 1818 3680 3679 1817 1819 3681 3753 3743 3738 1831 1827 3755 1832 3745 3754 3746 1833 3756 
434 3679 1817 1819 3681 1844 492 493 1845 3754 3746 3741 1833 1829 3756 1834 3748 1868 1864 496 1869 
435 1068 200 1 70 3680 1818 273 1251 1092 1089 3742 204 1830 71 275 1254 3755 3749 1835 1253 
436 3680 1818 273 1251 3681 1819 274 1252 3755 3749 3745 1835 1832 1253 276 1256 3756 3750 1836 1255 
437 3681 1819 274 1252 1845 493 24 283 3756 3750 3748 1836 1834 1255 277 1257 1869 1866 497 284 
3 9 17 36
438 1093 205 19 219 3757 1870 498 1916 1100 1099 3769 208 1877 221 500 1920 3770 3771 1876 1921 
439 3757 1870 498 1916 3758 1871 499 1917 3770 3771 3772 1876 1879 1921 501 1922 3773 3774 1878 1923 
440 3758 1871 499 1917 1932 503 42 522 3773 3774 3775 1878 1880 1923 502 1924 1939 1938 506 524 
441 1094 1093 219 220 3759 3757 1916 1918 1102 1101 3776 1099 3769 222 1920 1925 3777 3778 3771 1926 
442 3759 3757 1916 1918 3760 3758 1917 1919 3777 3778 3779 3771 3772 1926 1922 1927 3780 3781 3774 1928 
443 3760 3758 1917 1919 1933 1932 522 523 3780 3781 3782 3774 3775 1928 1924 1929 1941 1940 1938 525 
444 212 1094 220 20 1893 3759 1918 510 1103 215 1899 1101 3776 223 1925 512 3783 1900 3778 1930 
445 1893 3759 1918 510 1894 3760 1919 511 3783 1900 1901 3778 3779 1930 1927 513 3784 1902 3781 1931 
446 1894 3760 1919 511 515 1933 523 43 3784 1902 1903 3781 3782 1931 1929 514 1942 518 1940 526 
447 1095 206 205 1093 3761 1872 1870 3757 1105 1104 3785 209 1882 1100 1877 3769 3786 3787 1881 3770 
448 3761 1872 1870 3757 3762 1873 1871 3758 3786 3787 3788 1881 1884 3770 1879 3772 3789 3790 1883 3773 
449 3762 1873 1871 3758 1934 504 503 1932 3789 3790 3791 1883 1885 3773 1880 3775 1944 1943 507 1939 
450 1096 1095 1093 1094 3763 3761 3757 3759 1107 1106 3792 1104 3785 1102 3769 3776 3793 3794 3787 3777 
451 3763 3761 3757 3759 3764 3762 3758 3760 3793 3794 3795 3787 3788 3777 3772 3779 3796 3797 3790 3780 
452 3764 3762 3758 3760 1935 1934 1932 1933 3796 3797 3798 3790 3791 3780 3775 3782 1946 1945 1943 1941 
453 213 1096 1094 212 1895 3763 3759 1893 1108 216 1904 1106 3792 1103 3776 1899 3799 1905 3794 3783 
454 1895 3763 3759 1893 1896 3764 3760 1894 3799 1905 1906 3794 3795 3783 3779 1901 3800 1907 3797 3784 
455 1896 3764 3760 1894 516 1935 1933 515 3800 1907 1908 3797 3798 3784 3782 1903 1947 519 1945 1942 
456 1097 207 206 1095 3765 1874 1872 3761 1110 1109 3801 210 1887 1105 1882 3785 3802 3803 1886 3786 
457 3765 1874 1872 3761 3766 1875 1873 3762 3802 3803 3804 1886 1889 3786 1884 3788 3805 3806 1888 3789 
458 3766 1875 1873 3762 1936 505 504 1934 3805 3806 3807 1888 1890 3789 1885 3791 1949 1948 508 1944 
459 1098 1097 1095 1096 3767 3765 3761 3763 1112 1111 3808 1109 3801 1107 3785 3792 3809 3810 3803 3793 
460 3767 3765 3761 3763 3768 3766 3762 3764 3809 3810 3811 3803 3804 3793 3788 3795 3812 3813 3806 3796 
461 3768 3766 3762 3764 1937 1936 1934 1935 3812 3813 3814 3806 3807 3796 3791 3798 1951 1950 1948 1946 
462 214 1098 1096 213 1897 3767 3763 1895 1113 217 1909 1111 3808 1108 3792 1904 3815 1910 3810 3799 
463 1897 3767 3763 1895 1898 3768 3764 1896 3815 1910 1911 3810 3811 3799 3795 1906 3816 1912 3813 3800 
464 1898 3768 3764 1896 517 1937 1935 516 3816 1912 1913 3813 3814 3800 3798 1908 1952 520 1950 1947 
465 171 17 207 1097 1681 454 1874 3765 173 1114 1685 211 456 1110 1887 3801 1686 3817 1891 3802 
466 1681 454 1874 3765 1682 455 1875 3766 1686 3817 1687 1891 457 3802 1889 3804 1688 3818 1892 3805 
467 1682 455 1875 3766 459 40 505 1936 1688 3818 1689 1892 458 3805 1890 3807 461 1953 509 1949 
468 172 171 1097 1098 1683 1681 3765 3767 174 1115 1690 1114 1685 1112 3801 3808 1691 3819 3817 3809 
469 1683 1681 3765 3767 1684 1682 3766 3768 1691 3819 1692 3817 1687 3809 3804 3811 1693 3820 3818 3812 
470 1684 1682 3766 3768 460 459 1936 1937 1693 3820 1694 3818 1689 3812 3807 3814 462 1954 1953 1951 
471 16 172 1098 214 442 1683 3767 1897 175 218 444 1115 1690 1113 3808 1909 1695 1914 3819 3815 
472 442 1683 3767 1897 443 1684 3768 1898 1695 1914 445 3819 1692 3815 3811 1911 1696 1915 3820 3816 
473 443 1684 3768 1898 39 460 1937 517 1696 1915 446 3820 1694 3816 3814 1913 463 521 1954 1952 
3 10 17 36
474 1116 212 20 231 3821 1893 510 1978 1123 1122 3833 215 1899 233 512 1982 3834 3835 1900 1983 
475 3821 1893 510 1978 3822 1894 511 1979 3834 3835 3836 1900 1901 1983 513 1984 3837 3838 1902 1985 
476 3822 1894 511 1979 1994 515 43 539 3837 3838 3839 1902 1903 1985 514 1986 2001 2000 518 541 
477 1117 1116 231 232 3823 3821 1978 1980 1125 1124 3840 1122 3833 234 1982 1987 3841 3842 3835 1988 
478 3823 3821 1978 1980 3824 3822 1979 1981 3841 3842 3843 3835 3836 1988 1984 1989 3844 3845 3838 1990 
479 3824 3822 1979 1981 1995 1994 539 540 3844 3845 3846 3838 3839 1990 1986 1991 2003 2002 2000 542 
480 224 1117 232 21 1955 3823 1980 527 1126 227 1961 1124 3840 235 1987 529 3847 1962 3842 1992 
481 1955 3823 1980 527 1956 3824 1981 528 3847 1962 1963 3842 3843 1992 1989 530 3848 1964 3845 1993 
482 1956 3824 1981 528 532 1995 540 44 3848 1964 1965 3845 3846 1993 1991 531 2004 535 2002 543 
483 1118 213 212 1116 3825 1895 1893 3821 1128 1127 3849 216 1904 1123 1899 3833 3850 3851 1905 3834 
484 3825 1895 1893 3821 3826 1896 1894 3822 3850 3851 3852 1905 1906 3834 1901 3836 3853 3854 1907 3837 
485 3826 1896 1894 3822 1996 516 515 1994 3853 3854 3855 1907 1908 3837 1903 3839 2006 2005 519 2001 
486 1119 1118 1116 1117 3827 3825 3821 3823 1130 1129 3856 1127 3849 1125 3833 3840 3857 3858 3851 3841 
487 3827 3825 3821 3823 3828 3826 3822 3824 3857 3858 3859 3851 3852 3841 3836 3843 3860 3861 3854 3844 
488 3828 3826 3822 3824 1997 1996 1994 1995 3860 3861 3862 3854 3855 3844 3839 3846 2008 2007 2005 2003 
489 225 1119 1117 224 1957 3827 3823 1955 1131 228 1966 1129 3856 1126 3840 1961 3863 1967 3858 3847 
490 1957 3827 3823 1955 1958 3828 3824 1956 3863 1967 1968 3858 3859 3847 3843 1963 3864 1969 3861 3848 
491 1958 3828 3824 1956 533 1997 1995 532 3864 1969 1970 3861 3862 3848 3846 1965 2009 536 2007 2004 
492 1120 214 213 1118 3829 1897 1895 3825 1133 1132 3865 217 1909 1128 1904 3849 3866 3867 1910 3850 
493 3829 1897 1895 3825 3830 1898 1896 3826 3866 3867 3868 1910 1911 3850 1906 3852 3869 3870 1912 3853 
494 3830 1898 1896 3826 1998 517 516 1996 3869 3870 3871 1912 1913 3853 1908 3855 2011 2010 520 2006 
495 1121 1120 1118 1119 3831 3829 3825 3827 1135 1134 3872 1132 3865 1130 3849 3856 3873 3874 3867 3857 
496 3831 3829 3825 3827 3832 3830 3826 3828 3873 3874 3875 3867 3868 3857 3852 3859 3876 3877 3870 3860 
497 3832 3830 3826 3828 1999 1998 1996 1997 3876 3877 3878 3870 3871 3860 3855 3862 2013 2012 2010 2008 
498 226 1121 1119 225 1959 3831 3827 1957 1136 229 1971 1134 3872 1131 3856 1966 3879 1972 3874 3863 
499 1959 3831 3827 1957 1960 3832 3828 1958 3879 1972 1973 3874 3875 3863 3859 1968 3880 1974 3877 3864 
500 1960 3832 3828 1958 534 1999 1997 533 3880 1974 1975 3877 3878 3864 3862 1970 2014 537 2012 2009 
501 190 16 214 1120 1766 442 1897 3829 192 1137 1770 218 444 1133 1909 3865 1771 3881 1914 3866 
502 1766 442 1897 3829 1767 443 1898 3830 1771 3881 1772 1914 445 3866 1911 3868 1773 3882 1915 3869 
503 1767 443 1898 3830 483 39 517 1998 1773 3882 1774 1915 446 3869 1913 3871 485 2015 521 2011 
504 191 190 1120 1121 1768 1766 3829 3831 193 1138 1775 1137 1770 1135 3865 3872 1776 3883 3881 3873 
505 1768 1766 3829 3831 1769 1767 3830 3832 1776 3883 1777 3881 1772 3873 3868 3875 1778 3884 3882 3876 
506 1769 1767 3830 3832 484 483 1998 1999 1778 3884 1779 3882 1774 3876 3871 3878 486 2016 2015 2013 
507 18 191 1121 226 471 1768 3831 1959 194 230 473 1138 1775 1136 3872 1971 1780 1976 3883 3879 
508 471 1768 3831 1959 472 1769 3832 1960 1780 1976 474 3883 1777 3879 3875 1973 1781 1977 3884 3880 
509 472 1769 3832 1960 41 484 1999 534 1781 1977 475 3884 1779 3880 3878 1975 487 538 2016 2014 
3 11 17 48
510 1139 198 18 226 3885 1814 471 1959 1149 1148 3903 201 1820 230 473 1971 3904 3905 1821 1976 
511 3885 1814 471 1959 3886 1815 472 1960 3904 3905 3906 1821 1822 1976 474 1973 3907 3908 1823 1977 
512 3886 1815 472 1960 2049 491 41 534 3907 3908 3909 1823 1824 1977 475 1975 2059 2058 494 538 
513 1140 1139 226 225 3887 3885 1959 1957 1151 1150 3910 1148 3903 229 1971 1966 3911 3912 3905 1972 
514 3887 3885 1959 1957 3888 3886 1960 1958 3911 3912 3913 3905 3906 1972 1973 1968 3914 3915 3908 1974 
515 3888 3886 1960 1958 2050 2049 534 533 3914 3915 3916 3908 3909 1974 1975 1970 2061 2060 2058 537 
516 1141 1140 225 224 3889 3887 1957 1955 1153 1152 3917 1150 3910 228 1966 1961 3918 3919 3912 1967 
517 3889 3887 1957 1955 3890 3888 1958 1956 3918 3919 3920 3912 3913 1967 1968 1963 3921 3922 3915 1969 
518 3890 3888 1958 1956 2051 2050 533 532 3921 3922 3923 3915 3916 1969 1970 1965 2063 2062 2060 536 
519 239 1141 224 21 2026 3889 1955 527 1154 242 2032 1152 3917 227 1961 529 3924 2033 3919 1962 
520 2026 3889 1955 527 2027 3890 1956 528 3924 2033 2034 3919 3920 1962 1963 530 3925 2035 3922 1964 
521 2027 3890 1956 528 552 2051 532 44 3925 2035 2036 3922 3923 1964 1965 531 2064 555 2062 535 
522 1142 199 198 1139 3891 1816 1814 3885 1156 1155 3926 202 1825 1149 1820 3903 3927 3928 1826 3904 
523 3891 1816 1814 3885 3892 1817 1815 3886 3927 3928 3929 1826 1827 3904 1822 3906 3930 3931 1828 3907 
524 3892 1817 1815 3886 2052 492 491 2049 3930 3931 3932 1828 1829 3907 1824 3909 2066 2065 495 2059 
525 1143 1142 1139 1140 3893 3891 3885 3887 1158 1157 3933 1155 3926 1151 3903 3910 3934 3935 3928 3911 
526 3893 3891 3885 3887 3894 3892 3886 3888 3934 3935 3936 3928 3929 3911 3906 3913 3937 3938 3931 3914 
527 3894 3892 3886 3888 2053 2052 2049 2050 3937 3938 3939 3931 3932 3914 3909 3916 2068 2067 2065 2061 
528 1144 1143 1140 1141 3895 3893 3887 3889 1160 1159 3940 1157 3933 1153 3910 3917 3941 3942 3935 3918 
529 3895 3893 3887 3889 3896 3894 3888 3890 3941 3942 3943 3935 3936 3918 3913 3920 3944 3945 3938 3921 
530 3896 3894 3888 3890 2054 2053 2050 2051 3944 3945 3946 3938 3939 3921 3916 3923 2070 2069 2067 2063 
531 240 1144 1141 239 2028 3895 3889 2026 1161 243 2037 1159 3940 1154 3917 2032 3947 2038 3942 3924 
532 2028 3895 3889 2026 2029 3896 3890 2027 3947 2038 2039 3942 3943 3924 3920 2034 3948 2040 3945 3925 
533 2029 3896 3890 2027 553 2054 2051 552 3948 2040 2041 3945 3946 3925 3923 2036 2071 556 2069 2064 
534 1145 200 199 1142 3897 1818 1816 3891 1163 1162 3949 203 1830 1156 1825 3926 3950 3951 1831 3927 
535 3897 1818 1816 3891 3898 1819 1817 3892 3950 3951 3952 1831 1832 3927 1827 3929 3953 3954 1833 3930 
536 3898 1819 1817 3892 2055 493 492 2052 3953 3954 3955 1833 1834 3930 1829 3932 2073 2072 496 2066 
537 1146 1145 1142 1143 3899 3897 3891 3893 1165 1164 3956 1162 3949 1158 3926 3933 3957 3958 3951 3934 
538 3899 3897 3891 3893 3900 3898 3892 3894 3957 3958 3959 3951 3952 3934 3929 3936 3960 3961 3954 3937 
539 3900 3898 3892 3894 2056 2055 2052 2053 3960 3961 3962 3954 3955 3937 3932 3939 2075 2074 2072 2068 
540 1147 1146 1143 1144 3901 3899 3893 3895 1167 1166 3963 1164 3956 1160 3933 3940 3964 3965 3958 3941 
541 3901 3899 3893 3895 3902 3900 3894 3896 3964 3965 3966 3958 3959 3941 3936 3943 3967 3968 3961 3944 
542 3902 3900 3894 3896 2057 2056 2053 2054 3967 3968 3969 3961 3962 3944 3939 3946 2077 2076 2074 2070 
543 241 1147 1144 240 2030 3901 3895 2028 1168 244 2042 1166 3963 1161 3940 2037 3970 2043 3965 3947 
544 2030 3901 3895 2028 2031 3902 3896 2029 3970 2043 2044 3965 3966 3947 3943 2039 3971 2045 3968 3948 
545 2031 3902 3896 2029 554 2057 2054 553 3971 2045 2046 3968 3969 3948 3946 2041 2078 557 2076 2071 
546 73 1 200 1145 1328 273 1818 3897 75 1169 1331 204 275 1163 1830 3949 1335 3972 1835 3950 
547 1328 273 1818 3897 1329 274 1819 3898 1335 3972 1333 1835 276 3950 1832 3952 1336 3973 1836 3953 
548 1329 274 1819 3898 318 24 493 2055 1336 3973 1334 1836 277 3953 1834 3955 320 2079 497 2073 
549 3 73 1145 1146 313 1328 3897 3899 74 1170 315 1169 1331 1165 3949 3956 1330 3974 3972 3957 
550 313 1328 3897 3899 314 1329 3898 3900 1330 3974 316 3972 1333 3957 3952 3959 1332 3975 3973 3960 
551 314 1329 3898 3900 28 318 2055 2056 1332 3975 317 3973 1334 3960 3955 3962 319 2080 2079 2075 
552 236 3 1146 1147 2017 313 3899 3901 238 1171 2019 1170 315 1167 3956 3963 2024 3976 3974 3964 
553 2017 313 3899 3901 2018 314 3900 3902 2024 3976 2021 3974 316 3964 3959 3966 2025 3977 3975 3967 
554 2018 314 3900 3902 549 28 2056 2057 2025 3977 2023 3975 317 3967 3962 3969 551 2081 2080 2077 
555 22 236 1147 241 544 2017 3901 2030 237 245 546 1171 2019 1168 3963 2042 2020 2047 3976 3970 
556 544 2017 3901 2030 545 2018 3902 2031 2020 2047 547 3976 2021 3970 3966 2044 2022 2048 3977 3971 
557 545 2018 3902 2031 45 549 2057 554 2022 2048 548 3977 2023 3971 3969 2046 550 558 2081 2078 
3 12 17 48
558 1172 239 21 248 3978 2026 527 2086 1182 1181 3996 242 2032 252 529 2099 3997 3998 2033 2103 
559 3978 2026 527 2086 3979 2027 528 2087 3997 3998 3999 2033 2034 2103 530 2101 4000 4001 2035 2104 
560 3979 2027 528 2087 2123 552 44 561 4000 4001 4002 2035 2036 2104 531 2102 2133 2132 555 565 
561 1173 1172 248 247 3980 3978 2086 2084 1184 1183 4003 1181 3996 251 2099 2094 4004 4005 3998 2098 
562 3980 3978 2086 2084 3981 3979 2087 2085 4004 4005 4006 3998 3999 2098 2101 2096 4007 4008 4001 2100 
563 3981 3979 2087 2085 2124 2123 561 560 4007 4008 4009 4001 4002 2100 2102 2097 2135 2134 2132 564 
564 1174 1173 247 246 3982 3980 2084 2082 1186 1185 4010 1183 4003 250 2094 2089 4011 4012 4005 2093 
565 3982 3980 2084 2082 3983 3981 2085 2083 4011 4012 4013 4005 4006 2093 2096 2091 4014 4015 4008 2095 
566 3983 3981 2085 2083 2125 2124 560 559 4014 4015 4016 4008 4009 2095 2097 2092 2137 2136 2134 563 
567 122 1174 246 10 1441 3982 2082 361 1187 126 1453 1185 4010 249 2089 363 4017 1458 4012 2088 
568 1441 3982 2082 361 1442 3983 2083 362 4017 1458 1455 4012 4013 2088 2091 364 4018 1459 4015 2090 
569 1442 3983 2083 362 380 2125 559 33 4018 1459 1457 4015 4016 2090 2092 365 2138 384 2136 562 
570 1175 240 239 1172 3984 2028 2026 3978 1189 1188 4019 243 2037 1182 2032 3996 4020 4021 2038 3997 
571 3984 2028 2026 3978 3985 2029 2027 3979 4020 4021 4022 2038 2039 3997 2034 3999 4023 4024 2040 4000 
572 3985 2029 2027 3979 2126 553 552 2123 4023 4024 4025 2040 2041 4000 2036 4002 2140 2139 556 2133 
573 1176 1175 1172 1173 3986 3984 3978 3980 1191 1190 4026 1188 4019 1184 3996 4003 4027 4028 4021 4004 
574 3986 3984 3978 3980 3987 3985 3979 3981 4027 4028 4029 4021 4022 4004 3999 4006 4030 4031 4024 4007 
575 3987 3985 3979 3981 2127 2126 2123 2124 4030 4031 4032 4024 4025 4007 4002 4009 2142 2141 2139 2135 
576 1177 1176 1173 1174 3988 3986 3980 3982 1193 1192 4033 1190 4026 1186 4003 4010 4034 4035 4028 4011 
577 3988 3986 3980 3982 3989 3987 3981 3983 4034 4035 4036 4028 4029 4011 4006 4013 4037 4038 4031 4014 
578 3989 3987 3981 3983 2128 2127 2124 2125 4037 4038 4039 4031 4032 4014 4009 4016 2144 2143 2141 2137 
579 121 1177 1174 122 1439 3988 3982 1441 1194 125 1448 1192 4033 1187 4010 1453 4040 1454 4035 4017 
580 1439 3988 3982 1441 1440 3989 3983 1442 4040 1454 1450 4035 4036 4017 4013 1455 4041 1456 4038 4018 
581 1440 3989 3983 1442 379 2128 2125 380 4041 1456 1452 4038 4039 4018 4016 1457 2145 383 2143 2138 
582 1178 241 240 1175 3990 2030 2028 3984 1196 1195 4042 244 2042 1189 2037 4019 4043 4044 2043 4020 
583 3990 2030 2028 3984 3991 2031 2029 3985 4043 4044 4045 2043 2044 4020 2039 4022 4046 4047 2045 4023 
584 3991 2031 2029 3985 2129 554 553 2126 4046 4047 4048 2045 2046 4023 2041 4025 2147 2146 557 2140 
585 1179 1178 1175 1176 3992 3990 3984 3986 1198 1197 4049 1195 4042 1191 4019 4026 4050 4051 4044 4027 
586 3992 3990 3984 3986 3993 3991 3985 3987 4050 4051 4052 4044 4045 4027 4022 4029 4053 4054 4047 4030 
587 3993 3991 3985 3987 2130 2129 2126 2127 4053 4054 4055 4047 4048 4030 4025 4032 2149 2148 2146 2142 
588 1180 1179 1176 1177 3994 3992 3986 3988 1200 1199 4056 1197 4049 1193 4026 4033 4057 4058 4051 4034 
589 3994 3992 3986 3988 3995 3993 3987 3989 4057 4058 4059 4051 4052 4034 4029 4036 4060 4061 4054 4037 
590 3995 3993 3987 3989 2131 2130 2127 2128 4060 4061 4062 4054 4055 4037 4032 4039 2151 2150 2148 2144 
591 120 1180 1177 121 1437 3994 3988 1439 1201 124 1443 1199 4056 1194 4033 1448 4063 1449 4058 4040 
592 1437 3994 3988 1439 1438 3995 3989 1440 4063 1449 1445 4058 4059 4040 4036 1450 4064 1451 4061 4041 
593 1438 3995 3989 1440 378 2131 2128 379 4064 1451 1447 4061 4062 4041 4039 1452 2152 382 2150 2145 
594 253 22 241 1178 2105 544 2030 3990 255 1202 2107 245 546 1196 2042 4042 2112 4065 2047 4043 
595 2105 544 2030 3990 2106 545 2031 3991 2112 4065 2109 2047 547 4043 2044 4045 2113 4066 2048 4046 
596 2106 545 2031 3991 571 45 554 2129 2113 4066 2111 2048 548 4046 2046 4048 573 2153 558 2147 
597 23 253 1178 1179 566 2105 3990 3992 254 1203 568 1202 2107 1198 4042 4049 2108 4067 4065 4050 
598 566 2105 3990 3992 567 2106 3991 3993 2108 4067 569 4065 2109 4050 4045 4052 2110 4068 4066 4053 
599 567 2106 3991 3993 46 571 2129 2130 2110 4068 570 4066 2111 4053 4048 4055 572 2154 2153 2149 
600 256 23 1179 1180 2114 566 3992 3994 258 1204 2116 1203 568 1200 4049 4056 2121 4069 4067 4057 
601 2114 566 3992 3994 2115 567 3993 3995 2121 4069 2118 4067 569 4057 4052 4059 2122 4070 4068 4060 
602 2115 567 3993 3995 574 46 2130 2131 2122 4070 2120 4068 570 4060 4055 4062 576 2155 2154 2151 
603 11 256 1180 120 373 2114 3994 1437 257 123 375 1204 2116 1201 4056 1443 2117 1444 4069 4063 
604 373 2114 3994 1437 374 2115 3995 1438 2117 1444 376 4069 2118 4063 4059 1445 2119 1446 4070 4064 
605 374 2115 3995 1438 34 574 2131 378 2119 1446 377 4070 2120 4064 4062 1447 575 381 2155 2152 
3 13 17 36
606 1205 142 10 246 4071 1541 361 2082 1212 1211 4083 144 1545 249 363 2089 4084 4085 1546 2088 
607 4071 1541 361 2082 4072 1542 362 2083 4084 4085 4086 1546 1547 2088 364 2091 4087 4088 1548 2090 
608 4072 1542 362 2083 2179 410 33 559 4087 4088 4089 1548 1549 2090 365 2092 2186 2185 412 562 
609 1206 1205 246 247 4073 4071 2082 2084 1214 1213 4090 1211 4083 250 2089 2094 4091 4092 4085 2093 
610 4073 4071 2082 2084 4074 4072 2083 2085 4091 4092 4093 4085 4086 2093 2091 2096 4094 4095 4088 2095 
611 4074 4072 2083 2085 2180 2179 559 560 4094 4095 4096 4088 4089 2095 2092 2097 2188 2187 2185 563 
612 1207 1206 247 248 4075 4073 2084 2086 1216 1215 4097 1213 4090 251 2094 2099 4098 4099 4092 2098 
613 4075 4073 2084 2086 4076 4074 2085 2087 4098 4099 4100 4092 4093 2098 2096 2101 4101 4102 4095 2100 
614 4076 4074 2085 2087 2181 2180 560 561 4101 4102 4103 4095 4096 2100 2097 2102 2190 2189 2187 564 
615 232 1207 248 21 1980 4075 2086 527 1217 235 1987 1215 4097 252 2099 529 4104 1992 4099 2103 
616 1980 4075 2086 527 1981 4076 2087 528 4104 1992 1989 4099 4100 2103 2101 530 4105 1993 4102 2104 
617 1981 4076 2087 528 540 2181 561 44 4105 1993 1991 4102 4103 2104 2102 531 2191 543 2189 565 
618 1208 143 142 1205 4077 1543 1541 4071 1219 1218 4106 145 1550 1212 1545 4083 4107 4108 1551 4084 
619 4077 1543 1541 4071 4078 1544 1542 4072 4107 4108 4109 1551 1552 4084 1547 4086 4110 4111 1553 4087 
620 4078 1544 1542 4072 2182 411 410 2179 4110 4111 4112 1553 1554 4087 1549 4089 2193 2192 413 2186 
621 1209 1208 1205 1206 4079 4077 4071 4073 1221 1220 4113 1218 4106 1214 4083 4090 4114 4115 4108 4091 
622 4079 4077 4071 4073 4080 4078 4072 4074 4114 4115 4116 4108 4109 4091 4086 4093 4117 4118 4111 4094 
623 4080 4078 4072 4074 2183 2182 2179 2180 4117 4118 4119 4111 4112 4094 4089 4096 2195 2194 2192 2188 
624 1210 1209 1206 1207 4081 4079 4073 4075 1223 1222 4120 1220 4113 1216 4090 4097 4121 4122 4115 4098 
625 4081 4079 4073 4075 4082 4080 4074 4076 4121 4122 4123 4115 4116 4098 4093 4100 4124 4125 4118 4101 
626 4082 4080 4074 4076 2184 2183 2180 2181 4124 4125 4126 4118 4119 4101 4096 4103 2197 2196 2194 2190 
627 231 1210 1207 232 1978 4081 4075 1980 1224 234 1982 1222 4120 1217 4097 1987 4127 1988 4122 4104 
628 1978 4081 4075 1980 1979 4082 4076 1981 4127 1988 1984 4122 4123 4104 4100 1989 4128 1990 4125 4105 
629 1979 4082 4076 1981 539 2184 2181 540 4128 1990 1986 4125 4126 4105 4103 1991 2198 542 2196 2191 
630 259 13 143 1208 2156 398 1543 4077 262 1225 2163 146 400 1219 1550 4106 2162 4129 1555 4107 
631 2156 398 1543 4077 2157 399 1544 4078 2162 4129 2165 1555 401 4107 1552 4109 2164 4130 1556 4110 
632 2157 399 1544 4078 577 36 411 2182 2164 4130 2166 1556 402 4110 1554 4112 580 2199 414 2193 
633 260 259 1208 1209 2158 2156 4077 4079 263 1226 2168 1225 2163 1221 4106 4113 2167 4131 4129 4114 
634 2158 2156 4077 4079 2159 2157 4078 4080 2167 4131 2170 4129 2165 4114 4109 4116 2169 4132 4130 4117 
635 2159 2157 4078 4080 578 577 2182 2183 2169 4132 2171 4130 2166 4117 4112 4119 581 2200 2199 2195 
636 261 260 1209 1210 2160 2158 4079 4081 264 1227 2173 1226 2168 1223 4113 4120 2172 4133 4131 4121 
637 2160 2158 4079 4081 2161 2159 4080 4082 2172 4133 2175 4131 2170 4121 4116 4123 2174 4134 4132 4124 
638 2161 2159 4080 4082 579 578 2183 2184 2174 4134 2176 4132 2171 4124 4119 4126 582 2201 2200 2197 
639 20 261 1210 231 510 2160 4081 1978 265 233 512 1227 2173 1224 4120 1982 2177 1983 4133 4127 
640 510 2160 4081 1978 511 2161 4082 1979 2177 1983 513 4133 2175 4127 4123 1984 2178 1985 4134 4128 
641 511 2161 4082 1979 43 579 2184 539 2178 1985 514 4134 2176 4128 4126 1986 583 541 2201 2198 
3 14 17 36
642 1228 159 13 259 4135 1619 398 2156 1235 1234 4147 161 1623 262 400 2163 4148 4149 1624 2162 
643 4135 1619 398 2156 4136 1620 399 2157 4148 4149 4150 1624 1625 2162 401 2165 4151 4152 1626 2164 
644 4136 1620 399 2157 2225 437 36 577 4151 4152 4153 1626 1627 2164 402 2166 2232 2231 439 580 
645 1229 1228 259 260 4137 4135 2156 2158 1237 1236 4154 1234 4147 263 2163 2168 4155 4156 4149 2167 
646 4137 4135 2156 2158 4138 4136 2157 2159 4155 4156 4157 4149 4150 2167 2165 2170 4158 4159 4152 2169 
647 4138 4136 2157 2159 2226 2225 577 578 4158 4159 4160 4152 4153 2169 2166 2171 2234 2233 2231 581 
648 1230 1229 260 261 4139 4137 2158 2160 1239 1238 4161 1236 4154 264 2168 2173 4162 4163 4156 2172 
649 4139 4137 2158 2160 4140 4138 2159 2161 4162 4163 4164 4156 4157 2172 2170 2175 4165 4166 4159 2174 
650 4140 4138 2159 2161 2227 2226 578 579 4165 4166 4167 4159 4160 2174 2171 2176 2236 2235 2233 582 
651 220 1230 261 20 1918 4139 2160 510 1240 223 1925 1238 4161 265 2173 512 4168 1930 4163 2177 
652 1918 4139 2160 510 1919 4140 2161 511 4168 1930 1927 4163 4164 2177 2175 513 4169 1931 4166 2178 
653 1919 4140 2161 511 523 2227 579 43 4169 1931 1929 4166 4167 2178 2176 514 2237 526 2235 583 
654 1231 160 159 1228 4141 1621 1619 4135 1242 1241 4170 162 1628 1235 1623 4147 4171 4172 1629 4148 
655 4141 1621 1619 4135 4142 1622 1620 4136 4171 4172 4173 1629 1630 4148 1625 4150 4174 4175 1631 4151 
656 4142 1622 1620 4136 2228 438 437 2225 4174 4175 4176 1631 1632 4151 1627 4153 2239 2238 440 2232 
657 1232 1231 1228 1229 4143 4141 4135 4137 1244 1243 4177 1241 4170 1237 4147 4154 4178 4179 4172 4155 
658 4143 4141 4135 4137 4144 4142 4136 4138 4178 4179 4180 4172 4173 4155 4150 4157 4181 4182 4175 4158 
659 4144 4142 4136 4138 2229 2228 2225 2226 4181 4182 4183 4175 4176 4158 4153 4160 2241 2240 2238 2234 
660 1233 1232 1229 1230 4145 4143 4137 4139 1246 1245 4184 1243 4177 1239 4154 4161 4185 4186 4179 4162 
661 4145 4143 4137 4139 4146 4144 4138 4140 4185 4186 4187 4179 4180 4162 4157 4164 4188 4189 4182 4165 
662 4146 4144 4138 4140 2230 2229 2226 2227 4188 4189 4190 4182 4183 4165 4160 4167 2243 2242 2240 2236 
663 219 1233 1230 220 1916 4145 4139 1918 1247 222 1920 1245 4184 1240 4161 1925 4191 1926 4186 4168 
664 1916 4145 4139 1918 1917 4146 4140 1919 4191 1926 1922 4186 4187 4168 4164 1927 4192 1928 4189 4169 
665 1917 4146 4140 1919 522 2230 2227 523 4192 1928 1924 4189 4190 4169 4167 1929 2244 525 2242 2237 
666 266 15 160 1231 2202 425 1621 4141 269 1248 2209 163 427 1242 1628 4170 2208 4193 1633 4171 
667 2202 425 1621 4141 2203 426 1622 4142 2208 4193 2211 1633 428 4171 1630 4173 2210 4194 1634 4174 
668 2203 426 1622 4142 584 38 438 2228 2210 4194 2212 1634 429 4174 1632 4176 587 2245 441 2239 
669 267 266 1231 1232 2204 2202 4141 4143 270 1249 2214 1248 2209 1244 4170 4177 2213 4195 4193 4178 
670 2204 2202 4141 4143 2205 2203 4142 4144 2213 4195 2216 4193 2211 4178 4173 4180 2215 4196 4194 4181 
671 2205 2203 4142 4144 585 584 2228 2229 2215 4196 2217 4194 2212 4181 4176 4183 588 2246 2245 2241 
672 268 267 1232 1233 2206 2204 4143 4145 271 1250 2219 1249 2214 1246 4177 4184 2218 4197 4195 4185 
673 2206 2204 4143 4145 2207 2205 4144 4146 2218 4197 2221 4195 2216 4185 4180 4187 2220 4198 4196 4188 
674 2207 2205 4144 4146 586 585 2229 2230 2220 4198 2222 4196 2217 4188 4183 4190 589 2247 2246 2243 
675 19 268 1233 219 498 2206 4145 1916 272 221 500 1250 2219 1247 4184 1920 2223 1921 4197 4191 
676 498 2206 4145 1916 499 2207 4146 1917 2223 1921 501 4197 2221 4191 4187 1922 2224 1923 4198 4192 
677 499 2207 4146 1917 42 586 2230 522 2224 1923 502 4198 2222 4192 4190 1924 590 524 2247 2244 
3 15 17 24
678 1315 283 24 291 4199 2248 591 2257 1319 1318 4205 284 2251 294 593 2263 4206 4207 2250 2264 
679 4199 2248 591 2257 4200 2249 592 2258 4206 4207 4208 2250 2253 2264 594 2265 4209 4210 2252 2266 
680 4200 2249 592 2258 2312 601 47 609 4209 4210 4211 2252 2254 2266 595 2267 2316 2315 602 612 
681 1316 1315 291 292 4201 4199 2257 2259 1321 1320 4212 1318 4205 295 2263 2268 4213 4214 4207 2269 
682 4201 4199 2257 2259 4202 4200 2258 2260 4213 4214 4215 4207 4208 2269 2265 2270 4216 4217 4210 2271 
683 4202 4200 2258 2260 2313 2312 609 610 4216 4217 4218 4210 4211 2271 2267 2272 2318 2317 2315 613 
684 1317 1316 292 293 4203 4201 2259 2261 1323 1322 4219 1320 4212 296 2268 2273 4220 4221 4214 2274 
685 4203 4201 2259 2261 4204 4202 2260 2262 4220 4221 4222 4214 4215 2274 2270 2275 4223 4224 4217 2276 
686 4204 4202 2260 2262 2314 2313 610 611 4223 4224 4225 4217 4218 2276 2272 2277 2320 2319 2317 614 
687 303 1317 293 26 2280 4203 2261 604 1324 304 2282 1322 4219 297 2273 606 4226 2283 4221 2278 
688 2280 4203 2261 604 2281 4204 2262 605 4226 2283 2284 4221 4222 2278 2275 607 4227 2285 4224 2279 
689 2281 4204 2262 605 621 2314 611 49 4227 2285 2286 4224 4225 2279 2277 608 2321 622 2319 615 
690 308 25 283 1315 2293 596 2248 4199 312 1325 2305 285 598 1319 2251 4205 2310 4228 2255 4206 
691 2293 596 2248 4199 2294 597 2249 4200 2310 4228 2307 2255 599 4206 2253 4208 2311 4229 2256 4209 
692 2294 597 2249 4200 626 48 601 2312 2311 4229 2309 2256 600 4209 2254 4211 630 2322 603 2316 
693 307 308 1315 1316 2291 2293 4199 4201 311 1326 2300 1325 2305 1321 4205 4212 2306 4230 4228 4213 
694 2291 2293 4199 4201 2292 2294 4200 4202 2306 4230 2302 4228 2307 4213 4208 4215 2308 4231 4229 4216 
695 2292 2294 4200 4202 625 626 2312 2313 2308 4231 2304 4229 2309 4216 4211 4218 629 2323 2322 2318 
696 306 307 1316 1317 2289 2291 4201 4203 310 1327 2295 1326 2300 1323 4212 4219 2301 4232 4230 4220 
697 2289 2291 4201 4203 2290 2292 4202 4204 2301 4232 2297 4230 2302 4220 4215 4222 2303 4233 4231 4223 
698 2290 2292 4202 4204 624 625 2313 2314 2303 4233 2299 4231 2304 4223 4218 4225 628 2324 2323 2320 
699 27 306 1317 303 616 2289 4203 2280 309 305 618 1327 2295 1324 4219 2282 2296 2287 4232 4226 
700 616 2289 4203 2280 617 2290 4204 2281 2296 2287 619 4232 2297 4226 4222 2284 2298 2288 4233 4227 
701 617 2290 4204 2281 50 624 2314 621 2298 2288 620 4233 2299 4227 4225 2286 627 623 2324 2321 
3 16 17 24
702 1369 318 28 326 4234 2325 631 2334 1373 1372 4240 319 2328 329 633 2340 4241 4242 2327 2341 
703 4234 2325 631 2334 4235 2326 632 2335 4241 4242 4243 2327 2330 2341 634 2342 4244 4245 2329 2343 
704 4235 2326 632 2335 2366 636 51 644 4244 4245 4246 2329 2331 2343 635 2344 2370 2369 637 647 
705 1370 1369 326 327 4236 4234 2334 2336 1375 1374 4247 1372 4240 330 2340 2345 4248 4249 4242 2346 
706 4236 4234 2334 2336 4237 4235 2335 2337 4248 4249 4250 4242 4243 2346 2342 2347 4251 4252 4245 2348 
707 4237 4235 2335 2337 2367 2366 644 645 4251 4252 4253 4245 4246 2348 2344 2349 2372 2371 2369 648 
708 1371 1370 327 328 4238 4236 2336 2338 1377 1376 4254 1374 4247 331 2345 2350 4255 4256 4249 2351 
709 4238 4236 2336 2338 4239 4237 2337 2339 4255 4256 4257 4249 4250 2351 2347 2352 4258 4259 4252 2353 
710 4239 4237 2337 2339 2368 2367 645 646 4258 4259 4260 4252 4253 2353 2349 2354 2374 2373 2371 649 
711 333 1371 328 29 2357 4238 2338 639 1378 334 2359 1376 4254 332 2350 641 4261 2360 4256 2355 
712 2357 4238 2338 639 2358 4239 2339 640 4261 2360 2361 4256 4257 2355 2352 642 4262 2362 4259 2356 
713 2358 4239 2339 640 651 2368 646 52 4262 2362 2363 4259 4260 2356 2354 643 2375 652 2373 650 
714 291 24 318 1369 2257 591 2325 4234 294 1379 2263 320 593 1373 2328 4240 2264 4263 2332 4241 
715 2257 591 2325 4234 2258 592 2326 4235 2264 4263 2265 2332 594 4241 2330 4243 2266 4264 2333 4244 
716 2258 592 2326 4235 609 47 636 2366 2266 4264 2267 2333 595 4244 2331 4246 612 2376 638 2370 
717 292 291 1369 1370 2259 2257 4234 4236 295 1380 2268 1379 2263 1375 4240 4247 2269 4265 4263 4248 
718 2259 2257 4234 4236 2260 2258 4235 4237 2269 4265 2270 4263 2265 4248 4243 4250 2271 4266 4264 4251 
719 2260 2258 4235 4237 610 609 2366 2367 2271 4266 2272 4264 2267 4251 4246 4253 613 2377 2376 2372 
720 293 292 1370 1371 2261 2259 4236 4238 296 1381 2273 1380 2268 1377 4247 4254 2274 4267 4265 4255 
721 2261 2259 4236 4238 2262 2260 4237 4239 2274 4267 2275 4265 2270 4255 4250 4257 2276 4268 4266 4258 
722 2262 2260 4237 4239 611 610 2367 2368 2276 4268 2277 4266 2272 4258 4253 4260 614 2378 2377 2374 
723 26 293 1371 333 604 2261 4238 2357 297 335 606 1381 2273 1378 4254 2359 2278 2364 4267 4261 
724 604 2261 4238 2357 605 2262 4239 2358 2278 2364 607 4267 2275 4261 4257 2361 2279 2365 4268 4262 
725 605 2262 4239 2358 49 611 2368 651 2279 2365 608 4268 2277 4262 4260 2363 615 653 2378 2375 
3 17 17 48
726 1469 366 32 354 4269 2411 667 2388 1479 1478 4287 369 2418 357 669 2394 4288 4289 2417 2395 
727 4269 2411 667 2388 4270 2412 668 2389 4288 4289 4290 2417 2420 2395 670 2396 4291 4292 2419 2397 
728 4270 2412 668 2389 2466 684 55 672 4291 4292 4293 2419 2421 2397 671 2398 2476 2475 687 675 
729 1470 1469 354 355 4271 4269 2388 2390 1481 1480 4294 1478 4287 358 2394 2399 4295 4296 4289 2400 
730 4271 4269 2388 2390 4272 4270 2389 2391 4295 4296 4297 4289 4290 2400 2396 2401 4298 4299 4292 2402 
731 4272 4270 2389 2391 2467 2466 672 673 4298 4299 4300 4292 4293 2402 2398 2403 2478 2477 2475 676 
732 1471 1470 355 356 4273 4271 2390 2392 1483 1482 4301 1480 4294 359 2399 2404 4302 4303 4296 2405 
733 4273 4271 2390 2392 4274 4272 2391 2393 4302 4303 4304 4296 4297 2405 2401 2406 4305 4306 4299 2407 
734 4274 4272 2391 2393 2468 2467 673 674 4305 4306 4307 4299 4300 2407 2403 2408 2480 2479 2477 677 
735 346 1471 356 30 2379 4273 2392 654 1484 347 2381 1482 4301 360 2404 656 4308 2382 4303 2409 
736 2379 4273 2392 654 2380 4274 2393 655 4308 2382 2383 4303 4304 2409 2406 657 4309 2384 4306 2410 
737 2380 4274 2393 655 664 2468 674 53 4309 2384 2385 4306 4307 2410 2408 658 2481 665 2479 678 
738 1472 367 366 1469 4275 2413 2411 4269 1486 1485 4310 370 2423 1479 2418 4287 4311 4312 2422 4288 
739 4275 2413 2411 4269 4276 2414 2412 4270 4311 4312 4313 2422 2425 4288 2420 4290 4314 4315 2424 4291 
740 4276 2414 2412 4270 2469 685 684 2466 4314 4315 4316 2424 2426 4291 2421 4293 2483 2482 688 2476 
741 1473 1472 1469 1470 4277 4275 4269 4271 1488 1487 4317 1485 4310 1481 4287 4294 4318 4319 4312 4295 
742 4277 4275 4269 4271 4278 4276 4270 4272 4318 4319 4320 4312 4313 4295 4290 4297 4321 4322 4315 4298 
743 4278 4276 4270 4272 2470 2469 2466 2467 4321 4322 4323 4315 4316 4298 4293 4300 2485 2484 2482 2478 
744 1474 1473 1470 1471 4279 4277 4271 4273 1490 1489 4324 1487 4317 1483 4294 4301 4325 4326 4319 4302 
745 4279 4277 4271 4273 4280 4278 4272 4274 4325 4326 4327 4319 4320 4302 4297 4304 4328 4329 4322 4305 
746 4280 4278 4272 4274 2471 2470 2467 2468 4328 4329 4330 4322 4323 4305 4300 4307 2487 2486 2484 2480 
747 31 1474 1471 346 659 4279 4273 2379 1491 348 661 1489 4324 1484 4301 2381 4331 2386 4326 4308 
748 659 4279 4273 2379 660 4280 4274 2380 4331 2386 662 4326 4327 4308 4304 2383 4332 2387 4329 4309 
749 660 4280 4274 2380 54 2471 2468 664 4332 2387 663 4329 4330 4309 4307 2385 2488 666 2486 2481 
750 1475 368 367 1472 4281 2415 2413 4275 1493 1492 4333 371 2428 1486 2423 4310 4334 4335 2427 4311 
751 4281 2415 2413 4275 4282 2416 2414 4276 4334 4335 4336 2427 2430 4311 2425 4313 4337 4338 2429 4314 
752 4282 2416 2414 4276 2472 686 685 2469 4337 4338 4339 2429 2431 4314 2426 4316 2490 2489 689 2483 
753 1476 1475 1472 1473 4283 4281 4275 4277 1495 1494 4340 1492 4333 1488 4310 4317 4341 4342 4335 4318 
754 4283 4281 4275 4277 4284 4282 4276 4278 4341 4342 4343 4335 4336 4318 4313 4320 4344 4345 4338 4321 
755 4284 4282 4276 4278 2473 2472 2469 2470 4344 4345 4346 4338 4339 4321 4316 4323 2492 2491 2489 2485 
756 1477 1476 1473 1474 4285 4283 4277 4279 1497 1496 4347 1494 4340 1490 4317 4324 4348 4349 4342 4325 
757 4285 4283 4277 4279 4286 4284 4278 4280 4348 4349 4350 4342 4343 4325 4320 4327 4351 4352 4345 4328 
758 4286 4284 4278 4280 2474 2473 2470 2471 4351 4352 4353 4345 4346 4328 4323 4330 2494 2493 2491 2487 
759 385 1477 1474 31 2457 4285 4279 659 1498 386 2459 1496 4347 1491 4324 661 4354 2460 4349 4331 
760 2457 4285 4279 659 2458 4286 4280 660 4354 2460 2461 4349 4350 4331 4327 662 4355 2462 4352 4332 
761 2458 4286 4280 660 703 2474 2471 54 4355 2462 2463 4352 4353 4332 4330 663 2495 704 2493 2488 
762 380 33 368 1475 2438 679 2415 4281 384 1499 2450 372 681 1493 2428 4333 2455 4356 2432 4334 
763 2438 679 2415 4281 2439 680 2416 4282 2455 4356 2452 2432 682 4334 2430 4336 2456 4357 2433 4337 
764 2439 680 2416 4282 698 56 686 2472 2456 4357 2454 2433 683 4337 2431 4339 702 2496 690 2490 
765 379 380 1475 1476 2436 2438 4281 4283 383 1500 2445 1499 2450 1495 4333 4340 2451 4358 4356 4341 
766 2436 2438 4281 4283 2437 2439 4282 4284 2451 4358 2447 4356 2452 4341 4336 4343 2453 4359 4357 4344 
767 2437 2439 4282 4284 697 698 2472 2473 2453 4359 2449 4357 2454 4344 4339 4346 701 2497 2496 2492 
768 378 379 1476 1477 2434 2436 4283 4285 382 1501 2440 1500 2445 1497 4340 4347 2446 4360 4358 4348 
769 2434 2436 4283 4285 2435 2437 4284 4286 2446 4360 2442 4358 2447 4348 4343 4350 2448 4361 4359 4351 
770 2435 2437 4284 4286 696 697 2473 2474 2448 4361 2444 4359 2449 4351 4346 4353 700 2498 2497 2494 
771 34 378 1477 385 691 2434 4285 2457 381 387 693 1501 2440 1498 4347 2459 2441 2464 4360 4354 
772 691 2434 4285 2457 692 2435 4286 2458 2441 2464 694 4360 2442 4354 4350 2461 2443 2465 4361 4355 
773 692 2435 4286 2458 57 696 2474 703 2443 2465 695 4361 2444 4355 4353 2463 699 705 2498 2495 
3 18 17 36
774 32 366 1557 394 667 2411 4362 2501 369 397 669 1563 2418 1564 4374 2508 2417 2513 4375 4376 
775 667 2411 4362 2501 668 2412 4363 2502 2417 2513 670 4375 2420 4376 4377 2510 2419 2514 4378 4379 
776 668 2412 4363 2502 55 684 2554 712 2419 2514 671 4378 2421 4379 4380 2512 687 715 2560 2561 
777 394 1557 1558 393 2501 4362 4364 2499 1564 396 2508 1565 4374 1566 4381 2503 4376 2509 4382 4383 
778 2501 4362 4364 2499 2502 4363 4365 2500 4376 2509 2510 4382 4377 4383 4384 2505 4379 2511 4385 4386 
779 2502 4363 4365 2500 712 2554 2555 711 4379 2511 2512 4385 4380 4386 4387 2507 2561 714 2562 2563 
780 393 1558 403 35 2499 4364 2515 706 1566 395 2503 1567 4381 406 2522 708 4383 2504 4388 2521 
781 2499 4364 2515 706 2500 4365 2516 707 4383 2504 2505 4388 4384 2521 2524 709 4386 2506 4389 2523 
782 2500 4365 2516 707 711 2555 721 58 4386 2506 2507 4389 4387 2523 2525 710 2563 713 2564 724 
783 366 367 1559 1557 2411 2413 4366 4362 370 1563 2418 1568 2423 1569 4390 4374 2422 4375 4391 4392 
784 2411 2413 4366 4362 2412 2414 4367 4363 2422 4375 2420 4391 2425 4392 4393 4377 2424 4378 4394 4395 
785 2412 2414 4367 4363 684 685 2556 2554 2424 4378 2421 4394 2426 4395 4396 4380 688 2560 2565 2566 
786 1557 1559 1560 1558 4362 4366 4368 4364 1569 1565 4374 1570 4390 1571 4397 4381 4392 4382 4398 4399 
787 4362 4366 4368 4364 4363 4367 4369 4365 4392 4382 4377 4398 4393 4399 4400 4384 4395 4385 4401 4402 
788 4363 4367 4369 4365 2554 2556 2557 2555 4395 4385 4380 4401 4396 4402 4403 4387 2566 2562 2567 2568 
789 1558 1560 404 403 4364 4368 2517 2515 1571 1567 4381 1572 4397 407 2527 2522 4399 4388 4404 2526 
790 4364 4368 2517 2515 4365 4369 2518 2516 4399 4388 4384 4404 4400 2526 2529 2524 4402 4389 4405 2528 
791 4365 4369 2518 2516 2555 2557 722 721 4402 4389 4387 4405 4403 2528 2530 2525 2568 2564 2569 725 
792 367 368 1561 1559 2413 2415 4370 4366 371 1568 2423 1573 2428 1574 4406 4390 2427 4391 4407 4408 
793 2413 2415 4370 4366 2414 2416 4371 4367 2427 4391 2425 4407 2430 4408 4409 4393 2429 4394 4410 4411 
794 2414 2416 4371 4367 685 686 2558 2556 2429 4394 2426 4410 2431 4411 4412 4396 689 2565 2570 2571 
795 1559 1561 1562 1560 4366 4370 4372 4368 1574 1570 4390 1575 4406 1576 4413 4397 4408 4398 4414 4415 
796 4366 4370 4372 4368 4367 4371 4373 4369 4408 4398 4393 4414 4409 4415 4416 4400 4411 4401 4417 4418 
797 4367 4371 4373 4369 2556 2558 2559 2557 4411 4401 4396 4417 4412 4418 4419 4403 2571 2567 2572 2573 
798 1560 1562 405 404 4368 4372 2519 2517 1576 1572 4397 1577 4413 408 2532 2527 4415 4404 4420 2531 
799 4368 4372 2519 2517 4369 4373 2520 2518 4415 4404 4400 4420 4416 2531 2534 2529 4418 4405 4421 2533 
800 4369 4373 2520 2518 2557 2559 723 722 4418 4405 4403 4421 4419 2533 2535 2530 2573 2569 2574 726 
801 368 33 410 1561 2415 679 2538 4370 372 1573 2428 412 681 1578 2542 4406 2432 4407 2543 4422 
802 2415 679 2538 4370 2416 680 2539 4371 2432 4407 2430 2543 682 4422 2544 4409 2433 4410 2545 4423 
803 2416 680 2539 4371 686 56 728 2558 2433 4410 2431 2545 683 4423 2546 4412 690 2570 730 2575 
804 1561 410 411 1562 4370 2538 2540 4372 1578 1575 4406 413 2542 1579 2547 4413 4422 4414 2548 4424 
805 4370 2538 2540 4372 4371 2539 2541 4373 4422 4414 4409 2548 2544 4424 2549 4416 4423 4417 2550 4425 
806 4371 2539 2541 4373 2558 728 729 2559 4423 4417 4412 2550 2546 4425 2551 4419 2575 2572 731 2576 
807 1562 411 36 405 4372 2540 716 2519 1579 1577 4413 414 2547 409 718 2532 4424 4420 2552 2536 
808 4372 2540 716 2519 4373 2541 717 2520 4424 4420 4416 2552 2549 2536 719 2534 4425 4421 2553 2537 
809 4373 2541 717 2520 2559 729 59 723 4425 4421 4419 2553 2551 2537 720 2535 2576 2574 732 727 
3 19 17 36
810 35 403 1635 421 706 2515 4426 2579 406 424 708 1641 2522 1642 4438 2586 2521 2591 4439 4440 
811 706 2515 4426 2579 707 2516 4427 2580 2521 2591 709 4439 2524 4440 4441 2588 2523 2592 4442 4443 
812 707 2516 4427 2580 58 721 2632 739 2523 2592 710 4442 2525 4443 4444 2590 724 742 2638 2639 
813 421 1635 1636 420 2579 4426 4428 2577 1642 423 2586 1643 4438 1644 4445 2581 4440 2587 4446 4447 
814 2579 4426 4428 2577 2580 4427 4429 2578 4440 2587 2588 4446 4441 4447 4448 2583 4443 2589 4449 4450 
815 2580 4427 4429 2578 739 2632 2633 738 4443 2589 2590 4449 4444 4450 4451 2585 2639 741 2640 2641 
816 420 1636 430 37 2577 4428 2593 733 1644 422 2581 1645 4445 433 2600 735 4447 2582 4452 2599 
817 2577 4428 2593 733 2578 4429 2594 734 4447 2582 2583 4452 4448 2599 2602 736 4450 2584 4453 2601 
818 2578 4429 2594 734 738 2633 748 60 4450 2584 2585 4453 4451 2601 2603 737 2641 740 2642 751 
819 403 404 1637 1635 2515 2517 4430 4426 407 1641 2522 1646 2527 1647 4454 4438 2526 4439 4455 4456 
820 2515 2517 4430 4426 2516 2518 4431 4427 2526 4439 2524 4455 2529 4456 4457 4441 2528 4442 4458 4459 
821 2516 2518 4431 4427 721 722 2634 2632 2528 4442 2525 4458 2530 4459 4460 4444 725 2638 2643 2644 
822 1635 1637 1638 1636 4426 4430 4432 4428 1647 1643 4438 1648 4454 1649 4461 4445 4456 4446 4462 4463 
823 4426 4430 4432 4428 4427 4431 4433 4429 4456 4446 4441 4462 4457 4463 4464 4448 4459 4449 4465 4466 
824 4427 4431 4433 4429 2632 2634 2635 2633 4459 4449 4444 4465 4460 4466 4467 4451 2644 2640 2645 2646 
825 1636 1638 431 430 4428 4432 2595 2593 1649 1645 4445 1650 4461 434 2605 2600 4463 4452 4468 2604 
826 4428 4432 2595 2593 4429 4433 2596 2594 4463 4452 4448 4468 4464 2604 2607 2602 4466 4453 4469 2606 
827 4429 4433 2596 2594 2633 2635 749 748 4466 4453 4451 4469 4467 2606 2608 2603 2646 2642 2647 752 
828 404 405 1639 1637 2517 2519 4434 4430 408 1646 2527 1651 2532 1652 4470 4454 2531 4455 4471 4472 
829 2517 2519 4434 4430 2518 2520 4435 4431 2531 4455 2529 4471 2534 4472 4473 4457 2533 4458 4474 4475 
830 2518 2520 4435 4431 722 723 2636 2634 2533 4458 2530 4474 2535 4475 4476 4460 726 2643 2648 2649 
831 1637 1639 1640 1638 4430 4434 4436 4432 1652 1648 4454 1653 4470 1654 4477 4461 4472 4462 4478 4479 
832 4430 4434 4436 4432 4431 4435 4437 4433 4472 4462 4457 4478 4473 4479 4480 4464 4475 4465 4481 4482 
833 4431 4435 4437 4433 2634 2636 2637 2635 4475 4465 4460 4481 4476 4482 4483 4467 2649 2645 2650 2651 
834 1638 1640 432 431 4432 4436 2597 2595 1654 1650 4461 1655 4477 435 2610 2605 4479 4468 4484 2609 
835 4432 4436 2597 2595 4433 4437 2598 2596 4479 4468 4464 4484 4480 2609 2612 2607 4482 4469 4485 2611 
836 4433 4437 2598 2596 2635 2637 750 749 4482 4469 4467 4485 4483 2611 2613 2608 2651 2647 2652 753 
837 405 36 437 1639 2519 716 2616 4434 409 1651 2532 439 718 1656 2620 4470 2536 4471 2621 4486 
838 2519 716 2616 4434 2520 717 2617 4435 2536 4471 2534 2621 719 4486 2622 4473 2537 4474 2623 4487 
839 2520 717 2617 4435 723 59 755 2636 2537 4474 2535 2623 720 4487 2624 4476 727 2648 757 2653 
840 1639 437 438 1640 4434 2616 2618 4436 1656 1653 4470 440 2620 1657 2625 4477 4486 4478 2626 4488 
841 4434 2616 2618 4436 4435 2617 2619 4437 4486 4478 4473 2626 2622 4488 2627 4480 4487 4481 2628 4489 
842 4435 2617 2619 4437 2636 755 756 2637 4487 4481 4476 2628 2624 4489 2629 4483 2653 2650 758 2654 
843 1640 438 38 432 4436 2618 743 2597 1657 1655 4477 441 2625 436 745 2610 4488 4484 2630 2614 
844 4436 2618 743 2597 4437 2619 744 2598 4488 4484 4480 2630 2627 2614 746 2612 4489 4485 2631 2615 
845 4437 2619 744 2598 2637 756 61 750 4489 4485 4483 2631 2629 2615 747 2613 2654 2652 759 754 
3 20 17 36
846 1720 420 37 466 4490 2577 733 2698 1727 1726 4502 422 2581 470 735 2711 4503 4504 2582 2715 
847 4490 2577 733 2698 4491 2578 734 2699 4503 4504 4505 2582 2583 2715 736 2713 4506 4507 2584 2716 
848 4491 2578 734 2699 2717 738 60 784 4506 4507 4508 2584 2585 2716 737 2714 2724 2723 740 788 
849 1721 1720 466 465 4492 4490 2698 2696 1729 1728 4509 1726 4502 469 2711 2706 4510 4511 4504 2710 
850 4492 4490 2698 2696 4493 4491 2699 2697 4510 4511 4512 4504 4505 2710 2713 2708 4513 4514 4507 2712 
851 4493 4491 2699 2697 2718 2717 784 783 4513 4514 4515 4507 4508 2712 2714 2709 2726 2725 2723 787 
852 1722 1721 465 464 4494 4492 2696 2694 1731 1730 4516 1728 4509 468 2706 2701 4517 4518 4511 2705 
853 4494 4492 2696 2694 4495 4493 2697 2695 4517 4518 4519 4511 4512 2705 2708 2703 4520 4521 4514 2707 
854 4495 4493 2697 2695 2719 2718 783 782 4520 4521 4522 4514 4515 2707 2709 2704 2728 2727 2725 786 
855 459 1722 464 40 2678 4494 2694 772 1732 461 2682 1730 4516 467 2701 774 4523 2683 4518 2700 
856 2678 4494 2694 772 2679 4495 2695 773 4523 2683 2684 4518 4519 2700 2703 775 4524 2685 4521 2702 
857 2679 4495 2695 773 777 2719 782 63 4524 2685 2686 4521 4522 2702 2704 776 2729 779 2727 785 
858 1723 421 420 1720 4496 2579 2577 4490 1734 1733 4525 423 2586 1727 2581 4502 4526 4527 2587 4503 
859 4496 2579 2577 4490 4497 2580 2578 4491 4526 4527 4528 2587 2588 4503 2583 4505 4529 4530 2589 4506 
860 4497 2580 2578 4491 2720 739 738 2717 4529 4530 4531 2589 2590 4506 2585 4508 2731 2730 741 2724 
861 1724 1723 1720 1721 4498 4496 4490 4492 1736 1735 4532 1733 4525 1729 4502 4509 4533 4534 4527 4510 
862 4498 4496 4490 4492 4499 4497 4491 4493 4533 4534 4535 4527 4528 4510 4505 4512 4536 4537 4530 4513 
863 4499 4497 4491 4493 2721 2720 2717 2718 4536 4537 4538 4530 4531 4513 4508 4515 2733 2732 2730 2726 
864 1725 1724 1721 1722 4500 4498 4492 4494 1738 1737 4539 1735 4532 1731 4509 4516 4540 4541 4534 4517 
865 4500 4498 4492 4494 4501 4499 4493 4495 4540 4541 4542 4534 4535 4517 4512 4519 4543 4544 4537 4520 
866 4501 4499 4493 4495 2722 2721 2718 2719 4543 4544 4545 4537 4538 4520 4515 4522 2735 2734 2732 2728 
867 460 1725 1722 459 2680 4500 4494 2678 1739 462 2687 1737 4539 1732 4516 2682 4546 2688 4541 4523 
868 2680 4500 4494 2678 2681 4501 4495 2679 4546 2688 2689 4541 4542 4523 4519 2684 4547 2690 4544 4524 
869 2681 4501 4495 2679 778 2722 2719 777 4547 2690 2691 4544 4545 4524 4522 2686 2736 780 2734 2729 
870 449 35 421 1723 2659 706 2579 4496 453 1740 2671 424 708 1734 2586 4525 2676 4548 2591 4526 
871 2659 706 2579 4496 2660 707 2580 4497 2676 4548 2673 2591 709 4526 2588 4528 2677 4549 2592 4529 
872 2660 707 2580 4497 767 58 739 2720 2677 4549 2675 2592 710 4529 2590 4531 771 2737 742 2731 
873 448 449 1723 1724 2657 2659 4496 4498 452 1741 2666 1740 2671 1736 4525 4532 2672 4550 4548 4533 
874 2657 2659 4496 4498 2658 2660 4497 4499 2672 4550 2668 4548 2673 4533 4528 4535 2674 4551 4549 4536 
875 2658 2660 4497 4499 766 767 2720 2721 2674 4551 2670 4549 2675 4536 4531 4538 770 2738 2737 2733 
876 447 448 1724 1725 2655 2657 4498 4500 451 1742 2661 1741 2666 1738 4532 4539 2667 4552 4550 4540 
877 2655 2657 4498 4500 2656 2658 4499 4501 2667 4552 2663 4550 2668 4540 4535 4542 2669 4553 4551 4543 
878 2656 2658 4499 4501 765 766 2721 2722 2669 4553 2665 4551 2670 4543 4538 4545 769 2739 2738 2735 
879 39 447 1725 460 760 2655 4500 2680 450 463 762 1742 2661 1739 4539 2687 2662 2692 4552 4546 
880 760 2655 4500 2680 761 2656 4501 2681 2662 2692 763 4552 2663 4546 4542 2689 2664 2693 4553 4547 
881 761 2656 4501 2681 62 765 2722 778 2664 2693 764 4553 2665 4547 4545 2691 768 781 2739 2736 
3 21 17 36
882 1782 393 35 449 4554 2499 706 2659 1789 1788 4566 395 2503 453 708 2671 4567 4568 2504 2676 
883 4554 2499 706 2659 4555 2500 707 2660 4567 4568 4569 2504 2505 2676 709 2673 4570 4571 2506 2677 
884 4555 2500 707 2660 2779 711 58 767 4570 4571 4572 2506 2507 2677 710 2675 2786 2785 713 771 
885 1783 1782 449 448 4556 4554 2659 2657 1791 1790 4573 1788 4566 452 2671 2666 4574 4575 4568 2672 
886 4556 4554 2659 2657 4557 4555 2660 2658 4574 4575 4576 4568 4569 2672 2673 2668 4577 4578 4571 2674 
887 4557 4555 2660 2658 2780 2779 767 766 4577 4578 4579 4571 4572 2674 2675 2670 2788 2787 2785 770 
888 1784 1783 448 447 4558 4556 2657 2655 1793 1792 4580 1790 4573 451 2666 2661 4581 4582 4575 2667 
889 4558 4556 2657 2655 4559 4557 2658 2656 4581 4582 4583 4575 4576 2667 2668 2663 4584 4585 4578 2669 
890 4559 4557 2658 2656 2781 2780 766 765 4584 4585 4586 4578 4579 2669 2670 2665 2790 2789 2787 769 
891 483 1784 447 39 2763 4558 2655 760 1794 485 2767 1792 4580 450 2661 762 4587 2768 4582 2662 
892 2763 4558 2655 760 2764 4559 2656 761 4587 2768 2769 4582 4583 2662 2663 763 4588 2770 4585 2664 
893 2764 4559 2656 761 801 2781 765 62 4588 2770 2771 4585 4586 2664 2665 764 2791 803 2789 768 
894 1785 394 393 1782 4560 2501 2499 4554 1796 1795 4589 396 2508 1789 2503 4566 4590 4591 2509 4567 
895 4560 2501 2499 4554 4561 2502 2500 4555 4590 4591 4592 2509 2510 4567 2505 4569 4593 4594 2511 4570 
896 4561 2502 2500 4555 2782 712 711 2779 4593 4594 4595 2511 2512 4570 2507 4572 2793 2792 714 2786 
897 1786 1785 1782 1783 4562 4560 4554 4556 1798 1797 4596 1795 4589 1791 4566 4573 4597 4598 4591 4574 
898 4562 4560 4554 4556 4563 4561 4555 4557 4597 4598 4599 4591 4592 4574 4569 4576 4600 4601 4594 4577 
899 4563 4561 4555 4557 2783 2782 2779 2780 4600 4601 4602 4594 4595 4577 4572 4579 2795 2794 2792 2788 
900 1787 1786 1783 1784 4564 4562 4556 4558 1800 1799 4603 1797 4596 1793 4573 4580 4604 4605 4598 4581 
901 4564 4562 4556 4558 4565 4563 4557 4559 4604 4605 4606 4598 4599 4581 4576 4583 4607 4608 4601 4584 
902 4565 4563 4557 4559 2784 2783 2780 2781 4607 4608 4609 4601 4602 4584 4579 4586 2797 2796 2794 2790 
903 484 1787 1784 483 2765 4564 4558 2763 1801 486 2772 1799 4603 1794 4580 2767 4610 2773 4605 4587 
904 2765 4564 4558 2763 2766 4565 4559 2764 4610 2773 2774 4605 4606 4587 4583 2769 4611 2775 4608 4588 
905 2766 4565 4559 2764 802 2784 2781 801 4611 2775 2776 4608 4609 4588 4586 2771 2798 804 2796 2791 
906 478 32 394 1785 2744 667 2501 4560 482 1802 2756 397 669 1796 2508 4589 2761 4612 2513 4590 
907 2744 667 2501 4560 2745 668 2502 4561 2761 4612 2758 2513 670 4590 2510 4592 2762 4613 2514 4593 
908 2745 668 2502 4561 796 55 712 2782 2762 4613 2760 2514 671 4593 2512 4595 800 2799 715 2793 
909 477 478 1785 1786 2742 2744 4560 4562 481 1803 2751 1802 2756 1798 4589 4596 2757 4614 4612 4597 
910 2742 2744 4560 4562 2743 2745 4561 4563 2757 4614 2753 4612 2758 4597 4592 4599 2759 4615 4613 4600 
911 2743 2745 4561 4563 795 796 2782 2783 2759 4615 2755 4613 2760 4600 4595 4602 799 2800 2799 2795 
912 476 477 1786 1787 2740 2742 4562 4564 480 1804 2746 1803 2751 1800 4596 4603 2752 4616 4614 4604 
913 2740 2742 4562 4564 2741 2743 4563 4565 2752 4616 2748 4614 2753 4604 4599 4606 2754 4617 4615 4607 
914 2741 2743 4563 4565 794 795 2783 2784 2754 4617 2750 4615 2755 4607 4602 4609 798 2801 2800 2797 
915 41 476 1787 484 789 2740 4564 2765 479 487 791 1804 2746 1801 4603 2772 2747 2777 4616 4610 
916 789 2740 4564 2765 790 2741 4565 2766 2747 2777 792 4616 2748 4610 4606 2774 2749 2778 4617 4611 
917 790 2741 4565 2766 64 794 2784 802 2749 2778 793 4617 2750 4611 4609 2776 797 805 2801 2798 
3 22 17 48
918 32 478 1837 354 667 2744 4618 2388 482 357 669 1846 2756 1847 4636 2394 2761 2395 4637 4638 
919 667 2744 4618 2388 668 2745 4619 2389 2761 2395 670 4637 2758 4638 4639 2396 2762 2397 4640 4641 
920 668 2745 4619 2389 55 796 2834 672 2762 2397 671 4640 2760 4641 4642 2398 800 675 2843 2844 
921 354 1837 1838 355 2388 4618 4620 2390 1847 358 2394 1848 4636 1849 4643 2399 4638 2400 4644 4645 
922 2388 4618 4620 2390 2389 4619 4621 2391 4638 2400 2396 4644 4639 4645 4646 2401 4641 2402 4647 4648 
923 2389 4619 4621 2391 672 2834 2835 673 4641 2402 2398 4647 4642 4648 4649 2403 2844 676 2845 2846 
924 355 1838 1839 356 2390 4620 4622 2392 1849 359 2399 1850 4643 1851 4650 2404 4645 2405 4651 4652 
925 2390 4620 4622 2392 2391 4621 4623 2393 4645 2405 2401 4651 4646 4652 4653 2406 4648 2407 4654 4655 
926 2391 4621 4623 2393 673 2835 2836 674 4648 2407 2403 4654 4649 4655 4656 2408 2846 677 2847 2848 
927 356 1839 488 30 2392 4622 2802 654 1851 360 2404 1852 4650 490 2804 656 4652 2409 4657 2809 
928 2392 4622 2802 654 2393 4623 2803 655 4652 2409 2406 4657 4653 2809 2806 657 4655 2410 4658 2810 
929 2393 4623 2803 655 674 2836 806 53 4655 2410 2408 4658 4656 2810 2808 658 2848 678 2849 808 
930 478 477 1840 1837 2744 2742 4624 4618 481 1846 2756 1853 2751 1854 4659 4636 2757 4637 4660 4661 
931 2744 2742 4624 4618 2745 2743 4625 4619 2757 4637 2758 4660 2753 4661 4662 4639 2759 4640 4663 4664 
932 2745 2743 4625 4619 796 795 2837 2834 2759 4640 2760 4663 2755 4664 4665 4642 799 2843 2850 2851 
933 1837 1840 1841 1838 4618 4624 4626 4620 1854 1848 4636 1855 4659 1856 4666 4643 4661 4644 4667 4668 
934 4618 4624 4626 4620 4619 4625 4627 4621 4661 4644 4639 4667 4662 4668 4669 4646 4664 4647 4670 4671 
935 4619 4625 4627 4621 2834 2837 2838 2835 4664 4647 4642 4670 4665 4671 4672 4649 2851 2845 2852 2853 
936 1838 1841 1842 1839 4620 4626 4628 4622 1856 1850 4643 1857 4666 1858 4673 4650 4668 4651 4674 4675 
937 4620 4626 4628 4622 4621 4627 4629 4623 4668 4651 4646 4674 4669 4675 4676 4653 4671 4654 4677 4678 
938 4621 4627 4629 4623 2835 2838 2839 2836 4671 4654 4649 4677 4672 4678 4679 4656 2853 2847 2854 2855 
939 1839 1842 25 488 4622 4628 596 2802 1858 1852 4650 1859 4673 489 598 2804 4675 4657 4680 2805 
940 4622 4628 596 2802 4623 4629 597 2803 4675 4657 4653 4680 4676 2805 599 2806 4678 4658 4681 2807 
941 4623 4629 597 2803 2836 2839 48 806 4678 4658 4656 4681 4679 2807 600 2808 2855 2849 2856 807 
942 477 476 1843 1840 2742 2740 4630 4624 480 1853 2751 1860 2746 1861 4682 4659 2752 4660 4683 4684 
943 2742 2740 4630 4624 2743 2741 4631 4625 2752 4660 2753 4683 2748 4684 4685 4662 2754 4663 4686 4687 
944 2743 2741 4631 4625 795 794 2840 2837 2754 4663 2755 4686 2750 4687 4688 4665 798 2850 2857 2858 
945 1840 1843 1844 1841 4624 4630 4632 4626 1861 1855 4659 1862 4682 1863 4689 4666 4684 4667 4690 4691 
946 4624 4630 4632 4626 4625 4631 4633 4627 4684 4667 4662 4690 4685 4691 4692 4669 4687 4670 4693 4694 
947 4625 4631 4633 4627 2837 2840 2841 2838 4687 4670 4665 4693 4688 4694 4695 4672 2858 2852 2859 2860 
948 1841 1844 1845 1842 4626 4632 4634 4628 1863 1857 4666 1864 4689 1865 4696 4673 4691 4674 4697 4698 
949 4626 4632 4634 4628 4627 4633 4635 4629 4691 4674 4669 4697 4692 4698 4699 4676 4694 4677 4700 4701 
950 4627 4633 4635 4629 2838 2841 2842 2839 4694 4677 4672 4700 4695 4701 4702 4679 2860 2854 2861 2862 
951 1842 1845 283 25 4628 4634 2248 596 1865 1859 4673 1866 4696 285 2251 598 4698 4680 4703 2255 
952 4628 4634 2248 596 4629 4635 2249 597 4698 4680 4676 4703 4699 2255 2253 599 4701 4681 4704 2256 
953 4629 4635 2249 597 2839 2842 601 48 4701 4681 4679 4704 4702 2256 2254 600 2862 2856 2863 603 
954 476 41 491 1843 2740 789 2811 4630 479 1860 2746 494 791 1867 2817 4682 2747 4683 2818 4705 
955 2740 789 2811 4630 2741 790 2812 4631 2747 4683 2748 2818 792 4705 2819 4685 2749 4686 2820 4706 
956 2741 790 2812 4631 794 64 809 2840 2749 4686 2750 2820 793 4706 2821 4688 797 2857 812 2864 
957 1843 491 492 1844 4630 2811 2813 4632 1867 1862 4682 495 2817 1868 2822 4689 4705 4690 2823 4707 
958 4630 2811 2813 4632 4631 2812 2814 4633 4705 4690 4685 2823 2819 4707 2824 4692 4706 4693 2825 4708 
959 4631 2812 2814 4633 2840 809 810 2841 4706 4693 4688 2825 2821 4708 2826 4695 2864 2859 813 2865 
960 1844 492 493 1845 4632 2813 2815 4634 1868 1864 4689 496 2822 1869 2827 4696 4707 4697 2828 4709 
961 4632 2813 2815 4634 4633 2814 2816 4635 4707 4697 4692 2828 2824 4709 2829 4699 4708 4700 2830 4710 
962 4633 2814 2816 4635 2841 810 811 2842 4708 4700 4695 2830 2826 4710 2831 4702 2865 2861 814 2866 
963 1845 493 24 283 4634 2815 591 2248 1869 1866 4696 497 2827 284 593 2251 4709 4703 2832 2250 
964 4634 2815 591 2248 4635 2816 592 2249 4709 4703 4699 2832 2829 2250 594 2253 4710 4704 2833 2252 
965 4635 2816 592 2249 2842 811 47 601 4710 4704 4702 2833 2831 2252 595 2254 2866 2863 815 602 
3 23 17 36
966 1932 503 42 522 4711 2867 816 2913 1939 1938 4723 506 2874 524 818 2917 4724 4725 2873 2918 
967 4711 2867 816 2913 4712 2868 817 2914 4724 4725 4726 2873 2876 2918 819 2919 4727 4728 2875 2920 
968 4712 2868 817 2914 2929 821 65 840 4727 4728 4729 2875 2877 2920 820 2921 2936 2935 824 842 
969 1933 1932 522 523 4713 4711 2913 2915 1941 1940 4730 1938 4723 525 2917 2922 4731 4732 4725 2923 
970 4713 4711 2913 2915 4714 4712 2914 2916 4731 4732 4733 4725 4726 2923 2919 2924 4734 4735 4728 2925 
971 4714 4712 2914 2916 2930 2929 840 841 4734 4735 4736 4728 4729 2925 2921 2926 2938 2937 2935 843 
972 515 1933 523 43 2890 4713 2915 828 1942 518 2896 1940 4730 526 2922 830 4737 2897 4732 2927 
973 2890 4713 2915 828 2891 4714 2916 829 4737 2897 2898 4732 4733 2927 2924 831 4738 2899 4735 2928 
974 2891 4714 2916 829 833 2930 841 66 4738 2899 2900 4735 4736 2928 2926 832 2939 836 2937 844 
975 1934 504 503 1932 4715 2869 2867 4711 1944 1943 4739 507 2879 1939 2874 4723 4740 4741 2878 4724 
976 4715 2869 2867 4711 4716 2870 2868 4712 4740 4741 4742 2878 2881 4724 2876 4726 4743 4744 2880 4727 
977 4716 2870 2868 4712 2931 822 821 2929 4743 4744 4745 2880 2882 4727 2877 4729 2941 2940 825 2936 
978 1935 1934 1932 1933 4717 4715 4711 4713 1946 1945 4746 1943 4739 1941 4723 4730 4747 4748 4741 4731 
979 4717 4715 4711 4713 4718 4716 4712 4714 4747 4748 4749 4741 4742 4731 4726 4733 4750 4751 4744 4734 
980 4718 4716 4712 4714 2932 2931 2929 2930 4750 4751 4752 4744 4745 4734 4729 4736 2943 2942 2940 2938 
981 516 1935 1933 515 2892 4717 4713 2890 1947 519 2901 1945 4746 1942 4730 2896 4753 2902 4748 4737 
982 2892 4717 4713 2890 2893 4718 4714 2891 4753 2902 2903 4748 4749 4737 4733 2898 4754 2904 4751 4738 
983 2893 4718 4714 2891 834 2932 2930 833 4754 2904 2905 4751 4752 4738 4736 2900 2944 837 2942 2939 
984 1936 505 504 1934 4719 2871 2869 4715 1949 1948 4755 508 2884 1944 2879 4739 4756 4757 2883 4740 
985 4719 2871 2869 4715 4720 2872 2870 4716 4756 4757 4758 2883 2886 4740 2881 4742 4759 4760 2885 4743 
986 4720 2872 2870 4716 2933 823 822 2931 4759 4760 4761 2885 2887 4743 2882 4745 2946 2945 826 2941 
987 1937 1936 1934 1935 4721 4719 4715 4717 1951 1950 4762 1948 4755 1946 4739 4746 4763 4764 4757 4747 
988 4721 4719 4715 4717 4722 4720 4716 4718 4763 4764 4765 4757 4758 4747 4742 4749 4766 4767 4760 4750 
989 4722 4720 4716 4718 2934 2933 2931 2932 4766 4767 4768 4760 4761 4750 4745 4752 2948 2947 2945 2943 
990 517 1937 1935 516 2894 4721 4717 2892 1952 520 2906 1950 4762 1947 4746 2901 4769 2907 4764 4753 
991 2894 4721 4717 2892 2895 4722 4718 2893 4769 2907 2908 4764 4765 4753 4749 2903 4770 2909 4767 4754 
992 2895 4722 4718 2893 835 2934 2932 834 4770 2909 2910 4767 4768 4754 4752 2905 2949 838 2947 2944 
993 459 40 505 1936 2678 772 2871 4719 461 1953 2682 509 774 1949 2884 4755 2683 4771 2888 4756 
994 2678 772 2871 4719 2679 773 2872 4720 2683 4771 2684 2888 775 4756 2886 4758 2685 4772 2889 4759 
995 2679 773 2872 4720 777 63 823 2933 2685 4772 2686 2889 776 4759 2887 4761 779 2950 827 2946 
996 460 459 1936 1937 2680 2678 4719 4721 462 1954 2687 1953 2682 1951 4755 4762 2688 4773 4771 4763 
997 2680 2678 4719 4721 2681 2679 4720 4722 2688 4773 2689 4771 2684 4763 4758 4765 2690 4774 4772 4766 
998 2681 2679 4720 4722 778 777 2933 2934 2690 4774 2691 4772 2686 4766 4761 4768 780 2951 2950 2948 
999 39 460 1937 517 760 2680 4721 2894 463 521 762 1954 2687 1952 4762 2906 2692 2911 4773 4769 
1000 760 2680 4721 2894 761 2681 4722 2895 2692 2911 763 4773 2689 4769 4765 2908 2693 2912 4774 4770 
1001 761 2681 4722 2895 62 778 2934 835 2693 2912 764 4774 2691 4770 4768 2910 781 839 2951 2949 
3 24 17 36
1002 1994 515 43 539 4775 2890 828 2975 2001 2000 4787 518 2896 541 830 2979 4788 4789 2897 2980 
1003 4775 2890 828 2975 4776 2891 829 2976 4788 4789 4790 2897 2898 2980 831 2981 4791 4792 2899 2982 
1004 4776 2891 829 2976 2991 833 66 857 4791 4792 4793 2899 2900 2982 832 2983 2998 2997 836 859 
1005 1995 1994 539 540 4777 4775 2975 2977 2003 2002 4794 2000 4787 542 2979 2984 4795 4796 4789 2985 
1006 4777 4775 2975 2977 4778 4776 2976 2978 4795 4796 4797 4789 4790 2985 2981 2986 4798 4799 4792 2987 
1007 4778 4776 2976 2978 2992 2991 857 858 4798 4799 4800 4792 4793 2987 2983 2988 3000 2999 2997 860 
1008 532 1995 540 44 2952 4777 2977 845 2004 535 2958 2002 4794 543 2984 847 4801 2959 4796 2989 
1009 2952 4777 2977 845 2953 4778 2978 846 4801 2959 2960 4796 4797 2989 2986 848 4802 2961 4799 2990 
1010 2953 4778 2978 846 850 2992 858 67 4802 2961 2962 4799 4800 2990 2988 849 3001 853 2999 861 
1011 1996 516 515 1994 4779 2892 2890 4775 2006 2005 4803 519 2901 2001 2896 4787 4804 4805 2902 4788 
1012 4779 2892 2890 4775 4780 2893 2891 4776 4804 4805 4806 2902 2903 4788 2898 4790 4807 4808 2904 4791 
1013 4780 2893 2891 4776 2993 834 833 2991 4807 4808 4809 2904 2905 4791 2900 4793 3003 3002 837 2998 
1014 1997 1996 1994 1995 4781 4779 4775 4777 2008 2007 4810 2005 4803 2003 4787 4794 4811 4812 4805 4795 
1015 4781 4779 4775 4777 4782 4780 4776 4778 4811 4812 4813 4805 4806 4795 4790 4797 4814 4815 4808 4798 
1016 4782 4780 4776 4778 2994 2993 2991 2992 4814 4815 4816 4808 4809 4798 4793 4800 3005 3004 3002 3000 
1017 533 1997 1995 532 2954 4781 4777 2952 2009 536 2963 2007 4810 2004 4794 2958 4817 2964 4812 4801 
1018 2954 4781 4777 2952 2955 4782 4778 2953 4817 2964 2965 4812 4813 4801 4797 2960 4818 2966 4815 4802 
1019 2955 4782 4778 2953 851 2994 2992 850 4818 2966 2967 4815 4816 4802 4800 2962 3006 854 3004 3001 
1020 1998 517 516 1996 4783 2894 2892 4779 2011 2010 4819 520 2906 2006 2901 4803 4820 4821 2907 4804 
1021 4783 2894 2892 4779 4784 2895 2893 4780 4820 4821 4822 2907 2908 4804 2903 4806 4823 4824 2909 4807 
1022 4784 2895 2893 4780 2995 835 834 2993 4823 4824 4825 2909 2910 4807 2905 4809 3008 3007 838 3003 
1023 1999 1998 1996 1997 4785 4783 4779 4781 2013 2012 4826 2010 4819 2008 4803 4810 4827 4828 4821 4811 
1024 4785 4783 4779 4781 4786 4784 4780 4782 4827 4828 4829 4821 4822 4811 4806 4813 4830 4831 4824 4814 
1025 4786 4784 4780 4782 2996 2995 2993 2994 4830 4831 4832 4824 4825 4814 4809 4816 3010 3009 3007 3005 
1026 534 1999 1997 533 2956 4785 4781 2954 2014 537 2968 2012 4826 2009 4810 2963 4833 2969 4828 4817 
1027 2956 4785 4781 2954 2957 4786 4782 2955 4833 2969 2970 4828 4829 4817 4813 2965 4834 2971 4831 4818 
1028 2957 4786 4782 2955 852 2996 2994 851 4834 2971 2972 4831 4832 4818 4816 2967 3011 855 3009 3006 
1029 483 39 517 1998 2763 760 2894 4783 485 2015 2767 521 762 2011 2906 4819 2768 4835 2911 4820 
1030 2763 760 2894 4783 2764 761 2895 4784 2768 4835 2769 2911 763 4820 2908 4822 2770 4836 2912 4823 
1031 2764 761 2895 4784 801 62 835 2995 2770 4836 2771 2912 764 4823 2910 4825 803 3012 839 3008 
1032 484 483 1998 1999 2765 2763 4783 4785 486 2016 2772 2015 2767 2013 4819 4826 2773 4837 4835 4827 
1033 2765 2763 4783 4785 2766 2764 4784 4786 2773 4837 2774 4835 2769 4827 4822 4829 2775 4838 4836 4830 
1034 2766 2764 4784 4786 802 801 2995 2996 2775 4838 2776 4836 2771 4830 4825 4832 804 3013 3012 3010 
1035 41 484 1999 534 789 2765 4785 2956 487 538 791 2016 2772 2014 4826 2968 2777 2973 4837 4833 
1036 789 2765 4785 2956 790 2766 4786 2957 2777 2973 792 4837 2774 4833 4829 2970 2778 2974 4838 4834 
1037 790 2766 4786 2957 64 802 2996 852 2778 2974 793 4838 2776 4834 4832 2972 805 856 3013 3011 
3 25 17 48
1038 2049 491 41 534 4839 2811 789 2956 2059 2058 4857 494 2817 538 791 2968 4858 4859 2818 2973 
1039 4839 2811 789 2956 4840 2812 790 2957 4858 4859 4860 2818 2819 2973 792 2970 4861 4862 2820 2974 
1040 4840 2812 790 2957 3046 809 64 852 4861 4862 4863 2820 2821 2974 793 2972 3056 3055 812 856 
1041 2050 2049 534 533 4841 4839 2956 2954 2061 2060 4864 2058 4857 537 2968 2963 4865 4866 4859 2969 
1042 4841 4839 2956 2954 4842 4840 2957 2955 4865 4866 4867 4859 4860 2969 2970 2965 4868 4869 4862 2971 
1043 4842 4840 2957 2955 3047 3046 852 851 4868 4869 4870 4862 4863 2971 2972 2967 3058 3057 3055 855 
1044 2051 2050 533 532 4843 4841 2954 2952 2063 2062 4871 2060 4864 536 2963 2958 4872 4873 4866 2964 
1045 4843 4841 2954 2952 4844 4842 2955 2953 4872 4873 4874 4866 4867 2964 2965 2960 4875 4876 4869 2966 
1046 4844 4842 2955 2953 3048 3047 851 850 4875 4876 4877 4869 4870 2966 2967 2962 3060 3059 3057 854 
1047 552 2051 532 44 3023 4843 2952 845 2064 555 3029 2062 4871 535 2958 847 4878 3030 4873 2959 
1048 3023 4843 2952 845 3024 4844 2953 846 4878 3030 3031 4873 4874 2959 2960 848 4879 3032 4876 2961 
1049 3024 4844 2953 846 870 3048 850 67 4879 3032 3033 4876 4877 2961 2962 849 3061 873 3059 853 
1050 2052 492 491 2049 4845 2813 2811 4839 2066 2065 4880 495 2822 2059 2817 4857 4881 4882 2823 4858 
1051 4845 2813 2811 4839 4846 2814 2812 4840 4881 4882 4883 2823 2824 4858 2819 4860 4884 4885 2825 4861 
1052 4846 2814 2812 4840 3049 810 809 3046 4884 4885 4886 2825 2826 4861 2821 4863 3063 3062 813 3056 
1053 2053 2052 2049 2050 4847 4845 4839 4841 2068 2067 4887 2065 4880 2061 4857 4864 4888 4889 4882 4865 
1054 4847 4845 4839 4841 4848 4846 4840 4842 4888 4889 4890 4882 4883 4865 4860 4867 4891 4892 4885 4868 
1055 4848 4846 4840 4842 3050 3049 3046 3047 4891 4892 4893 4885 4886 4868 4863 4870 3065 3064 3062 3058 
1056 2054 2053 2050 2051 4849 4847 4841 4843 2070 2069 4894 2067 4887 2063 4864 4871 4895 4896 4889 4872 
1057 4849 4847 4841 4843 4850 4848 4842 4844 4895 4896 4897 4889 4890 4872 4867 4874 4898 4899 4892 4875 
1058 4850 4848 4842 4844 3051 3050 3047 3048 4898 4899 4900 4892 4893 4875 4870 4877 3067 3066 3064 3060 
1059 553 2054 2051 552 3025 4849 4843 3023 2071 556 3034 2069 4894 2064 4871 3029 4901 3035 4896 4878 
1060 3025 4849 4843 3023 3026 4850 4844 3024 4901 3035 3036 4896 4897 4878 4874 3031 4902 3037 4899 4879 
1061 3026 4850 4844 3024 871 3051 3048 870 4902 3037 3038 4899 4900 4879 4877 3033 3068 874 3066 3061 
1062 2055 493 492 2052 4851 2815 2813 4845 2073 2072 4903 496 2827 2066 2822 4880 4904 4905 2828 4881 
1063 4851 2815 2813 4845 4852 2816 2814 4846 4904 4905 4906 2828 2829 4881 2824 4883 4907 4908 2830 4884 
1064 4852 2816 2814 4846 3052 811 810 3049 4907 4908 4909 2830 2831 4884 2826 4886 3070 3069 814 3063 
1065 2056 2055 2052 2053 4853 4851 4845 4847 2075 2074 4910 2072 4903 2068 4880 4887 4911 4912 4905 4888 
1066 4853 4851 4845 4847 4854 4852 4846 4848 4911 4912 4913 4905 4906 4888 4883 4890 4914 4915 4908 4891 
1067 4854 4852 4846 4848 3053 3052 3049 3050 4914 4915 4916 4908 4909 4891 4886 4893 3072 3071 3069 3065 
1068 2057 2056 2053 2054 4855 4853 4847 4849 2077 2076 4917 2074 4910 2070 4887 4894 4918 4919 4912 4895 
1069 4855 4853 4847 4849 4856 4854 4848 4850 4918 4919 4920 4912 4913 4895 4890 4897 4921 4922 4915 4898 
1070 4856 4854 4848 4850 3054 3053 3050 3051 4921 4922 4923 4915 4916 4898 4893 4900 3074 3073 3071 3067 
1071 554 2057 2054 553 3027 4855 4849 3025 2078 557 3039 2076 4917 2071 4894 3034 4924 3040 4919 4901 
1072 3027 4855 4849 3025 3028 4856 4850 3026 4924 3040 3041 4919 4920 4901 4897 3036 4925 3042 4922 4902 
1073 3028 4856 4850 3026 872 3054 3051 871 4925 3042 3043 4922 4923 4902 4900 3038 3075 875 3073 3068 
1074 318 24 493 2055 2325 591 2815 4851 320 2079 2328 497 593 2073 2827 4903 2332 4926 2832 4904 
1075 2325 591 2815 4851 2326 592 2816 4852 2332 4926 2330 2832 594 4904 2829 4906 2333 4927 2833 4907 
1076 2326 592 2816 4852 636 47 811 3052 2333 4927 2331 2833 595 4907 2831 4909 638 3076 815 3070 
1077 28 318 2055 2056 631 2325 4851 4853 319 2080 633 2079 2328 2075 4903 4910 2327 4928 4926 4911 
1078 631 2325 4851 4853 632 2326 4852 4854 2327 4928 634 4926 2330 4911 4906 4913 2329 4929 4927 4914 
1079 632 2326 4852 4854 51 636 3052 3053 2329 4929 635 4927 2331 4914 4909 4916 637 3077 3076 3072 
1080 549 28 2056 2057 3014 631 4853 4855 551 2081 3016 2080 633 2077 4910 4917 3021 4930 4928 4918 
1081 3014 631 4853 4855 3015 632 4854 4856 3021 4930 3018 4928 634 4918 4913 4920 3022 4931 4929 4921 
1082 3015 632 4854 4856 867 51 3053 3054 3022 4931 3020 4929 635 4921 4916 4923 869 3078 3077 3074 
1083 45 549 2057 554 862 3014 4855 3027 550 558 864 2081 3016 2078 4917 3039 3017 3044 4930 4924 
1084 862 3014 4855 3027 863 3015 4856 3028 3017 3044 865 4930 3018 4924 4920 3041 3019 3045 4931 4925 
1085 863 3015 4856 3028 68 867 3054 872 3019 3045 866 4931 3020 4925 4923 3043 868 876 3078 3075 
3 26 17 48
1086 2123 552 44 561 4932 3023 845 3083 2133 2132 4950 555 3029 565 847 3096 4951 4952 3030 3100 
1087 4932 3023 845 3083 4933 3024 846 3084 4951 4952 4953 3030 3031 3100 848 3098 4954 4955 3032 3101 
1088 4933 3024 846 3084 3120 870 67 879 4954 4955 4956 3032 3033 3101 849 3099 3130 3129 873 883 
1089 2124 2123 561 560 4934 4932 3083 3081 2135 2134 4957 2132 4950 564 3096 3091 4958 4959 4952 3095 
1090 4934 4932 3083 3081 4935 4933 3084 3082 4958 4959 4960 4952 4953 3095 3098 3093 4961 4962 4955 3097 
1091 4935 4933 3084 3082 3121 3120 879 878 4961 4962 4963 4955 4956 3097 3099 3094 3132 3131 3129 882 
1092 2125 2124 560 559 4936 4934 3081 3079 2137 2136 4964 2134 4957 563 3091 3086 4965 4966 4959 3090 
1093 4936 4934 3081 3079 4937 4935 3082 3080 4965 4966 4967 4959 4960 3090 3093 3088 4968 4969 4962 3092 
1094 4937 4935 3082 3080 3122 3121 878 877 4968 4969 4970 4962 4963 3092 3094 3089 3134 3133 3131 881 
1095 380 2125 559 33 2438 4936 3079 679 2138 384 2450 2136 4964 562 3086 681 4971 2455 4966 3085 
1096 2438 4936 3079 679 2439 4937 3080 680 4971 2455 2452 4966 4967 3085 3088 682 4972 2456 4969 3087 
1097 2439 4937 3080 680 698 3122 877 56 4972 2456 2454 4969 4970 3087 3089 683 3135 702 3133 880 
1098 2126 553 552 2123 4938 3025 3023 4932 2140 2139 4973 556 3034 2133 3029 4950 4974 4975 3035 4951 
1099 4938 3025 3023 4932 4939 3026 3024 4933 4974 4975 4976 3035 3036 4951 3031 4953 4977 4978 3037 4954 
1100 4939 3026 3024 4933 3123 871 870 3120 4977 4978 4979 3037 3038 4954 3033 4956 3137 3136 874 3130 
1101 2127 2126 2123 2124 4940 4938 4932 4934 2142 2141 4980 2139 4973 2135 4950 4957 4981 4982 4975 4958 
1102 4940 4938 4932 4934 4941 4939 4933 4935 4981 4982 4983 4975 4976 4958 4953 4960 4984 4985 4978 4961 
1103 4941 4939 4933 4935 3124 3123 3120 3121 4984 4985 4986 4978 4979 4961 4956 4963 3139 3138 3136 3132 
1104 2128 2127 2124 2125 4942 4940 4934 4936 2144 2143 4987 2141 4980 2137 4957 4964 4988 4989 4982 4965 
1105 4942 4940 4934 4936 4943 4941 4935 4937 4988 4989 4990 4982 4983 4965 4960 4967 4991 4992 4985 4968 
1106 4943 4941 4935 4937 3125 3124 3121 3122 4991 4992 4993 4985 4986 4968 4963 4970 3141 3140 3138 3134 
1107 379 2128 2125 380 2436 4942 4936 2438 2145 383 2445 2143 4987 2138 4964 2450 4994 2451 4989 4971 
1108 2436 4942 4936 2438 2437 4943 4937 2439 4994 2451 2447 4989 4990 4971 4967 2452 4995 2453 4992 4972 
1109 2437 4943 4937 2439 697 3125 3122 698 4995 2453 2449 4992 4993 4972 4970 2454 3142 701 3140 3135 
1110 2129 554 553 2126 4944 3027 3025 4938 2147 2146 4996 557 3039 2140 3034 4973 4997 4998 3040 4974 
1111 4944 3027 3025 4938 4945 3028 3026 4939 4997 4998 4999 3040 3041 4974 3036 4976 5000 5001 3042 4977 
1112 4945 3028 3026 4939 3126 872 871 3123 5000 5001 5002 3042 3043 4977 3038 4979 3144 3143 875 3137 
1113 2130 2129 2126 2127 4946 4944 4938 4940 2149 2148 5003 2146 4996 2142 4973 4980 5004 5005 4998 4981 
1114 4946 4944 4938 4940 4947 4945 4939 4941 5004 5005 5006 4998 4999 4981 4976 4983 5007 5008 5001 4984 
1115 4947 4945 4939 4941 3127 3126 3123 3124 5007 5008 5009 5001 5002 4984 4979 4986 3146 3145 3143 3139 
1116 2131 2130 2127 2128 4948 4946 4940 4942 2151 2150 5010 2148 5003 2144 4980 4987 5011 5012 5005 4988 
1117 4948 4946 4940 4942 4949 4947 4941 4943 5011 5012 5013 5005 5006 4988 4983 4990 5014 5015 5008 4991 
1118 4949 4947 4941 4943 3128 3127 3124 3125 5014 5015 5016 5008 5009 4991 4986 4993 3148 3147 3145 3141 
1119 378 2131 2128 379 2434 4948 4942 2436 2152 382 2440 2150 5010 2145 4987 2445 5017 2446 5012 4994 
1120 2434 4948 4942 2436 2435 4949 4943 2437 5017 2446 2442 5012 5013 4994 4990 2447 5018 2448 5015 4995 
1121 2435 4949 4943 2437 696 3128 3125 697 5018 2448 2444 5015 5016 4995 4993 2449 3149 700 3147 3142 
1122 571 45 554 2129 3102 862 3027 4944 573 2153 3104 558 864 2147 3039 4996 3109 5019 3044 4997 
1123 3102 862 3027 4944 3103 863 3028 4945 3109 5019 3106 3044 865 4997 3041 4999 3110 5020 3045 5000 
1124 3103 863 3028 4945 889 68 872 3126 3110 5020 3108 3045 866 5000 3043 5002 891 3150 876 3144 
1125 46 571 2129 2130 884 3102 4944 4946 572 2154 886 2153 3104 2149 4996 5003 3105 5021 5019 5004 
1126 884 3102 4944 4946 885 3103 4945 4947 3105 5021 887 5019 3106 5004 4999 5006 3107 5022 5020 5007 
1127 885 3103 4945 4947 69 889 3126 3127 3107 5022 888 5020 3108 5007 5002 5009 890 3151 3150 3146 
1128 574 46 2130 2131 3111 884 4946 4948 576 2155 3113 2154 886 2151 5003 5010 3118 5023 5021 5011 
1129 3111 884 4946 4948 3112 885 4947 4949 3118 5023 3115 5021 887 5011 5006 5013 3119 5024 5022 5014 
1130 3112 885 4947 4949 892 69 3127 3128 3119 5024 3117 5022 888 5014 5009 5016 894 3152 3151 3148 
1131 34 574 2131 378 691 3111 4948 2434 575 381 693 2155 3113 2152 5010 2440 3114 2441 5023 5017 
1132 691 3111 4948 2434 692 3112 4949 2435 3114 2441 694 5023 3115 5017 5013 2442 3116 2443 5024 5018 
1133 692 3112 4949 2435 57 892 3128 696 3116 2443 695 5024 3117 5018 5016 2444 893 699 3152 3149 
3 27 17 36
1134 2179 410 33 559 5025 2538 679 3079 2186 2185 5037 412 2542 562 681 3086 5038 5039 2543 3085 
1135 5025 2538 679 3079 5026 2539 680 3080 5038 5039 5040 2543 2544 3085 682 3088 5041 5042 2545 3087 
1136 5026 2539 680 3080 3176 728 56 877 5041 5042 5043 2545 2546 3087 683 3089 3183 3182 730 880 
1137 2180 2179 559 560 5027 5025 3079 3081 2188 2187 5044 2185 5037 563 3086 3091 5045 5046 5039 3090 
1138 5027 5025 3079 3081 5028 5026 3080 3082 5045 5046 5047 5039 5040 3090 3088 3093 5048 5049 5042 3092 
1139 5028 5026 3080 3082 3177 3176 877 878 5048 5049 5050 5042 5043 3092 3089 3094 3185 3184 3182 881 
1140 2181 2180 560 561 5029 5027 3081 3083 2190 2189 5051 2187 5044 564 3091 3096 5052 5053 5046 3095 
1141 5029 5027 3081 3083 5030 5028 3082 3084 5052 5053 5054 5046 5047 3095 3093 3098 5055 5056 5049 3097 
1142 5030 5028 3082 3084 3178 3177 878 879 5055 5056 5057 5049 5050 3097 3094 3099 3187 3186 3184 882 
1143 540 2181 561 44 2977 5029 3083 845 2191 543 2984 2189 5051 565 3096 847 5058 2989 5053 3100 
1144 2977 5029 3083 845 2978 5030 3084 846 5058 2989 2986 5053 5054 3100 3098 848 5059 2990 5056 3101 
1145 2978 5030 3084 846 858 3178 879 67 5059 2990 2988 5056 5057 3101 3099 849 3188 861 3186 883 
1146 2182 411 410 2179 5031 2540 2538 5025 2193 2192 5060 413 2547 2186 2542 5037 5061 5062 2548 5038 
1147 5031 2540 2538 5025 5032 2541 2539 5026 5061 5062 5063 2548 2549 5038 2544 5040 5064 5065 2550 5041 
1148 5032 2541 2539 5026 3179 729 728 3176 5064 5065 5066 2550 2551 5041 2546 5043 3190 3189 731 3183 
1149 2183 2182 2179 2180 5033 5031 5025 5027 2195 2194 5067 2192 5060 2188 5037 5044 5068 5069 5062 5045 
1150 5033 5031 5025 5027 5034 5032 5026 5028 5068 5069 5070 5062 5063 5045 5040 5047 5071 5072 5065 5048 
1151 5034 5032 5026 5028 3180 3179 3176 3177 5071 5072 5073 5065 5066 5048 5043 5050 3192 3191 3189 3185 
1152 2184 2183 2180 2181 5035 5033 5027 5029 2197 2196 5074 2194 5067 2190 5044 5051 5075 5076 5069 5052 
1153 5035 5033 5027 5029 5036 5034 5028 5030 5075 5076 5077 5069 5070 5052 5047 5054 5078 5079 5072 5055 
1154 5036 5034 5028 5030 3181 3180 3177 3178 5078 5079 5080 5072 5073 5055 5050 5057 3194 3193 3191 3187 
1155 539 2184 2181 540 2975 5035 5029 2977 2198 542 2979 2196 5074 2191 5051 2984 5081 2985 5076 5058 
1156 2975 5035 5029 2977 2976 5036 5030 2978 5081 2985 2981 5076 5077 5058 5054 2986 5082 2987 5079 5059 
1157 2976 5036 5030 2978 857 3181 3178 858 5082 2987 2983 5079 5080 5059 5057 2988 3195 860 3193 3188 
1158 577 36 411 2182 3153 716 2540 5031 580 2199 3160 414 718 2193 2547 5060 3159 5083 2552 5061 
1159 3153 716 2540 5031 3154 717 2541 5032 3159 5083 3162 2552 719 5061 2549 5063 3161 5084 2553 5064 
1160 3154 717 2541 5032 895 59 729 3179 3161 5084 3163 2553 720 5064 2551 5066 898 3196 732 3190 
1161 578 577 2182 2183 3155 3153 5031 5033 581 2200 3165 2199 3160 2195 5060 5067 3164 5085 5083 5068 
1162 3155 3153 5031 5033 3156 3154 5032 5034 3164 5085 3167 5083 3162 5068 5063 5070 3166 5086 5084 5071 
1163 3156 3154 5032 5034 896 895 3179 3180 3166 5086 3168 5084 3163 5071 5066 5073 899 3197 3196 3192 
1164 579 578 2183 2184 3157 3155 5033 5035 582 2201 3170 2200 3165 2197 5067 5074 3169 5087 5085 5075 
1165 3157 3155 5033 5035 3158 3156 5034 5036 3169 5087 3172 5085 3167 5075 5070 5077 3171 5088 5086 5078 
1166 3158 3156 5034 5036 897 896 3180 3181 3171 5088 3173 5086 3168 5078 5073 5080 900 3198 3197 3194 
1167 43 579 2184 539 828 3157 5035 2975 583 541 830 2201 3170 2198 5074 2979 3174 2980 5087 5081 
1168 828 3157 5035 2975 829 3158 5036 2976 3174 2980 831 5087 3172 5081 5077 2981 3175 2982 5088 5082 
1169 829 3158 5036 2976 66 897 3181 857 3175 2982 832 5088 3173 5082 5080 2983 901 859 3198 3195 
3 28 17 36
1170 2225 437 36 577 5089 2616 716 3153 2232 2231 5101 439 2620 580 718 3160 5102 5103 2621 3159 
1171 5089 2616 716 3153 5090 2617 717 3154 5102 5103 5104 2621 2622 3159 719 3162 5105 5106 2623 3161 
1172 5090 2617 717 3154 3222 755 59 895 5105 5106 5107 2623 2624 3161 720 3163 3229 3228 757 898 
1173 2226 2225 577 578 5091 5089 3153 3155 2234 2233 5108 2231 5101 581 3160 3165 5109 5110 5103 3164 
1174 5091 5089 3153 3155 5092 5090 3154 3156 5109 5110 5111 5103 5104 3164 3162 3167 5112 5113 5106 3166 
1175 5092 5090 3154 3156 3223 3222 895 896 5112 5113 5114 5106 5107 3166 3163 3168 3231 3230 3228 899 
1176 2227 2226 578 579 5093 5091 3155 3157 2236 2235 5115 2233 5108 582 3165 3170 5116 5117 5110 3169 
1177 5093 5091 3155 3157 5094 5092 3156 3158 5116 5117 5118 5110 5111 3169 3167 3172 5119 5120 5113 3171 
1178 5094 5092 3156 3158 3224 3223 896 897 5119 5120 5121 5113 5114 3171 3168 3173 3233 3232 3230 900 
1179 523 2227 579 43 2915 5093 3157 828 2237 526 2922 2235 5115 583 3170 830 5122 2927 5117 3174 
1180 2915 5093 3157 828 2916 5094 3158 829 5122 2927 2924 5117 5118 3174 3172 831 5123 2928 5120 3175 
1181 2916 5094 3158 829 841 3224 897 66 5123 2928 2926 5120 5121 3175 3173 832 3234 844 3232 901 
1182 2228 438 437 2225 5095 2618 2616 5089 2239 2238 5124 440 2625 2232 2620 5101 5125 5126 2626 5102 
1183 5095 2618 2616 5089 5096 2619 2617 5090 5125 5126 5127 2626 2627 5102 2622 5104 5128 5129 2628 5105 
1184 5096 2619 2617 5090 3225 756 755 3222 5128 5129 5130 2628 2629 5105 2624 5107 3236 3235 758 3229 
1185 2229 2228 2225 2226 5097 5095 5089 5091 2241 2240 5131 2238 5124 2234 5101 5108 5132 5133 5126 5109 
1186 5097 5095 5089 5091 5098 5096 5090 5092 5132 5133 5134 5126 5127 5109 5104 5111 5135 5136 5129 5112 
1187 5098 5096 5090 5092 3226 3225 3222 3223 5135 5136 5137 5129 5130 5112 5107 5114 3238 3237 3235 3231 
1188 2230 2229 2226 2227 5099 5097 5091 5093 2243 2242 5138 2240 5131 2236 5108 5115 5139 5140 5133 5116 
1189 5099 5097 5091 5093 5100 5098 5092 5094 5139 5140 5141 5133 5134 5116 5111 5118 5142 5143 5136 5119 
1190 5100 5098 5092 5094 3227 3226 3223 3224 5142 5143 5144 5136 5137 5119 5114 5121 3240 3239 3237 3233 
1191 522 2230 2227 523 2913 5099 5093 2915 2244 525 2917 2242 5138 2237 5115 2922 5145 2923 5140 5122 
1192 2913 5099 5093 2915 2914 5100 5094 2916 5145 2923 2919 5140 5141 5122 5118 2924 5146 2925 5143 5123 
1193 2914 5100 5094 2916 840 3227 3224 841 5146 2925 2921 5143 5144 5123 5121 2926 3241 843 3239 3234 
1194 584 38 438 2228 3199 743 2618 5095 587 2245 3206 441 745 2239 2625 5124 3205 5147 2630 5125 
1195 3199 743 2618 5095 3200 744 2619 5096 3205 5147 3208 2630 746 5125 2627 5127 3207 5148 2631 5128 
1196 3200 744 2619 5096 902 61 756 3225 3207 5148 3209 2631 747 5128 2629 5130 905 3242 759 3236 
1197 585 584 2228 2229 3201 3199 5095 5097 588 2246 3211 2245 3206 2241 5124 5131 3210 5149 5147 5132 
1198 3201 3199 5095 5097 3202 3200 5096 5098 3210 5149 3213 5147 3208 5132 5127 5134 3212 5150 5148 5135 
1199 3202 3200 5096 5098 903 902 3225 3226 3212 5150 3214 5148 3209 5135 5130 5137 906 3243 3242 3238 
1200 586 585 2229 2230 3203 3201 5097 5099 589 2247 3216 2246 3211 2243 5131 5138 3215 5151 5149 5139 
1201 3203 3201 5097 5099 3204 3202 5098 5100 3215 5151 3218 5149 3213 5139 5134 5141 3217 5152 5150 5142 
1202 3204 3202 5098 5100 904 903 3226 3227 3217 5152 3219 5150 3214 5142 5137 5144 907 3244 3243 3240 
1203 42 586 2230 522 816 3203 5099 2913 590 524 818 2247 3216 2244 5138 2917 3220 2918 5151 5145 
1204 816 3203 5099 2913 817 3204 5100 2914 3220 2918 819 5151 3218 5145 5141 2919 3221 2920 5152 5146 
1205 817 3204 5100 2914 65 904 3227 840 3221 2920 820 5152 3219 5146 5144 2921 908 842 3244 3241 
$EndElements
